Type,Floor Area,Address,Price,Currency,Description,Datetime,Furniture,Elevator,Location from the Street,Entrance,Lease Type,Minimum Rental Period,Prepayment,Utility Payments,Parking,Links,Construction Type
Industrial and Manufacturing,2500 sq.m.,Gegharkunik › Sevan,"$5,000",USD,"Производственное помещение со своими удобствами, производительными станками можно производить консервы варенье компоты",Nov-24-2022_22-29,,,,,,,,,,https://list.am/en/item/17632888,
Retail Space,450 sq.m.,"Ազատության փողոցի 4-րդ փակուղի 1, Գավառ","$130,000",USD,"The rent is AMD 500,000...Selling price $130,000...The total area is about 450 square meters...The internal height is about 4m...It is 50-60 cm above the ground...Price negotiable for cash...It is also possible to exchange with a car (in the size of the surface corresponding to the price of your car)With cadastre certificates, it is divided into 4 apartments of 80 square meters, the rest is a public shop.! BIG PROBLEM!Those who value 60-70 thousand cars at $130,000 should not call and be interested!Translated from Armenian",Nov-24-2022_22-29,,,,,,,,,,https://list.am/en/item/17924384,
Hotel,4500 sq.m.,Gegharkunik › Sevan,100 ֏,AMD,"An existing resort is for sale on the shore of Lake Sanaa, on the 5th km of the Sana-Chambarak highway, next to the Central Bank holiday house.The resort has a land of 4500 square meters, there are deluxe, semi-deluxe, standard cottages, pavilions, cafe, parking, gas, water, three-phase electricity. Has regular customers, is fully occupied during the holiday season.For details, call the mentioned phone number.Translated from Armenian",Nov-24-2022_22-29,Available,Not available,First Line,Common from the Street,Direct Lease,3 months,Without prepayment,By Agreement,,https://list.am/en/item/16286215,
Multifunctional Space,260 sq.m.,Gegharkunik › Martuni,$100,USD,"A two-storey commercial area is for rent in Martuni. Each floor is 130 square meters, has all the communal facilities, heating system, three-phase electricity. The area is expedient to use for office, commercial, banking and other similar structures. Price is negotiable.Translated from Armenian",Nov-24-2022_22-29,Available,Not available,First Line,Common from the Street,Direct Lease,3 months,By Agreement,Not included,,https://list.am/en/item/17722252,
Everything Else,25 sq.m.,"Nairyan Street, Sevan town","60,000 ֏",AMD,"For rent is located in the central part of the city of Sevan. There is a security system, it has all the utilities. It is renovated, it has a sunny side and a high ceiling. Can serve as a beauty salon, photo studio, office and specialized shop.Translated from Armenian",Nov-24-2022_22-29,,,,,,,,,,https://list.am/en/item/16788371,
Everything Else,300 sq.m.,"Nairyan Str., Sevan","100,000 ֏",AMD,Giny Пайманаграин. Срочно 2rd 3rd harkery. Arenda. Kentron tex. Mardashat tex.Stap.,Nov-24-2022_22-29,,,,,,,,,,https://list.am/en/item/12657149,
Retail Space,65 sq.m.,Gegharkunik › Sevan,"120,000 ֏",AMD,"Call for details, negotiableTranslated from Armenian",Nov-24-2022_22-29,,,,,,,,,,https://list.am/en/item/18029028,
Office Space,100 sq.m.,Gegharkunik › Sevan,"55,000 ֏",AMD,"Office space for rent, total area 100 sq. M. M. It can be used as an office as well as a warehouse. Address: C. Sevan, Griboyedov st. , sh. 12, apt. 35:00Translated from Armenian",Nov-24-2022_22-29,,,,,,,,,,https://list.am/en/item/18367828,
Multifunctional Space,700 sq.m.,Gegharkunik › Gavar,"490,000 ֏",AMD,"3-storey private housemultifunctionalsuitable for family hotel, kindergarten, development center, various business activities;It has an adjacent area of 25,000 m/sq. , an active Armenian tavern. It is located on the most accessible highway of Gavar.A carriage is also possibleTranslated from Armenian",Nov-24-2022_22-29,,,,,,,,,,https://list.am/en/item/17439701,
Multifunctional Space,1700 sq.m.,Gegharkunik › Gavar,"350,000 ֏",AMD,"Kinocomb multifunctional$250,000Translated from Armenian",Nov-24-2022_22-29,,,,,,,,,,https://list.am/en/item/17439668,
Retail Space,80 sq.m.,"Nairyan Str., Sevan","80,000 ֏",AMD,"Flower shop next to the entrance to Sevan next to the mourning hall, for details callTranslated from Armenian",Nov-24-2022_22-29,,,,,,,,,,https://list.am/en/item/17640521,
Retail Space,72 sq.m.,Gegharkunik › Sevan,"150,000 ֏",AMD,"A space for rent in the city of Sevan in front of VTB Bank, with all utilitiesTranslated from Armenian",Nov-24-2022_22-29,Not available,Not available,First Line,Common from the Street,Direct Lease,1 year,Without prepayment,By Agreement,,https://list.am/en/item/18236175,
Office Space,220 sq.m.,Gegharkunik › Sevan,"180,000 ֏",AMD,"In Svan town there is a good technical space for rent. The 2nd floor has only a common living room. It has a separate kitchen. Kitchen, bathroom, toilet area.Translated from Armenian",Nov-24-2022_22-29,,,,,,,,,,https://list.am/en/item/17724190,
Everything Else,50 sq.m.,Gegharkunik › Gavar,"600,000 ֏",AMD,"For rent, a storage room, a refrigerator, a refrigerator, providing up to -35° degrees. 2 separate rooms together. You can use large quantities of meat products for preserving fruits and vegetables. Is rented for at least 1 monthRefrigerator refrigeratorTranslated from Armenian",Nov-24-2022_22-29,Available,Not available,First Line,Separate from the Street,Direct Lease,6 months,Without prepayment,Included,,https://list.am/en/item/18111665,
Industrial and Manufacturing,2500 sq.m.,Gegharkunik › Sevan,"2,500,000 ֏",AMD,"Վարձակալության է տրվում գործարան իր բոլոր արտադրական սարքավորումներով, կայացած արտադրություն է, ունի արդեն 800 խանութ կա պայմանագրեր Ռուսաստանի, Եվրոպայիև Ամերիկայի հետ ։ Վաճառվում է կայացաց գործարան որե ունի արդեն 800 խանութ կա պայմանագրեր Ռուսաստանի, Եվրոպայիև Ամերիկայի հետ ։ Վաճառվում է կայացաց գործարան որե ունի արդեն 800 խանութ կա պայմանագրեր Ռուսաստանի, Եվ... Сдается в аренду фабрика со всем производственным оборудованием, это налаженное производство, у нее уже 800 магазинов, есть контракты с Россией, Европой и Америкой. Продается налаженная фабрика, которая уже имеет 800 магазинов и контракты с Россией, Европой и Америкой. Продается налаженная фабрика, в которой уже 800 магазинов, есть контракты с Россией, Европой... A factory with all production equipment is for rent, this is an established production, it already has 800 stores, there are contracts with Russia, Europe and America. An established factory is for sale, which already has 800 stores and contracts with Russia, Europe and America. A well-established factory is for sale, in which there are already 800 stores, there are contracts with Russia, Europe...",Nov-24-2022_22-29,,,,,,,,,,https://list.am/en/item/17632842,
Hotel,"15,000 sq.m.",Gegharkunik › Sevan,"70,000 ֏",AMD,"Տրվում է վարցակալության երկարաժամկետ կառավարման նորակառույց, շքեղ շինություն Դրախտիկում, էկո տարածք, ամենատաք ափը, Կապուտակ Սևան համալիրի հարևանությամբ) առկա է 20 առանձին սենյակ, հարմար է հյուրանոցի, Դեսպանատան, ՏՏ Ընկերությունների, ռեստորանի և այլ, ունի բոլոր հարմարոթյունները հանգիստը վայելելու համար, սկուտեռներ, կվադռոցիկլներ, կատեռ, կա լողավազան սաունա և այլի հարմարություններ ։ Сдаётся в для управления долгосрочной аренды, элитное здание в село Драхтик, Эко район, самое теплое побережье, рядом с комплексом Капутак Севан) Имеется 20 отдельных комнат, подходит для отелей, посольств, IТ-компаний, ресторанов и др. , есть все удобства для проживания и. Т. Д, скутеры, квадроциклы, катер, есть бассейн, сауна и другие удобства. An elite building for rent in Drakhtik, eco-district, the warmest coast, next to the Kaputak Sevan complex for rent under long-term lease management) suitable for hotels, embassies, IT companies, restaurants, etc. There is a swimming pool, sauna and other amenities.Translated from Armenian",Nov-24-2022_22-29,,,,,,,,,,https://list.am/en/item/18100645,
Office Space,21 sq.m.,"Nairyan Str., Sevan","49,000 ֏",AMD,"An office is for rent in Xi'an Municipality.It will be convenient for your own office, lawyer or similar activities.Internet is included in the priceThe property also has a fireproof safeDetails: Call for:Translated from Armenian",Nov-24-2022_22-29,Available,Not available,First Line,Common from the Street,Direct Lease,1 month,Without prepayment,Included,,https://list.am/en/item/17542442,
Functioning Business,"20,000 sq.m.",Gegharkunik › Shoghakat,"$1,200",USD,Привет друзья отдам в аренду прекрасный райский уголок для отдыха и бизнеса общая площадь 2-гектара на берегу имеется беседка паркинг для машин территория кругом огорожена сеткой есть ворота,Nov-24-2022_22-29,Not available,Not available,First Line,Common from the Street,Sublease,5 years,6 months,By Agreement,,https://list.am/en/item/18340738,
Retail Space,68 sq.m.,"Ա. Սեսմանուկյան փողոց 1, Վարդենիս","70,000 ֏",AMD,"Suitable for all types of business. The building is newly renovated. It has all the amenities. Arkogh, located near the polyclinic. Price is negotiable.Translated from Armenian",Nov-24-2022_22-29,,,,,,,,,,https://list.am/en/item/17302763,
Multifunctional Space,"15,000 sq.m.",Gegharkunik › Sevan,"70,000 ֏",AMD,"Հանձվում է կառավարման Գեղեցիկ հյուրատուն, իր տարացքով, բազմաֆունկցիոնալ գույք Սևանում, 15000հա տարածք ունի բոլոր հարմարությունները Ռեստորան, լողավազան, սաունա բոլոր հարմարությունները, անվտանգության համակարգ, հզոր ինտերնետ, կարող է ծառայել դեսպանատան համար, ՏՏ ոլորտի, հյուրանոց, այս տարածքը գտնվում է էկոլոգւպես մաքուր վայրում, հագեցած բոլոր տեխնիկայով, պրոֆեսիոնալ սարքավորումմերով, խոհանոցով, Բուխարիկ, Թոնիր։ եռաֆազ հոսանք Здается в аренду Красивый дом, апартамент, многофункциаеальное недвижомость на Севане, площадь15000га есть все удобсва Ресторан, Басеин, Сауна все удобства, система безопасности, мощный интернет, Может служить для посольства, IT Сектор, гостиница, это територрия насыщена всеми оборудованиями, професианальная кухня, а так же Бухарик, Тонир. Трехфазовая электричество For rent Beautiful house, apartment, multi-functional property in Sevan, area 15000ha has all the amenities Restaurant, Pool, Sauna all amenities, security system, powerful internet, Can serve for the embassy, IT Sector, hotel, this area is full of all equipments, professional kitchen, as well as Bukharik, Tonir. Three-phase electricity",Nov-24-2022_22-29,,,,,,,,,,https://list.am/en/item/18148568,
Retail Space,200 sq.m.,"Nairyan Str., Sevan","100,000 ֏",AMD,"Commercial or office space is for rent on the main road of Xian city, on the ground floor of a new building, capitally renovated.Translated from Armenian",Nov-24-2022_22-29,,,,,,,,,,https://list.am/en/item/13132477,
Office Space,100 sq.m.,"Nairyan Str., Sevan","120,000 ֏",AMD,"Commercial area is for rent on the main road of Shan with all communal facilities, newly built 100 square meters.Translated from Armenian",Nov-24-2022_22-29,,,,,,,,,,https://list.am/en/item/15476255,
Multifunctional Space,416 sq.m.,"Khaghagutyan street, Sevan town","400,000 ֏",AMD,"City A building is for rent in Sjan, which you can use for commercial, office or other business purposes, at 27 Peace Street. The 1st floor has a high ceiling, big windows, it is projecting, it has 2 entrance doors, there is two-phase electricity. For details, call the listed phone numbers or write Viber / Telegram.Only those with real intentions will callSearch Keywords:Building, area, business, office space, shop, supermarketTranslated from Armenian",Nov-24-2022_22-29,,,,,,,,,,https://list.am/en/item/17580364,
Functioning Business,30 sq.m.,"Улица Бошнагян 17, Гавар","$6,000",USD,Кабелагорцнери фохоц ашхатох ханут наев фоханакум ем афтои ет,Nov-24-2022_22-29,,,,,,,,,,https://list.am/en/item/17976180,
Office Space,60 sq.m.,Gegharkunik › Vardenis,"100,000 ֏",AMD,"An area is for rent on the central street, it is suitable for office and commercial activities. If you have any questions, call or write.Translated from Armenian",Nov-24-2022_22-29,,,,,,,,,,https://list.am/en/item/16826743,
Retail Space,40 sq.m.,"Nalbandyan street, Sevan town","50,000 ֏",AMD,"For sale or rent, inside the store there is three-phase electricity, toilet, separate roomInside are product displaysTranslated from Armenian",Nov-24-2022_22-29,,,,,,,,,,https://list.am/en/item/16842151,
Industrial and Manufacturing,800 sq.m.,Gegharkunik › Tsovagyugh,$100,USD,Basins are provided free of charge. Fish farming is provided free of chargeTranslated from Armenian,Nov-24-2022_22-29,,,,,,,,,,https://list.am/en/item/17644771,
Hotel,100 sq.m.,Gegharkunik › Sevan,"35,000 ֏",AMD,"Sevanum qotej sevan We invite you to spend an unforgettable vacation in Sevan. We have comfortable and affordable cottages.Rent a Cottage for only 35,000 AMD for 10 people.Provided with utilities.*Toner*Barbecuing* Kitchen utensils*Clean linen* Barbecue skewer*Separate kitchen* WI-FI:CallTranslated from Armenian",Nov-24-2022_22-29,,,,,,,,,,https://list.am/en/item/17205580,
Office Space,20 sq.m.,"Nairyan Str., Sevan","50,000 ֏",AMD,Premises for rent. In the city of Sevan. Next to Shuka Post Office... On Central Street.Translated from Armenian,Nov-24-2022_22-29,,,,,,,,,,https://list.am/en/item/18010372,
Industrial and Manufacturing,600 sq.m.,Gegharkunik › Gavar,"600,000 ֏",AMD,It is for rent or sale. Price is negotiable.Translated from Armenian,Nov-24-2022_22-29,Not available,Not available,First Line,Common from the Street,Direct Lease,5 years,6 months,Included,"COvered parking, garage",https://list.am/en/item/16850075,
Everything Else,80 sq.m.,"Nairyan Street, Sevan town","200,000 ֏",AMD,The area is for rent on a contract basisNairyan street 181/16 in Sean cityCommercial real estate of 80 square meters has a basement and garage that can be used as a warehouse.It is possible to sell.Translated from Armenian,Nov-24-2022_22-29,,,,,,,,,,https://list.am/en/item/17174709,
Retail Space,67 sq.m.,"Մյասնիկյան փողոց 66, Մարտունի","130,000 ֏",AMD,"The area is located in the city of Martuni, near the market, on a busy street. It is suitable for office and commercial activities. There is water, gas, electricity, and a bathroom. The area is renovated.Translated from Armenian",Nov-24-2022_22-29,,,,,,,,,,https://list.am/en/item/18122422,
Retail Space,100 sq.m.,"Դեմիրճյան փողոց 4/3, Սևան","$64,000",USD,"A commercial space is for sale URGENTLY in the center of Sevan city.It has two separate entrances and can be converted into two separate shops. It also has a lounge and two bathrooms. Partial sale is also possible.Negotiable, ONLY real buyers call.Translated from Armenian",Dec-12-2022_20-35,By agreement,Not available,First Line,Common from the Street,,,,,,https://list.am/en/item/18712983,Stone
Multifunctional Space,1400 sq.m.,Gegharkunik › Martuni,"$180,000",USD,"Կոդ՝ D-12697Վաճառվում է 2 հարկանի կոմերցիոն տարածք Մարտունիում: Տարածքը կապիտալ վերանորոգված է, առաջին գիծ: Մուտքի դուռը՝ երկաթյա, պատուհանները՝ եվրո, հատակը՝ մանրահատակ, սալիկապատ: Սանհանգույցը՝ սալիկապատ, էլ. Լարերը և խողովակները՝ փոխված: Ունի մշտական ջուր և գազ, ջեռուցման համակարգ:Գործակալության միջնորդավճարը կազմում է 2 %: Ցուցադրությունների համար կնքվում է ցուցադրման պայմանագիր։ Խնդրում ենք Ձեզ մոտ ունենալ անձը հաստատող փաստաթուղթ։2-storey commercial area for sale in Martuni. The area is newly renovated and is stationed in the 1st line. The entrance door is iron-made, the windows are euro-based, the floor is covered by parquet and is tiled. The bathroom is tiled, the electric wires and pipes are newly changed. The area has a heating system and is supplied with constant water and gas.The commission of the Real Estate Agency is 2%. For showing the real estate, a contract is signed. Please have a passport, ID or driving-license with You.",Dec-12-2022_20-35,By agreement,Not available,First Line,Separate from the Street,,,,,,https://list.am/en/item/16658805,Stone
Multifunctional Space,300 sq.m.,Gegharkunik › Vardenis,"$360,000",USD,"Code T250:2-storey commercial area is for sale in Vardenis. The total area is 300 square meters (its own floor is 150 square meters) The area is fully renovated. On the 1st floor there is a food court, where there is a kitchen, a barbecue, a bathroom. On the 2nd floor there is an entrance hall, an office room, a beauty salon, a sewing workshop, a kitchen and a bathroom. The building has an open parking lot. The area has been an operating business for 20 years. Suitable for any activity.1 sq. M.-$ 1200Code T-250Translated from Armenian",Dec-12-2022_20-35,Available,Not available,First Line,Separate from the Street,,,,,,https://list.am/en/item/16713661,Stone
Multifunctional Space,4523 sq.m.,Gegharkunik › Vardenis,"$110,000",USD,"Code T249:2-storey commercial area is for sale in Vardenis. The total area is 4523 square meters, and the building area is 2643 square meters. The area needs renovation. There is gas, water, light, three-phase electricity. There are residential buildings nearby. Suitable for building, hotel, restaurant.Code T-249Translated from Armenian",Dec-12-2022_20-35,Not available,Not available,Other,Separate from the Street,,,,,,https://list.am/en/item/16710421,Stone
Agricultural Space,196 sq.m.,Gegharkunik › Vaghashen,"$15,000",USD,Нахкин бахникАрцери депкум зангел196 кв. М. Жилой,Dec-12-2022_20-35,Not available,Not available,Other,Separate from the Street,,,,,,https://list.am/en/item/17636239,Stone
Agricultural Space,"10,000 sq.m.","Վարդենիսի փողոց, Տորֆավան","$185,000",USD,"Existing business land. 10 hectares. The land is located on the bank of Masrik river, it is possible to cultivate everything. The soil is of high quality (slippery, peat) It has an irrigation system (about 5-6 km of 6-inch iron pipes, a separate power plant, a transformer, 2 pumps of 55 kW. Drainage system. Potatoes and grain have been cultivated before. It has a guard post and a storage of 12x12 meters.The price includes equipment for potato cultivation: Cover, sprayer, etc. If processed well, the mentioned price can be removed in 2-3 years.ONLY REAL BUYERS CALL!NOT FOR RENT!10 hectaresTranslated from Armenian",Dec-12-2022_20-35,,,,,,,,,,https://list.am/en/item/17602773,Stone
Everything Else,7 sq.m.,"Grigor Lusavorich street 2, Gavar boundary","180,000 ֏",AMD,A small house is for sale. It is in normal condition.Translated from Armenian,Dec-12-2022_20-35,Not available,Not available,Other,Separate from the Courtyard,,,,,,https://list.am/en/item/17963492,Wooden
Multifunctional Space,90 sq.m.,"Nairyan Street, Sevan town","$50,000",USD,It is possible to call the Viber number for long-term rentTranslated from Armenian,Dec-12-2022_20-35,By agreement,Not available,First Line,Common from the Street,,,,,,https://list.am/en/item/18190876,Stone
Functioning Business,818 sq.m.,Gegharkunik › Chambarak,"13,500,000 ֏",AMD,"We are urgently selling a one-story country house in a park village with all utilities, if desired, we will leave the entire property to the beloved buyer.This country house is a ready-made business plan for operating a ""GUESTHOUSE"". For viewing or other questions, you can call the specified number at any time of the day.Translated from Armenian",Dec-12-2022_20-35,Available,Not available,First Line,Separate from the Street,,,,,"Outdoor parking, covered parking, garage",https://list.am/en/item/18669592,Stone
Functioning Business,100 sq.m.,Gegharkunik › Sevan,"$65,000",USD,"Urgent sale in the center of Sevan city. Two separate entrances, it is possible to make 2 shops, it also has a rest room and 2 bathrooms. Be very quick. Negotiable. Only real buyers should callTranslated from Armenian",Dec-12-2022_20-35,,,,,,,,,,https://list.am/en/item/18519893,Stone
Retail Space,60 sq.m.,Gegharkunik › Martuni,"$56,000",USD,"The area is located in the central part, with all utilities, if you have any questions, please call. It is also available for rent.Translated from Armenian",Dec-12-2022_20-35,Not available,Not available,First Line,Common from the Street,,,,,,https://list.am/en/item/18091833,Monolith
Retail Space,100 sq.m.,"Սարգիս Սևանեցու փողոց 7, Սևան","$60,000",USD,"All utilities are available, price is negotiableTranslated from Armenian",Dec-12-2022_20-35,Not available,Not available,First Line,Common from the Street,,,,,Outdoor parking,https://list.am/en/item/17539116,Monolith
Industrial and Manufacturing,5000 sq.m.,"Roman street 9, Vardenis","$100,000",USD,"Industrial area for sale or rent in the center of VardenisSuitable for any productionIn the center of VardenisConstant water, natural gas, three-phase electricityTranslated from Armenian",Dec-12-2022_20-35,,,,,,,,,,https://list.am/en/item/17488719,Stone
Industrial and Manufacturing,600 sq.m.,Gegharkunik › Gavar,"$70,000",USD,Price is negotiable.Translated from Armenian,Dec-12-2022_20-35,,,,,,,,,,https://list.am/en/item/17397626,Stone
Functioning Business,360 sq.m.,Gegharkunik › Vardenik,$500,USD,"Very urgently!A commercial space is for sale in the center of Vardenk at a very affordable market price. The roof is completely renovated, the windows are European-made, it has no interior decoration. Only interior decoration is required. It is possible to build a residential building.It is possible to pay in installments. Call for the price is indicated incorrectlyPlease call viber for more details.Please call only real buyersTranslated from Armenian",Dec-12-2022_20-35,Not available,Not available,Other,Separate from the Street,,,,,,https://list.am/en/item/17171570,Stone
Functioning Business,35 sq.m.,"Գայի փողոց 81, Գագարին","$8,000",USD,"The cover is for sale with everything in aluminum letters. With honor. The sheet metal cover is in new condition. For details, call HurryupTranslated from Armenian",Dec-12-2022_20-35,Not available,Available,First Line,Common from the Street,,,,,Outdoor parking,https://list.am/en/item/18688708,Cassette
Retail Space,48 sq.m.,Gegharkunik › Jil,"$32,000",USD,"There is no ""nisya"" in the store for more than 1 year.An existing business with its property and 5 million goods is for sale. The village of Shoghakat community in Jhil, near the coast (2km), the business has been operating for 20 years, the building is newly built. Business brings stable income.Price negotiableExchange is possible.7 million debt notes are given as a bonus)Translated from Armenian",Dec-12-2022_20-35,Available,Not available,First Line,Common from the Street,,,,,,https://list.am/en/item/16271961,Stone
Agricultural Space,290 sq.m.,Gegharkunik › Areguni,"$17,000",USD,"Very urgent, much cheaper than the real price. A house and a newly built cattle ranch are for sale in the village of Areguni in the Gegharkunik region. The barn is next to the house, the sides of the house are completely covered with big fruit trees, there are all favorable conditions for living. The house and cattle ranch are owned. It is for sale very urgently. Only real buyers should call.Very urgentlyTranslated from Armenian",Dec-12-2022_20-35,Available,Not available,Second Line,Common from the Street,,,,,Outdoor parking,https://list.am/en/item/17698837,Panels
Everything Else,76 sq.m.,Gegharkunik › Sevan,"$12,000",USD,"A comfortable area is for sale in Shorzha, under the stone building closest to Lake Shana. 76.7 sq. M. Area, with high ceilings, high windows, partially renovated. Can be used as a living space, shop or other workshop.Translated from Armenian",Dec-12-2022_20-35,Not available,Not available,Other,Common from the Courtyard,,,,,,https://list.am/en/item/17614661,Stone
Multifunctional Space,500 sq.m.,"Նաիրյան փողոց 1, Սևան","$50,000",USD,"Վաճառվում է կոմեռցիոն տարածք Սևան քաղաքի ամենաբանուկ հատվածումՆախկին զիմ զավոդի հարևանությամբ ՝ քաղաքապետարանի հարևանությամբՀարմար է ցանկացած բիզնես գործունեության համար ՝Գինը պայմանագրային ։Հարցերի և առաչարկների համար զանգահարեք շատ շտապCommercial space for sale in the busiest part of Sevan cityNext to the former winter factorySuitable for any business activityThe price is negotiable.For questions and comments, call at your earliest convenienceПродается коммерческое помещение в оживленной части города СеванРядом с бывшим зимним заводомПодходит для любой коммерческой деятельностиЦена договорная.По вопросам и комментариям звоните в ближайшее время",Dec-12-2022_20-35,,,,,,,,,,https://list.am/en/item/18526244,Stone
Multifunctional Space,400 sq.m.,"Azatutyan Avenue, Yerevan","$95,000",USD,"Commercial area of 400 sq. M. Is for sale. In the center of Gavar city, 1st line is suitable for any kind of activity.It is for rent for 250,000 dramsPartial rejection is possibleTranslated from Armenian",Dec-12-2022_20-35,Not available,Not available,First Line,Separate from the Street,,,,,,https://list.am/en/item/17241207,Cassette
Retail Space,327 sq.m.,Gegharkunik › Sevan,"$70,000",USD,"Urgent! Commercial area Located in the city of Sean, 327 square meters, European windows, high ceilings. There is Luys, Water, gas pipe nearby: 110 sq. M. Renovated, there is a car spare parts shop. 3 separate entrances, which allows you to divide into parts and carry out a separate business in each part. Gas station, car wash, khodovik, vulcanization are nearby. Great place to do business in the automotive industry. Price is negotiableTranslated from Armenian",Dec-12-2022_20-35,Not available,Not available,First Line,Common from the Street,,,,,Outdoor parking,https://list.am/en/item/17524963,Stone
Hotel,2500 sq.m.,"Sevani street, Yerevan","$2,800,000",USD,"A 4-storey hotel complex is for sale. On the shore of Lake Sevan, it has all utilities. It has its own beach. A spacious yard.The complete buildings are ready, the works inside are unfinished.Separate buildings:Guard houselaundry roomthe boiler houseI will listen to offers for possible exchange.Translated from Armenian",Dec-12-2022_20-35,Not available,Not available,Other,Common from the Courtyard,,,,,,https://list.am/en/item/18378329,Panels
Office Space,60 sq.m.,"Azgaldyan street 3, Vardenis","$15,000",USD,"Գտնվում է Վարդենիս քաղաքի կենտրոնական զբոսայգու տարածքում։Կարելի է օգտագործել որպես օֆիս կամ մանկական սրճարան, տարածքը հարմար է կարուսելներ տեղադրելու համար։Դիմացը կա ջրավազան, որը նորոգման կարիք ունի։Կողքից կա ազատ տարածք ընդլայլելու մեծացնելու համար։Ունի հիմնանորոգման կարիք։Կա ջուր ու հոսանք, գազը մոտ է։Շատ հարմար է նաև երիտասարդական կենտրո. Ն կառուցելու համար, որի կարիքը Վարդենիսը շատ ունի։Սեփականություն է ։ Սակարկելի",Dec-12-2022_20-35,,,,,,,,,,https://list.am/en/item/11942615,Stone
Retail Space,300 sq.m.,"Garegin Nzhdeh Street, Yerevan","$21,000",USD,"Urgently for sale shop, negotiableTranslated from Armenian",Dec-12-2022_20-35,Available,Not available,First Line,Common from the Street,,,,,Outdoor parking,https://list.am/en/item/17724959,Stone
Retail Space,9 sq.m.,"Azatutyan Avenue 2nd Lane 24, Yerevan","300,000 ֏",AMD,"It is in good conditionDimensions 2.60 m - 3 mThe inside has been repaired, it is thermally insulated.It can work as a hairdressing salon, shop or for other purposes.Translated from Armenian",Dec-12-2022_20-35,Not available,Not available,Other,Separate from the Courtyard,,,,,,https://list.am/en/item/17722907,Cassette
Building,235 sq.m.,Gegharkunik › Martuni,"$60,000",USD,"Commercial space for sale or rent in Martuni, on Shahumyan street, Martuni-Geghovit road, first line. The building is 235 square meters, there is also a free plot of land behind it. It is suitable for various purposes. The price is negotiable. For detailed information, call the indicated phone number.Translated from Armenian",Dec-12-2022_20-35,Not available,Not available,First Line,Separate from the Street,,,,,,https://list.am/en/item/17816513,Stone
Retail Space,150 sq.m.,Gegharkunik › Gavar,"$60,000",USD,"Urgent commercial area for sale in Gavar, with all communal amenities, also for rentMashtorg century.Translated from Armenian",Dec-12-2022_20-35,Not available,Not available,First Line,Separate from the Street,,,,,,https://list.am/en/item/17531198,Stone
Hotel,2800 sq.m.,"1-ին փողոց, Չկալովկա","$135,000",USD,"In Chkalaovka community of Sevan-Gavar highway, about 50m from Lake Sevan, a land of 2800 square meters is for sale with ownership rights, 1400 square meters (4 units of 8 spaces, 1 unit of 30 spaces) and 3 deluxe hotel rooms, the remaining 1400 square meters can be used for any activity. The object is sold together with the entire property. It is also possible to exchange (for an apartment or a car with an additional fee from you)Translated from Armenian",Dec-12-2022_20-35,Available,Not available,Other,Separate from the Street,,,,,Outdoor parking,https://list.am/en/item/18214698,Stone
Building,130 sq.m.,"Nairyan Street, Sevan town","$90,000",USD,A 130 square meter space on the second floor of a two-story building is for saleTranslated from Armenian,Dec-12-2022_20-35,Not available,Not available,First Line,Separate from the Courtyard,,,,,,https://list.am/en/item/18190098,Stone
Building,310 sq.m.,"Կամո Շահինյան փողոց 77, Վարդենիկ","$50,000",USD,"Продаётся участок в районе Варденик. Крыша отремонтирована, окна в европеийском стиле, не имеет внутреннего ремонта. Имеет большой подвал. Вам нужно будет отремонтировать внутри участня: Даже есть возможность создать жительское здание. В случая покупки можете деньги отдавать по частям.Просим звонить только реальным покупателям. Շուկայական արժեքից շատ մատչելի վաճառվում է կոմերցիոն տարածք Վարդենկի կենտրոնում։Տանիքը ամբողջությամբ վերանորոգված է, պատուհանները եվրոպական արտադրության են, չունի ներքին հարդարում։Հարկավոր է ընդամենը ներքին հարդարանք։ Հնարավոր է սարքել բնակելի շինություն։Հնարավոր է մաս-մաս վճարում։",Dec-12-2022_20-36,Not available,Not available,First Line,Separate from the Street,,,,,,https://list.am/en/item/17483790,Stone
Building,1620 sq.m.,Gegharkunik › Shoghakat,"10,000,000 ֏",AMD,"A private house is for sale on the shore of Xi'an, which can be used as a recreation area. The private house is located in the center of the land, it has an entrance from both sides, cottages or buildings can be placed on the land.The house is provided with constant water, gas and electricity. Partial sale or exchange with the car is possible with your surcharge.Translated from Armenian",Dec-12-2022_20-36,Available,Not available,Second Line,Separate from the Street,,,,,,https://list.am/en/item/17470938,Stone
Functioning Business,4500 sq.m.,Gegharkunik › Sevan,"$74,000",USD,"Exchange. Urgent sale of an existing resort on the shores of Lake Sevan, on the 5th km of the Sevan-Chambarak highway, next to the Central Bank vacation house. The resort has 4500 square meters of land with standard, semi-deluxe and deluxe cottages, an open-air cafe, and a playground. The resort is provided with constant water, three-phase electricity and gas. Has a regular clientele, is fully booked during the holiday season. Has a capital construction permit.The price is negotiable, exchange with an apartment is possible.Urgent sale at an unprecedented low price. NegotiableTranslated from Armenian",Dec-12-2022_20-36,Available,Not available,First Line,Common from the Street,,,,,,https://list.am/en/item/17873601,Wooden
Everything Else,132 sq.m.,"Улица Наирян, Севан","$13,000",USD,"На 2 этаже, 132 кв. МНаиряна 62,улица.Уместен Торг.",Dec-12-2022_20-36,Not available,Not available,First Line,Common from the Street,,,,,,https://list.am/en/item/18399956,Stone
Multifunctional Space,1200 sq.m.,Gegharkunik › Martuni,"$400,000",USD,Продам участок в самом центре города возле здания администрации 1200м2 на котором находится здание 150м2 (гаражи + автомойка + офис),Dec-12-2022_20-36,,,,,,,,,,https://list.am/en/item/18190771,Stone
Everything Else,6 sq.m.,Gegharkunik › Chambarak,"600,000 ֏",AMD,"Euro Pavilion,Dimensions: 180*320 cm, height 200 cm.Used as a draft beer station,For more information call:Booth, Kiosk, Pavilion, DomeTranslated from Armenian",Dec-12-2022_20-36,,,,,,,,,,https://list.am/en/item/18393376,Cassette
Agricultural Space,1183 sq.m.,Gegharkunik › Gavar,"$40,000",USD,"Livestock farm for sale URGENTLY in Gavar city (Azatutyun str. #1 warehouse building) It is very suitable for carrying out any animal husbandry activity. A large water yard has also been installed, three-phase electricity has been installed, all communications are working flawlessly.Translated from Armenian",Dec-12-2022_20-36,Not available,Not available,Second Line,Separate from the Courtyard,,,,,,https://list.am/en/item/18087677,Stone
Retail Space,110 sq.m.,Gegharkunik › Sevan,"$56,000",USD,"It is located next to the church of San city, on the ground floor of a 5-storey stone building. There are 2 big halls, a storage area, a working room, a bathroom, a heating system, the floor is tiled, it is provided with gas and water.Translated from Armenian",Dec-12-2022_20-36,By agreement,Not available,First Line,Common from the Street,,,,,,https://list.am/en/item/16486490,Stone
Building,1000 sq.m.,"Շահումյան փողոց, Վարդենիս","$30,000",USD,"Two-storey building - a building with its adjacent area is for sale or rent, the area of the building is 300 square meters. It is provided with constant water, gas and electricity. There are 4 rooms on the first floor, 5 on the second floor. It is located on the main road leading to Akunk village, at 10 Shahumyan Street.Translated from Armenian",Dec-12-2022_20-36,Available,Not available,First Line,Separate from the Street,,,,,,https://list.am/en/item/16480414,Stone
Warehouse,94 sq.m.,Gegharkunik › Gavar,"$9,000",USD,"A plot of land in the city of Gavar is for sale. With a total area of 94 square meters, on the first floor of the 2nd building of the 2nd cul-de-sac of Azatutyan, with a separate entrance, it has an iron door. It is suitable for both apartment and commercial premises. Unrepaired.Translated from Armenian",Dec-12-2022_20-36,Not available,Not available,First Line,Separate from the Street,,,,,,https://list.am/en/item/18691057,Stone
Everything Else,16 sq.m.,"Yerevanyan St, Martuni","750,000 ֏",AMD,"Movable hut in good condition, hut boutique negotiableTranslated from Armenian",Dec-12-2022_20-36,Not available,Not available,Other,Separate from the Street,,,,,,https://list.am/en/item/15626941,Wooden
Functioning Business,1500 sq.m.,Gegharkunik › Sevan,"$350,000",USD,"ENGINEERING:Gas station, Gas station, Car wash, Lubrication point, CafeAGNKS ENGINEERING:Translated from Armenian",Dec-12-2022_20-36,Not available,Not available,First Line,Common from the Street,,,,,,https://list.am/en/item/15956323,Stone
Retail Space,120 sq.m.,Gegharkunik › Geghamavan,"$8,000",USD,The shop is gasified and located in the center of GekhamavanTranslated from Armenian,Dec-12-2022_20-36,Not available,Not available,First Line,Common from the Street,,,,,,https://list.am/en/item/17944062,Stone
Multifunctional Space,85 sq.m.,"Nairyan Street, Sevan town","$42,000",USD,"A commercial space is for sale on the 1st floor of a 5-story stone building, which is located in the square (garage) district, right next to the church. Available: Gas, water, electricity. It also has a back entrance, a bathroom.Translated from Armenian",Dec-12-2022_20-36,,,,,,,,,,https://list.am/en/item/18416500,Stone
Functioning Business,"10,000 sq.m.",Gegharkunik › Sevan,"$1,300,000",USD,"Recreation area for sale in Syan with its cottages, it is a functioning business, the total land is 20,000 square meters, it has 6 two-storey private houses with communal facilities, a separate beach. Call for details.Translated from Armenian",Dec-12-2022_20-36,Available,Not available,Second Line,Separate from the Street,,,,,,https://list.am/en/item/16631156,Stone
Retail Space,70 sq.m.,"Улица Налбандяна 45, Севан","$35,000",USD,"Помещение находится на улице Налбандяна -45, на первом этаже пятиэтажного каменного жилого дома: Торговый зал -55, офис -10, санузел -2, склад -3, фасад -15 м, смотрит на юг...",Dec-12-2022_20-36,Partial Furniture,Not available,First Line,Separate from the Street,,,,,Outdoor parking,https://list.am/en/item/14243205,Stone
Industrial and Manufacturing,200 sq.m.,Gegharkunik › Gavar,"$13,000",USD,"It is a bread factory, located in c. Near Gavar HAYBUSINESS BANK.Translated from Armenian",Dec-12-2022_20-36,Not available,Not available,First Line,Common from the Street,,,,,,https://list.am/en/item/18164307,Stone
Agricultural Space,2500 sq.m.,Gegharkunik › Vardenis,"$12,000",USD,Agricultural real estateCattle barn 140 m2The roof is newly repairedInside concreteCottage 2 roomsLand area 2500 m2Translated from Armenian,Dec-12-2022_20-36,,,,,,,,,,https://list.am/en/item/17706272,Stone
Retail Space,9 sq.m.,Gegharkunik › Sevan,"$27,000",USD,Находиться в самом центре города Севана. Удобно для любого бизнеса. Очень хорошое место. Улица Горцаранаин2/64,Dec-12-2022_20-36,,,,,,,,,,https://list.am/en/item/18468750,Stone
Retail Space,80 sq.m.,"Nairyan Street, Sevan town","$58,000",USD,"The first line on the central street in Xi'an is for sale. Nairyan street. Newly renovated, has a basement, a garage with its own plot, security cameras, long-term rent, exchange with a car for an additional fee.Translated from Armenian",Dec-12-2022_20-36,Not available,Not available,Other,Separate from the Street,,,,,,https://list.am/en/item/17123261,Stone
Hotel,2800 sq.m.,Gegharkunik › Sevan,"$135,000",USD,"About 50m from Lake Sevan, a 2,800 square meter plot of land is for sale with a 1,400 square meter operating restaurant (4 rooms with 8 seats, 1 room with 30 seats) and 3 deluxe hotel rooms, the remaining 1,400 square meters can be used for any activity. The object is sold together with the entire property. The object is active. An exchange is also possible (for an apartment or a car at an additional cost on your part)Code 1100338Translated from Armenian",Dec-12-2022_20-36,Available,Available,Other,Common from the Street,,,,,,https://list.am/en/item/18302882,Stone
Agricultural Space,"15,000 sq.m.",Gegharkunik › Chambarak,"$25,000",USD,"The farm Anasnagoom is located at the beginning of the city camp. It is 120 km from Yerevan to Chambarak. The farm has electricity, drinking water and irrigation water. The building is 670 square meters. The roof is suitable for storing hay. There are walls attached to the farm. The farm kept cows, sheep and bullsTranslated from Armenian",Dec-12-2022_20-36,,,,,,,,,,https://list.am/en/item/18088007,Stone
Hotel,"17,300 sq.m.","Sevani street, Yerevan",$670,USD,"A four-story hotel on 17,300 square meters of land is for sale! With brilliant architectural solutions and a fantastic view right on the coast of Sevan with its beach! The area is home to the famous Ashot Yerkat fortress (7-9 century), burial ground, and the ancestral church! All communications, gas, electricity, water, internet are available! Interior finishing works.A boiler house, a laundry room, a storage room, a guard house, a power station are built in the yard. A large plot of land with a swimming pool. Tennis court. Possibility to build a football field. The cost of 1 square meter of the building is indicated! 2250 square meter building construction!Translated from Armenian",Dec-12-2022_20-36,Not available,Available,Second Line,Separate from the Street,,,,,,https://list.am/en/item/18350060,Stone
Building,631 sq.m.,Gegharkunik › Lchap,"$28,500",USD,"Продам помещение в селе Лчап. 630 м2 здание, высота 3,3 метра. Земельный участок 2400 м2. Также рассмотрю варианты обмена. Возможно сдача в аренду.Рассмотрю обмен на авто с вашей или моей доплатой.",Dec-12-2022_20-36,Not available,Not available,First Line,Separate from the Street,,,,,,https://list.am/en/item/18012036,Stone
Industrial and Manufacturing,"20,000 sq.m.",Gegharkunik › Gavar,"$400,000",USD,"Former Gavar cheese factory 40,000 m2, electricity with its own substation, drinking water and deep water, sred gas, has a building of 7000 m2, total area 4 hectares, has a dairy factory, 2 barns 1200 meters, has a mushroom factory 600 m2, has a cannery 600 m2, Has a bakery, has warehouses, has a red sand mine, has 15 hectares of arable landTOTAL AREA 4 HECTARES#Panri zavod, #panri gorcaran, #panri artadramas #panragorcaran:Translated from Armenian",Dec-12-2022_20-36,,,,,,,,,,https://list.am/en/item/16314696,Stone
Everything Else,1050 sq.m.,Gegharkunik › Sevan,"$70,000",USD,"Q. With this (service) resurrection. The land is 1050 square meters, one building is 126 square meters on 9 ""14, the other is 108 square meters on 6"" 18 square meters...: Negotiable!Translated from Armenian",Dec-12-2022_20-36,Not available,Not available,First Line,Common from the Street,,,,,,https://list.am/en/item/16650974,Stone
Agricultural Space,200 sq.m.,Gegharkunik › Sevan,"$15,000",USD,Помещения был фермей. Находится в нармалном состоянии из морйей всего 1800 метров рядом трассе севан мартуни,Dec-12-2022_20-36,Not available,Not available,Second Line,Common from the Street,,,,,,https://list.am/en/item/17265586,Stone
Multifunctional Space,240 sq.m.,"Sayat-Nova Street 31/1, Sevan","$25,000",USD,"Construction type reinforced concrete roofing, dimensions 36/6 pillow. 5 m. Iron entrance gate 3/4 m. Suitable for production, warehouse, car service, etc. For business activities. Gas, water, power line (three-phase) from 10 meters. 550 m from Lake Sanaa. Distance. Details by call, negotiable.Translated from Armenian",Dec-12-2022_20-36,Not available,Not available,Second Line,Separate from the Street,,,,,,https://list.am/en/item/17311280,Panels
Retail Space,50 sq.m.,"Nalbandyan street, Sevan town","14,000,000 ֏",AMD,Commercial space for sale.Translated from Armenian,Dec-12-2022_20-36,Not available,Not available,First Line,Common from the Street,,,,,Outdoor parking,https://list.am/en/item/16781834,Stone
Everything Else,20 sq.m.,"Lchap-Norashen highway, Tsovazard","700,000 ֏",AMD,It is in normal condition. It has two rooms. Negotiable.Translated from Armenian,Dec-12-2022_20-36,,,,,,,,,,https://list.am/en/item/17186266,Wooden
Retail Space,220 sq.m.,"Սայաթ Նովա փողոց, Սևան","$85,000",USD,"A building is for sale in the city of Sevan, on the first line, in the central part. For detailed information, call the indicated phone number.Translated from Armenian",Dec-12-2022_20-36,Available,Not available,First Line,Common from the Street,,,,,Outdoor parking,https://list.am/en/item/18652966,Stone
Functioning Business,60 sq.m.,"Nairyan Str., Sevan","$50,000",USD,"A space for sale or rent (as a dental clinic) at 165/28 Nairyan Street, Sevan Municipality, has all utilities, is currently being operated as a dental clinic, there is a license for the space, for details call the price on the contractTranslated from Armenian",Dec-12-2022_20-36,Available,Not available,Other,Separate from the Street,,,,,,https://list.am/en/item/18005850,Stone
Retail Space,30 sq.m.,Gegharkunik › Gavar,"$1,700",USD,"The length is 9.60, the width is 3 meters. The wagon is sold alone without goodsTranslated from Armenian",Dec-12-2022_20-36,Not available,Not available,Other,Common from the Courtyard,,,,,,https://list.am/en/item/9634780,Wooden
Functioning Business,"13,500 sq.m.","1st Street, Shorzha","$420,000",USD,"Действующий бизнес на 1-й улице Севана, 13 500 кв. М.13,500 квадратный метр (3.4 акко)• Водная передняя недвижимость• Кирпич огражден.• 2 жилых домов• Могу построить еще 11• Водоход с 5000 литровым водоёмом• Очистка сточных вод• Трансформер электричества• 16 Система безопасности камеры• Охранник и охрана• Ворота с электрическим дистанционным управлениемИ еще большеКомплекс расположен на восточной кончике полуострова на озере Севан, всего в 1 часе 25 минут (111 километров или 70 миль) от Еревана.′′ Жемчужина Армении ′′ Замечательный вид на озеро Севан.Волшебную панораму на обрыве - качалку озера, зеркальные блики, успокаивающие волны и красивый закат - можно наслаждаться круглый год, в разное время суток, от спокойного, блестящего рассвета до чудесного, пылающего закат с промежуточными сменами оттенков.Находясь в 5 километрах от шоссе, район изолирован.Имеет все особенности развлечений в помещениях и на открытом воздухе.Два построенных частных дома готовы к оккупации.У каждой две спальни, две ванные комнаты, а также ′′ гурманская ′′ кухня. Этажи двух частных домов плитка современной плитки высокого качества.Основной дом полностью меблирован (от сольпана до спальни) Имеет гардеробную спальню, прикрепленный гараж с автоматическими воротами.Также есть собственный генератор электроэнергии, а также солнечные батареи мощностью 4 кВт.Дома спроектированы в современном стиле, ключевым элементом которого является озеро. В главном доме есть бесплатный современный камин.Оба дома имеют полноформатные, 3-метровые террасы для озера, которые, конечно же, открывают незапятнанные виды на озеро.Есть два ряда каменных ступеней, которые спускаются к озеру, где расположен частный причал комплекса. Для обеспечения безопасности комплекса построен сторожевой дом, который оборудован дистанционными электрическими воротами с системой наблюдения 16 камер, чтобы хозяин мог наблюдать за комплексом из любой точки мира.13,500 մ/ք - 3․4 սկր• Առափնյա• Պարսպապատված• 2 Առանձնատուն• Առավել 11 տուն կառուցելու հնարավորություն• Ջրհոր + 5000 լիտր ջրամբար• Կեղտաջրերի մաքրման կայան• Հոսանքի տրանսֆորմատոր• 16 հատ տեսախցիկ• հեռակառավարվող էլեկտրական դարպաս• Պահակատուն և պահակԵՒ ավելինՀամալիրը գտնվում է Սևանա լճի արևելյան կողմում գտնվող թերակղզու ծայրին` Երևանից ընդամենը 1 ժամ 25 րոպե (111 կիլոմետր, կամ 70 մղոն) հեռավորության վրա։«Հայաստանի գոհար» Սևանա լճի հիասքանչ տեսարան:Ժայռի վրա գտնվող մոգական համայնապատկերը ` Լճի օրորը, հայելեպատ ցոլքը, խռովված ալեկոծությունն ու բոսոր մայրամուտը կարելի է վայելել տարվա բոլոր եղանակներին, օրվա տարբեր ժամերին ՝ հանդարտ և փայլփլող արևածագից մինչև հրաշալի, բոցկլտացող մայրամուտ՝ միջանկյալ փոփոխվող երանգներով ։Մայրուղուց 5 կիլոմետր հեռավորության վրա գտնվելով հանդերձ տարածքը մեկուսացված է։Այն ունի փակօթյա և բացօթյա ժամանցի բոլոր հնարավորությունները:Կառուցված երկու առանձնատնեը պատրաստ են շահագործման համար։Յուրաքանչյուրում կա երկու ննջասենյակ և երկու սանհանգույց, ինչպես նաև «գուրմե» խոհանոց։ Երկու առանձնատների հատակները սալիկապատված են բարձրորակ և արդիական սալիկներով։Հիմնական տունը ամբողջությամբ կահավորված է (աղամանից մինչև ննջասենյակների կահավորանք) : Այն ունի գլխավոր ննջասենյակային կոմպլեկտ, և ավտոմատացված դարպասով կցակառույց ավտոտնակ,Առկա է նաև սեփական էներգիայի գեներատոր, ինչպես նաև 4 կՎտ հզորությամբ արևային վահանակներ:Տները նախագծված են ժամանակակից ոճով, որի առանցքային տարրը լիճն է: Հիմնական մենատունն ունի ազատ կանգնած ժամանակակից ոճի բուխարի։Երկու տներն էլ ունեն ամբողջ երկարությամբ, 3 մետր լայնությամբ լճափնյա տեռասաներ, որոնք, բնականաբար ապահովում են անարգել տեսարան դեպի լիճը:Գոյություն ունեն երկու շարք քարե աստիճաններ, որոնք իջնում են լիճ, որտեղ գտնվում է համալիրի մասնավոր նավամատույցը։ Համալիրի անվտանգությունը ապահովելու համար կառուցվել է պահակատուն, որը հագեցած է հեռակարավարվող էլեկտրական դարպասով և 16 տեսախցիկով հսկողության համակարգով, որպեսզի սեփականատերը նաև կարողանա hամալիրը դիտել և հսկել աշխարհի ցանկացած կետից:",Dec-12-2022_20-36,,,,,,,,,,https://list.am/en/item/18212745,Wooden
Everything Else,10 sq.m.,Gegharkunik › Sevan,"450,000 ֏",AMD,Կոֆեյի բուտկա կոֆե շոփ շարժական,Dec-12-2022_20-36,,,,,,,,,,https://list.am/en/item/17036662,Cassette
Industrial and Manufacturing,1129 sq.m.,Gegharkunik › Sevan,"34,900,000 ֏",AMD,"Արտադրամասի շինությունների ընդհանուր մակերեսը - 1,129.3քմ․Հողամասի մակերեսը - 14,234 քմ․Ջրամատակարարում, էլեկտրամատակարարում, գազամատակարարում և կոյուղի։Գինը սակարկելի է։Կոդ 4-48",Dec-12-2022_20-36,Not available,Not available,Second Line,Common from the Street,,,,,,https://list.am/en/item/14972736,Stone
Warehouse,108 sq.m.,"Nalbandyan street, Sevan town","$4,200",USD,"Ownership certificate, garage, warehouse, workshop, workshop, 73 sq. M. + 36 sq. M. Nkux, the roof of the building and basement is reinforced concrete.Translated from Armenian",Dec-12-2022_20-36,Not available,Not available,Second Line,Common from the Street,,,,,Outdoor parking,https://list.am/en/item/13526033,Monolith
Multifunctional Space,1300 sq.m.,Gegharkunik › Sevan,"$350,000",USD,Продается многофункциональное здание на берегу озера Севан. Территория полностью огорожена. Большой пляж. Здание 1300 кв. М. Территория 1.5 га.Также возможен обмен на недвижимость в Ереване.,Dec-12-2022_20-36,,,,,,,,,,https://list.am/en/item/17192791,Stone
Retail Space,1730 sq.m.,Gegharkunik › Martuni,"$250,000",USD,Center. Near the marketTranslated from Armenian,Dec-12-2022_20-36,,,,,,,,,,https://list.am/en/item/17420285,Stone
Office Space,30 sq.m.,Gegharkunik › Lusakunk,"200,000 ֏",AMD,"Office (public) area with a total area of 30 square meters.Address: Gegharkunik region, Lusakunk village, 1st street, No. 84/2 (in the Municipality building)Translated from Armenian",Dec-12-2022_20-36,,,,,,,,,,https://list.am/en/item/17176510,Stone
Building,465 sq.m.,Gegharkunik › Shoghakat,"$47,700",USD,"The property is located in the central part of Shorzha, right next to the park, suitable for building a guest house and carrying out various activities, the roof is completely newly renovated.The distance from Lake Sevan is 300 meters.Translated from Armenian",Dec-12-2022_20-36,Not available,Not available,First Line,Separate from the Street,,,,,,https://list.am/en/item/18416818,Stone
Office Space,145 sq.m.,"Սայաթ Նովայի փողոց 12, Սայաթ-Նովա","33,000,000 ֏",AMD,"An office space is burning in the city of Sevan, there is also a basement on the 1st floor of a two-story building, fully renovated. Previously, it served as a bank branch, the area is 145 square meters. The area of the 1st floor is 100 square meters, and the basement is 45 square meters.Translated from Armenian",Dec-12-2022_20-36,Not available,Not available,First Line,Separate from the Courtyard,,,,,,https://list.am/en/item/18219328,Stone
Restaurant,144 sq.m.,Gegharkunik › Martuni,"$120,000",USD,"Cafe for sale, 144 sq. M. , in Martuni, near the bus station and the Martuni-Vardenis road.Translated from Armenian",Dec-12-2022_20-36,,,,,,,,,,https://list.am/en/item/18396784,Stone
Agricultural Space,638 sq.m.,Gegharkunik › Vaghashen,"14,667,770 ֏",AMD,"The property is the Bank's collateral, which is in the BANKRUPTCY auction.Gegharkunik region, village Administrative building in Vaghashen, 637.6 sq. M., cattle barn - 1,234.6 sq. M., the land is 0.1716 ha, one-storey panel building, part of the roof is made of tin, part of it is without roof and tuff stone building, two-storey, the second floor is without roof.You can also purchase the presented property through crediting by the Bank with the current credit terms and tariffs.! Attention!The property is encumbered with actual users, whose eviction բոլոր all necessary costs arising from the contract and actions will be performed by the successful bidder.Translated from Armenian",Dec-12-2022_20-36,Not available,Not available,Other,Separate from the Courtyard,,,,,,https://list.am/en/item/17985138,Panels
Industrial and Manufacturing,2200 sq.m.,Gegharkunik › Gavar,"7,298,460 ֏",AMD,"The property is the collateral of the Bank, which is in the Bankruptcy auction.Gegharkunik region, village Noratus, Hovhannes Shiraz str. Grain warehouse at 45, 309.5 / 271.2 sq. M., the land is 022 hectares, there is electricity.You can also purchase the presented property through crediting by the Bank with the current credit terms and tariffs.! Attention!The property is encumbered with actual users, whose eviction բոլոր all necessary costs arising from the contract and actions will be performed by the successful bidder.Translated from Armenian",Dec-12-2022_20-36,,,,,,,,,,https://list.am/en/item/15637193,Stone
Retail Space,248 sq.m.,"Lchap-Norashen highway, Tsovazard","78,000,000 ֏",AMD,"The property is located on the right side of Sean-Yerjan highway, Q ․ Սան, Լճափնյա փ ․ At 23. The area is subject to partial renovation, previously used as a restaurant. The area of the land is 0.075 hectares, the area of the building is 248.64 square meters. Is.Translated from Armenian",Dec-12-2022_20-36,,,,,,,,,,https://list.am/en/item/17673612,Stone
Retail Space,200 sq.m.,Gegharkunik › Martuni,$100,USD,"For sale: A caravan 9.3 in 27 sq. M. The cabin is very fresh and well insulatedA multi-functional space is for RENT or FOR SALE on ABOVYAN street, 200 sq. M:Translated from Armenian",Dec-12-2022_20-36,,,,,,,,,,https://list.am/en/item/16348050,Monolith
Functioning Business,70 sq.m.,"Nairyan Street, Sevan town","$50,000",USD,"A space for sale or rent (as a dental clinic) at 165/28 Nairyan Street, Sevan Municipality, has all utilities, is currently being operated as a dental clinic, there is a license for the space, call for details.Translated from Armenian",Dec-12-2022_20-36,,,,,,,,,,https://list.am/en/item/18563560,Stone
Functioning Business,4500 sq.m.,Gegharkunik › Chambarak,"13,000,000 ֏",AMD,Ферма анаснагом 711к. М Тарацк амбохч 4500 к. М.,Dec-12-2022_20-36,,,,,,,,,,https://list.am/en/item/16215276,Stone
Retail Space,68 sq.m.,Gegharkunik › Vardenis,"$12,000",USD,"Not far from the center of Vardenis, the beginning of Yeritasardutyan street, on the 1st line, a commercial area is for sale.Suitable for any activityTranslated from Armenian",Dec-12-2022_20-36,,,,,,,,,,https://list.am/en/item/17682803,Stone
Office Space,144 sq.m.,"Sayat Nova street, Sevan town","33,000,000 ֏",AMD,"The plot is located on the first floor of a two-story building, there is also a basement floor, completely renovated, the total area is 144.06 m2.Previously used as a bank branch, it is also suitable for use as an office or other similar activities.Translated from Armenian",Dec-12-2022_20-36,,,,,,,,,,https://list.am/en/item/18554288,Stone
Functioning Business,720 sq.m.,"Улица Наирян 175, Севан","$145,000",USD,"The poultry farm is an operating business, the poultry farm is designed for 5,000 floor-keeping chickens, which ensures the production of homemade eggs, the chickens have the opportunity to go outside, the plot of 14,000 square meters is completely fenced, there are 900 fruit trees on the plot, the poultry farm is equipped with European equipment, automated, feeding, water, ventilation system, heat supply, there is a 120 square meter factory of concentrated fodder with the necessary high-quality equipmentTranslated from Armenian",Dec-12-2022_20-36,,,,,,,,,,https://list.am/en/item/18004766,Stone
Multifunctional Space,1300 sq.m.,"Khaghagutyan street 1, Sevan town","93,000,000 ֏",AMD,"4 buildings, 3 buildings have two floors, one has 1 floor, the total area is 1300 square meters, and the land area is 4460 square meters, the buildings were built in 1987. Gas, water, electricity are available, it can be used for workshop, hotel, apartments, for other questions you can callTranslated from Armenian",Dec-12-2022_20-36,,,,,,,,,,https://list.am/en/item/18548275,Stone
Retail Space,130 sq.m.,"Միքայել Նալբանդյանի փողոց, Սևան",$300,USD,"It is located on the 1st floor of a 5-story stone building on Nalbandian Street in Sevan, it has worked as a food store, lavash workshop, warehouse, it has gas, water, electricity, three-phase electricity, a bathroom, the ceiling height is 3.50m, it also has an entrance from the back of the building, 1 sq. M. The price is 300 dollars, the total area of the building is 130.0 square meters, I will also sell a partial one starting from the area of at least 50.0 square meters, it can also serve as an apartment.Translated from Armenian",Dec-12-2022_20-36,,,,,,,,,,https://list.am/en/item/16851466,Stone
Hotel,127 sq.m.,Gegharkunik › Chkalovka,"19,000,000 ֏",AMD,"Land area - 2,840․6 square meters ․Entrance doors of buildings մետաղ windows made of metal-plastic, walls made of stone, tiled floor, electricity, water, gas-sewerage.Code 9-29Translated from Armenian",Dec-12-2022_20-36,,,,,,,,,,https://list.am/en/item/17333217,Stone
Industrial and Manufacturing,161 sq.m.,"Էներգետիկների փողոց 2, Սևան","4,000,000 ֏",AMD,The area of the land is 300.0 m2All the communications are available.Code 9-28Translated from Armenian,Dec-12-2022_20-36,,,,,,,,,,https://list.am/en/item/17333096,Stone
Retail Space,40 sq.m.,"Sargis Sevanatsi St, Sevan","$14,000",USD,"Продается помещение рядом с банком Втб, на 1 этаже 5 этажного дома, адрес 1 микро",Dec-12-2022_20-36,,,,,,,,,,https://list.am/en/item/17002582,Stone
Hotel,"20,000 sq.m.",Gegharkunik › Sevan,"$2,800,000",USD,"Продаётся дом отдыха на берегу озера Севан. 5 га собственной земли с собственным пирсом и 1 га в долгосрочной аренде. З здания, общей площадью 20 тыс кв метров. Требуется ремонт или реконструкция. Возможно реконструкция под апартаменты и зону отдыха!Звонить с 12:00 по 22:00",Dec-12-2022_20-36,,,,,,,,,,https://list.am/en/item/18500863,Monolith
Multifunctional Space,5500 sq.m.,Gegharkunik › Martuni,"$110,000",USD,"Помещения 500м23 каменых биседкиСобственная подстанцияГаз, Вода, отопленияЗемля 50 сотокТорг реальному покупателюОбмен на квартиру в Ереване с вашей доплатойТак же росмотрю долгосрочную аренду!",Dec-12-2022_20-36,,,,,,,,,,https://list.am/en/item/18481241,Stone
Industrial and Manufacturing,3000 sq.m.,Gegharkunik › Gavar,"$180,000",USD,Трех этажный каменный дом с цокольным этажом всекоммуникации звоните...,Dec-12-2022_20-36,,,,,,,,,,https://list.am/en/item/18479680,Stone
Everything Else,1800 sq.m.,Gegharkunik › Sevan,"$250,000",USD,"Կոդ՝ K-14915Վաճառվում է լողափ Սևանա լճի ափին (Չկալովկա գյուղի հարևանությամբ) ։ Ընդհանուր մակերեսը մոտ 18․000քմ է, ճակատային մասը մայրուղու կողմից՝ 170մ։ Տարածքում կան տարբեր մակերեսներով 12 տնակներ, որոնցից մի քանիսը ամբողջովին վերանորոգված են և պատրաստ են շահագործման։ Կա նաև ժամանակակից համապատասխան հյուրանոցային համալիր կառուցելու նախագիծ և շինթույլտվություն։ Դիտարկվում է նաև տան հետ փոխանակման տարբերակ։Գործակալության միջնորդավճարը կազմում է 2 %: Ցուցադրությունների համար կնքվում է ցուցադրման պայմանագիր։ Խնդրում ենք Ձեզ մոտ ունենալ անձը հաստատող փաստաթուղթ։A beach for sale on the shore of lake Sevan (near the Chkalovka village) The total area is about 18.000 sqm, the front length from the highway is 170m. There are 12 cabins with different surfaces, some of which are completely renovated and ready for use. There is also a project and a permit for the construction of a modern hotel complex. Exchange with a house is possible.The commission of the Real Estate Agency is 2%. For showing the real estate, a contract is signed. Please have a passport, ID or driving-license with You.",Dec-12-2022_20-36,,,,,,,,,,https://list.am/en/item/11703537,Stone
Everything Else,"12,000 sq.m.","Lchap-Norashen highway, Tsovazard","$160,000",USD,"Lchashen community,(The location of the property is indicated in the pictures)Ready-made cabins without interior work,20 pcs.Buildings - 1280m2,There is three-phase current,It is a great option to serve as a beach,The period of operation until 2033,however, it can be extended by signing a contract with ""Sevan National Park"" SNOC.PRICE is negotiable.Translated from Armenian",Dec-12-2022_20-36,,,,,,,,,,https://list.am/en/item/17673225,Stone
