Construction Type,New Construction,Elevator,Floors in the Building,Floor Area,Number of Rooms,Number of Bathrooms,Ceiling Height,Floor,Balcony,Renovation,Number of Guests,Children Are Welcome,Pets Allowed,Utility Payments,Prepayment,Address,Price,Currency,Description,Datetime,Furniture,Links,The House Has,Parking,Amenities,Appliances,Window Views
Panels,No,Available,9,66 sq.m.,2,1,from 2.75 m,7,Closed balcony,Old Renovation,5,Yes,No,Not included,3 months,"Փարամազի փողոց 14, Մեղրի","80,000 ֏ monthly",AMD,"Сдается 2-комнатная квартира на 7 этаже 9 этажного дома на улице Парамаза, города Мегри. В здании работает лифт. Общая площадь около 66 квадратных метров. Квартира очень светлая, имеет прекрасный вид на центр города, район Покр Тах и двор. В квартире большой закрытый балкон, большой встроенный шкаф, на кухне и в ванной заменены трубы, установлен новый унитаз и есть гостиная и спальная мебель. В квартире старый ремонт, нету горячей воды и средство отопления. В случае решения проблем с горячей водой или любого ремонта деньги будут вычтены из арендной платы.Վարձով տրվում է 2 սենյականոց բնակարան Մեղրի քաղաքի Փարամազ փողոցի թիվ 19-րդ 9 հարկանի շենքի 7-րդ հարկում։ Շենքն ունի աշխատող վերելակ։ Ընդհանուր մակերեսը կազմում է մոտ 66 քմ։ Բնակարանը շատ լուսավոր է և ունի գեղեցիկ տեսարան դեպի քաղաքի կենտրոն, Փոքր թաղ և բակ։ Բնակարանն ունի մեծ փակ պատշգամբ, մեծ ներկառուցված պահարան, խոհանոցում և սանհանգույցում խողովակները փոխված են, տեղադրված է նոր զուգարանակոնք։ Բնակարանն ունի հին նորոգում և լուծված չէ տաք ջրի և ջեռուցման հարցը։ Բնակարանի տաք ջրի հարցի լուծման կամ որևէ այլ նորոգման դեպքում՝ կատարված ծախսի գումարը կնվազեցվի վարձակալության գումարից։",Nov-24-2022_17-51,,https://list.am/en/item/17046087,,,,,
Panels,Yes,Not available,2,50 sq.m.,2,1,from 2.8 m,2,Open balcony,Euro Renovation,4,No,Yes,Not included,1 month,Syunik › Kapan,"70,000 ֏ monthly",AMD,The house is located next to the Kapan combine. It is available for short-term and long-term rent. All utilities are available. It is suitable for couriers or people in Kapan for other purposes. There is a place to park the car safely outside. The house will be free from November 12.Translated from Armenian,Nov-24-2022_17-51,,https://list.am/en/item/18238609,,,,,
Stone,No,Not available,5,35 sq.m.,1,1,from 3 m,1,Not available,Major Renovation,,,,,,"Hunan Avetisyan street 12, Kapan","65,000 ֏ monthly",AMD,Hunan 12 sq. 1 floorProperty equipmentRenovatedHeating elecConstant hot waterThe entrance is from the yardBandageCall the viber of the same numberTranslated from Armenian,Nov-24-2022_17-51,,https://list.am/en/item/16067593,,,,,
Stone,No,Not available,1,70 sq.m.,2,1,from 2.75 m,1,Open balcony,Partial Renovation,,,,,,Syunik › Goris,"10,000 ֏ daily",AMD,"An apartment is for daily rent in Goris. All the utilities are available: Wi-Fi, Constant hot and cold water. Located in the city center, close to all banks and shops.Translated from Armenian",Nov-24-2022_17-51,,https://list.am/en/item/17491545,,,,,
Stone,Yes,Not available,2,60 sq.m.,3,1,from 2.8 m,2,Open balcony,Major Renovation,4,Yes,No,By Agreement,By Agreement,"Artsakhyan avenue, Goris","120,000 ֏ monthly",AMD,"Квартира находится в Горисе, полнстью отремонтировани и имеет все коммуникации:",Nov-24-2022_17-51,Available,https://list.am/en/item/18348444,,,,,
Stone,No,Not available,5,38 sq.m.,1,1,from 2.8 m,4,Open balcony,Old Renovation,,,,,,"Մուշեղ Հարությունյան փողոց 5, Կապան","50,000 ֏ monthly",AMD,1-room apartment for rent. There are necessary conditions for living.Translated from Armenian,Nov-24-2022_17-51,,https://list.am/en/item/18069075,,,,,
Panels,No,Not available,5,55 sq.m.,1,1,from 2.7 m,4,Closed balcony,Cosmetic Renovation,,,,,,Syunik › Kapan,"50,000 ֏ monthly",AMD,Վարձով է տրվում 1 սենյականոց բնակարան։ ձևափոխված։ մեծոտ։ Փոքր 3 սենյակներ են։ մաքուր։ հարմարավետ։Տեսադաշտը շատ լավ բարձրից նայում։ ես քաղաքին։ շատ հարմար է աշխատող ընտանիքների համար։ Կարճաժամկետ մնացողների համար (տուրիստներ կարճաժամկետ աշխատողներ) վարձավճարը կլինի բարձր։ Գրավոր պայմանագիր կկապվենք։ ԱՆՈՒՇԱՎԱՆ,Nov-24-2022_17-51,,https://list.am/en/item/13183857,,,,,
Stone,No,Not available,5,50 sq.m.,2,1,from 2.75 m,3,Closed balcony,Cosmetic Renovation,3,Yes,No,By Agreement,Without prepayment,"Գրիգոր Տաթեվացի փողոց 4, Գորիս","8,000 ֏ daily",AMD,All communal living conditions are provided.Translated from Armenian,Nov-24-2022_17-51,Available,https://list.am/en/item/17250719,,,,,
Stone,No,Not available,2,56 sq.m.,2,1,from 3 m,1,Closed balcony,Euro Renovation,,,,,,Syunik › Meghri,"99,990 ֏ monthly",AMD,Apartment for rent in Araksashen district. The apartment is in very good condition. Contractual price.Translated from Armenian,Nov-24-2022_17-51,,https://list.am/en/item/18186743,,,,,
Stone,No,Not available,5,80 sq.m.,3,1,from 2.7 m,4,Open balcony,Major Renovation,4,Yes,No,Not included,1 month,"Garegin Nzhdeh Street 16, Kapan","135,000 ֏ monthly",AMD,"3-room apartment is for rent in the center of Kapan for long-term living with a family.The apartment is on the 4th floor of a bright, bright 5-storey stone building, and you only have two floors (due to the unique architectural features of the building) The building is a little above the Marzpetaran, it is green, clean and beautiful.The apartment is furnished and technically equipped (TV, refrigerator, washing machine, vacuum cleaner, iron) The apartment is supplied with natural gas (gas water heater, hot water in the kitchen and bathroom), heating with electric radiators. The apartment is newly renovated, the bathroom is tiled, with the necessary sanitary ware.There is one open balcony.To make a phone call, please call via Viber or WhatsApp, the phone number is listed. I will also answer your questions on the messages page.Translated from Armenian",Nov-24-2022_17-51,Available,https://list.am/en/item/12801207,,,,,
Panels,No,Not available,5,73 sq.m.,3,1,from 3 m,2,Closed balcony,Euro Renovation,4,No,Yes,Not included,1 month,Syunik › Kapan,"70,000 ֏ monthly",AMD,It is located next to Kapan combineTranslated from Armenian,Nov-24-2022_17-51,,https://list.am/en/item/18287089,,,,,
Stone,No,Not available,4,60 sq.m.,2,1,from 2.6 m,1,Closed balcony,Cosmetic Renovation,2,Yes,No,Not included,1 month,Syunik › Kapan,"70,000 ֏ monthly",AMD,"Сдается квартира в г. Капан, имеется газ, холодная, горячая вода, мебель, стиральная машина и т. Д. Для дополнительной информацией звоните по указанному номеру.",Nov-24-2022_17-51,Available,https://list.am/en/item/18243840,,,,,
Stone,No,Not available,5,62 sq.m.,2,1,from 2.8 m,3,Closed balcony,Euro Renovation,,,,,,Syunik › Goris,"12,000 ֏ daily",AMD,Renovated 2-room apartment in Goris is for daily rent. It is equipped with property and equipment.Available in the apartment•Heating System• gas stoveTV•refrigerator•washing machineWiFiLinensdishesIt has a parking spaceTranslated from Armenian,Nov-24-2022_17-51,,https://list.am/en/item/17856620,,,,,
Stone,No,Not available,2,46 sq.m.,2,1,from 2.5 m,1,Closed balcony,Designer Renovation,5,Yes,No,By Agreement,By Agreement,"Movses Khorenatsi street 28, Goris","12,000 ֏ daily",AMD,"Օրավարձով բնակարան Գորիսում, ունենք հարմարավետ սենյակները նախատեսված ընտանիքով հանգստի համար. Квартира посуточно, guest house in Goris. Հանգոտի գոտի, հյուրատուն,Gorisum#gesthouse#hangsti goti#bnutyan girk#harmaravet senyakner#gorishyuranoc#gorishotel, հյուրանոց Գորիսում հանգստի գոտի. Gorisum tum",Nov-24-2022_17-51,Available,https://list.am/en/item/15936749,,,,,
Stone,Yes,Not available,4,240 sq.m.,5,1,from 2.75 m,4,Open balcony,Designer Renovation,,,,,,"Սյունիքի փողոց 144, Գորիս","5,000 ֏ daily",AMD,Guest house with all amenities for rent ըHotel near Tatev monastery and Khndzoresk swinging bridge ․Translated from Armenian,Nov-24-2022_17-51,,https://list.am/en/item/17919923,,,,,
Monolith,Yes,Not available,3,80 sq.m.,3,3+,from 3 m,1,Not available,Designer Renovation,8+,Yes,No,By Agreement,By Agreement,Syunik › Goris,"18,000 ֏ daily",AMD,"A 3-storey private house is for rent (daily rent) in the city of Goris (long-term and short-term) It has 3 rooms with all amenities, each room has its own private bathroom.The price of rooms for 3 people - 18,000 dramsThe price of a room for 2 people is AMD 12,000(cost per person 6000 drams)In case of long-term lease, the price is negotiable.Advantages:Free wi-fi and TVBreakfastOutdoor entertainment place: In the ParkLocated in the city centerTranslated from Armenian",Nov-24-2022_17-51,,https://list.am/en/item/17900011,,,,,
Stone,Yes,Not available,1,45 sq.m.,2,1,from 2.6 m,1,Open balcony,Euro Renovation,4,Yes,Yes,Not included,By Agreement,"Syuniq street, Goris","70,000 ֏ monthly",AMD,Rooms are also available for rent. CallTranslated from Armenian,Nov-27-2022_18-51,,https://list.am/en/item/18437575,,,,,
Stone,No,Not available,5,72 sq.m.,2,1,from 2.75 m,5,Multiple balconies,Cosmetic Renovation,6,Yes,No,Not included,By Agreement,Syunik › Kapan,"140,000 ֏ monthly",AMD,"Светлая, просторная и уютная квартира в центре Клапана со всеми удобствами! ՀԱՅՐԱԿԱՆ ՏՈՒՆԸ!",Nov-27-2022_18-51,Available,https://list.am/en/item/18576843,,,,,
Stone,No,Not available,5,63 sq.m.,3,2,from 2.7 m,5,Open balcony,Major Renovation,3,Yes,No,Not included,1 month,"Ստեփան Շահումյանի փողոց 14, Կապան","120,000 ֏ monthly",AMD,Shahumyan 14-40 uninhabitedTranslated from Armenian,Nov-27-2022_18-51,,https://list.am/en/item/18518096,,,,,
Panels,No,Not available,5,64 sq.m.,3,1,from 3 m,4,Closed balcony,Old Renovation,,,,,,Syunik › Kajaran,"80,000 ֏ monthly",AMD,"URGENT!A 3-room apartment for rent near the city of Kajaran. (in Zeiva, aka Barekavan)1st building, 4th floor (penultimate floor) The apartment is in normal condition, the most important thing is that it is sunny.The military service is also close. Call only people who are dutiful (paying on time), clean, and decent.For details, call the indicated phone number, I will gladly answer your questions.Translated from Armenian",Nov-27-2022_18-51,Available,https://list.am/en/item/17350774,,,,,
Stone,No,Not available,4,37 sq.m.,1,1,from 2.75 m,2,Not available,Old Renovation,1,Yes,No,Not included,1 month,Syunik › Goris,"55,000 ֏ monthly",AMD,"One room apartment is for rent in Goris city, on the 2nd floor of Bakunts 4 building. For details callTranslated from Armenian",Nov-27-2022_18-51,Not available,https://list.am/en/item/17749171,,,,,
Panels,No,Not available,7,74 sq.m.,3,3+,from 2.75 m,4,Open balcony,Partial Renovation,,,,,,"Movses Khorenatsi street, Goris","70,000 ֏ monthly",AMD,K. Urgent rent in Goris to responsible people.Translated from Armenian,Nov-27-2022_18-51,,https://list.am/en/item/18157893,,,,,
Stone,No,Available,9,56 sq.m.,1,1,from 2.8 m,8,Closed balcony,Cosmetic Renovation,4,Yes,Yes,Not included,By Agreement,"Ստեփանյան փողոց 10, Կապան","100,000 ֏ monthly",AMD,It is for rent.Translated from Armenian,Nov-27-2022_18-51,Available,https://list.am/en/item/18401689,,,,,
Stone,No,Not available,5,45 sq.m.,1,1,from 2.5 m,4,Not available,Partial Renovation,1,No,No,Not included,Without prepayment,"Erkatughayinneri street 1, Kapan","80,000 ֏ monthly",AMD,"Сдается 1 комнатная квартира с первого ноября мебель, техника, газ, свет, вода, горячая вода, солнечная сторона, депозит, с 1 ноября",Nov-27-2022_18-51,Available,https://list.am/en/item/18031422,,,,,
Stone,No,Not available,5,65 sq.m.,2,1,from 2.8 m,2,Open balcony,Partial Renovation,3,No,No,Not included,2 months,"Որոտան փողոց 5, Սիսիան","70,000 ֏ monthly",AMD,Call for questionsTranslated from Armenian,Nov-27-2022_18-51,Available,https://list.am/en/item/18606678,PLayground,OUtdoor parking,"TElevision, parking space","FRidge, stove, microwave, coffee maker, washing machine, water heater, iron, hair dryer","YArd view, street view, city view, park view"
Stone,No,Not available,5,45 sq.m.,1,1,from 2.7 m,3,Not available,Cosmetic Renovation,3,Yes,No,Not included,By Agreement,"Ավանգարդ փողոց, Գորիս","80,000 ֏ monthly",AMD,"Without an intermediary. Located in c. Goris Avangard 5 district, 12 buildings, 6 flats. Address. Cosmetically refurbished. BAXI system. Hot and cold water. It has a basement. It is given long-term.Translated from Armenian",Nov-27-2022_18-51,,https://list.am/en/item/18412572,,,,,
Stone,No,Not available,5,78 sq.m.,3,1,from 3.2 m,3,Multiple balconies,Cosmetic Renovation,5,Yes,No,Not included,1 month,"Aram Manukyan street 3, Kapan","150,000 ֏ monthly",AMD,"A 3-room apartment is for rent in Kapan, with all communal household facilities, property, appliancesTranslated from Armenian",Nov-27-2022_18-51,,https://list.am/en/item/18566149,,,,,
Stone,No,Not available,5,100 sq.m.,4,1,from 3 m,5,Closed balcony,Partial Renovation,8+,Yes,No,Not included,2 months,"Syunik St 14, Goris","100,000 ֏ monthly",AMD,"In the center of the city of Goris, in the building of VTB bank, a four-room apartment is for rent, with all its necessary property and equipment.It has all utilities, water, gas, electricity.The house is on the fifth floor, through the house you can go up to the sixth floor, where there are two bedrooms and a hallway.The house is also for sale.Translated from Armenian",Nov-27-2022_18-51,,https://list.am/en/item/18533976,,,,,
Stone,No,Not available,5,30 sq.m.,2,1,from 2.75 m,1,Not available,Major Renovation,3,No,No,Not included,1 month,"Shahumyan street, Kapan","120,000 ֏ monthly",AMD,"Fully renovated, uninhabited apartment for rent in Shahumyan 31 building. High first floor, sunny, warm apartment with individual heating system.The property is being restocked.Translated from Armenian",Nov-27-2022_18-51,,https://list.am/en/item/18524905,,,,,
Stone,No,Not available,5,43 sq.m.,1,1,from 3 m,4,Closed balcony,Cosmetic Renovation,3,Yes,No,Not included,By Agreement,"Getapnya street, Goris","65,000 ֏ monthly",AMD,It is rented for a long time. It is also possible to sell for AMD 10 millionTranslated from Armenian,Nov-27-2022_18-51,,https://list.am/en/item/18509356,,,,,
Panels,No,Not available,5,65 sq.m.,3,1,from 2.5 m,2,Closed balcony,Major Renovation,5,Yes,No,Not included,By Agreement,"Ավանգարդ փողոց, Գորիս","90,000 ֏ monthly",AMD,"The house is located on Avangard street.1 year repair. European windows, European doors, gas, water, calonka, gas stove.The floor is tiled. A bathroom and a bathtub are found in perfect condition. It has a large yard, a large balcony.The price is 90,000. Deposit at least half.Translated from Armenian",Nov-27-2022_18-51,,https://list.am/en/item/18503020,,,,,
Stone,No,Not available,4,3800 sq.m.,1,1,from 2.75 m,3,Closed balcony,Partial Renovation,,,,,,"Erkatughayinneri street, Kapan","55,000 ֏ monthly",AMD,"Apartment for rent, Syunik Region, Kajaran CityKhanjian has 10 flats and 41 buildings with gas heating and hot and cold waterTranslated from Armenian",Nov-27-2022_18-51,,https://list.am/en/item/18386292,,,,,
Stone,No,Not available,5,87 sq.m.,3,1,from 2.8 m,1,Not available,Cosmetic Renovation,,,,,,"Բաղաբերդ թաղամաս, Կապան","13,000,000 ֏",AMD,"3-room apartment for sale in Baghaberd district. Permanent hot water with gas supply Baxi system. For sale together with construction material, Has a basement. Very urgent final priceTranslated from Armenian",Dec-12-2022_19-58,Available,https://list.am/en/item/17257882,,,,,
Stone,No,Not available,5,32 sq.m.,1,1,from 2.7 m,4,Not available,Old Renovation,,,,,,"Shahumyan street, Kapan","6,000,000 ֏",AMD,"An apartment for sale in Kapan city on Shahumyan street (first line), Khrushchev project, on the 5th floor of a 5-story building. The apartment is in STATE condition, in need of major repairs, gas is available, the bathroom is in good condition, it has an open balcony. VERY URGENT!In the advertisement, the floors are indicated incorrectly, it is not possible to correct them yet, the apartment is located on the 5th floor of a 5-story building.Translated from Armenian",Dec-12-2022_19-58,Not available,https://list.am/en/item/16716029,,,,,
Stone,No,Not available,4,68 sq.m.,3,1,from 2.75 m,4,Open balcony,Old Renovation,,,,,,Syunik › Sisian,"8,500,000 ֏",AMD,"Продается, просторная 2 комнатная квартира, на улице Гая 10, переделанная в 3-комнатную. Комнаты все большие и светлые. Балкон почти 6 метров. В квартире есть все для проживания, установлен Бакси, металлопластиковые окна, есть мебель и техника. Перед домом имеется земельный участок, который входит уже в стоимость. По всем интересующим вопросам пишите, отвечу.",Dec-12-2022_19-58,,https://list.am/en/item/16629137,,,,,
Stone,No,Not available,5,45 sq.m.,1,1,from 2.75 m,5,Closed balcony,No Renovation,,,,,,"Սպանդարյան փողոց 82, Սիսիան","$10,200",USD,"The apartment has a built-in bedroom (with a separate window and door) Not gasified, but many apartments in the entrance are gasified. It is located in Near 2 kindergartens.Translated from Armenian",Dec-12-2022_19-58,Not available,https://list.am/en/item/18064654,,,,,
Stone,Yes,Not available,1,41 sq.m.,2,2,from 2.7 m,1,Closed balcony,Designer Renovation,,,,,,"Մուշեղ Հարությունյան փողոց, Կապան","10,000,000 ֏",AMD,"The apartment is fully renovated, somewhat modified.2-room, with separate entrances and separate bathrooms, at the moment every room is rented monthly.Translated from Armenian",Dec-12-2022_19-58,Available,https://list.am/en/item/17086246,,,,,
Stone,No,Not available,4,58 sq.m.,2,1,from 2.5 m,4,Closed balcony,Partial Renovation,,,,,,Syunik › Kapan,"$40,000",USD,"The apartment is located in the city center, near the church, school, kindergartens, carousels, it is sunnyTranslated from Armenian",Dec-12-2022_19-58,,https://list.am/en/item/18115381,,,,,
Stone,No,Not available,5,100 sq.m.,4,1,from 2.6 m,5,Closed balcony,Partial Renovation,,,,,,"Syuniq street 14, Goris","$27,000",USD,"An apartment with all communal facilities is for sale in the center of Goris (Syunik 14 apartment 38)Gas, water, electricityThe apartment is located on the 5th floor, but there are two bedrooms and a corridor on the roof of the house. There are stairs inside the house to go to the 6th floor.The apartment has all the first necessary items, including a refrigerator, washing machine, TV, sofa, bed, tables and chairs, etc. , for sale with or without all the property.Price is negotiable.Translated from Armenian",Dec-12-2022_19-58,Available,https://list.am/en/item/17749806,,,,,
Stone,No,Not available,5,100 sq.m.,4,1,from 2.8 m,5,Closed balcony,Partial Renovation,,,,,,"Syuniq street 14, Goris","$27,000",USD,"In the center of Goris, (Syunik 14 apartment 38), an apartment with all utilities is for rent.Gas, water, electricityThe apartment is located on the 5th floor, but there are two bedrooms and a corridor on the roof of the house. There are stairs from inside the house to go to the 6th floor.The apartment has all the necessary accessories, including a refrigerator, washing machine, TV, sofa, bed, table and chairs, etc. For sale with or without property.The price is negotiable.The house is also rented for 100,000 drams per month.Translated from Armenian",Dec-12-2022_19-58,Available,https://list.am/en/item/17749813,Playground,Outdoor parking,,"Fridge, stove, washing machine","Street view, city view"
Panels,No,Available,9,66 sq.m.,2,1,from 2.75 m,4,Closed balcony,Old Renovation,,,,,,"Ձորք թաղամաս, Կապան","$24,000",USD,"Old renovated, gasified, water pipes changed, with furniture, hardwood floor. Or for rent.Translated from Armenian",Dec-12-2022_19-58,,https://list.am/en/item/17500709,,,,,
Panels,No,Not available,3,60 sq.m.,2,1,from 3 m,1,Not available,Old Renovation,,,,,,Syunik › Sisian,"$12,000",USD,A 2-room apartment is for sale in Sisian. The price is negotiable.Translated from Armenian,Dec-12-2022_19-58,Not available,https://list.am/en/item/18216422,,,,,
Stone,No,Not available,5,72 sq.m.,3,1,from 2.8 m,4,Multiple balconies,Old Renovation,,,,,,"Գարեգին Նժդեհ փողոց, Կապան","$45,000",USD,"In Kapan Apartment for sale in the center. On the 4th floor of a 5-storey building, 2 rooms, 1 living room, 2 bedrooms, built-in closets, the bedrooms have a balcony, it is for sale together with the furniture. A clean house, you can live without any renovation.Translated from Armenian",Dec-12-2022_19-58,Available,https://list.am/en/item/17700218,,,,,
Monolith,No,Not available,4,79 sq.m.,3,1,from 3 m,3,Open balcony,Cosmetic Renovation,,,,,,Syunik › Sisian,"$30,000",USD,"3-room apartment for sale in the city of Sisian, on Andranik Zoravar street, on the 3rd floor of a 4-storey building, the apartment has windows of European manufacture, has a basement (20 square meters), gas, constant hot and cold water, the apartment is warm and sunny, it is located close to shops, school and kindergarten.Translated from Armenian",Dec-12-2022_19-58,Available,https://list.am/en/item/18278903,,,,,
Stone,No,Not available,5,30 sq.m.,1,1,from 2.7 m,1,Not available,Euro Renovation,,,,,,"Shahumyan street 31, Kapan","9,400,000 ֏",AMD,"1-room apartment is for sale, renovated, with property, metal door, European windows, changed electric wires. NOT FOR RENTTranslated from Armenian",Dec-12-2022_19-58,By agreement,https://list.am/en/item/15605442,,,,,
Stone,No,Not available,2,240 sq.m.,4,2,from 3.5 m,2,Multiple balconies,Partial Renovation,,,,,,Syunik › Sisian,"$30,000",USD,"A two-storey stone house of 3/3 Guy is for sale in Sisan.It has 4 rooms, kitchen and 2 bathroomsarable land with changed three-layer glass windows1800 sq. M. M orchard barn32 sq. M. M permanent hot-cold water gas garage for 2 cars.Price Negotiable.Translated from Armenian",Dec-12-2022_19-58,,https://list.am/en/item/17604715,,,,,
Stone,No,Not available,3,44 sq.m.,2,1,from 2.8 m,3,Open balcony,Cosmetic Renovation,,,,,,Syunik › Agarak,"$15,000",USD,"The apartment is for sale by the owner, the pipes have been changed, a geyser has been installed. The apartment is located in the center, close to the school, the kindergarten and other necessary public places. It is possible in the program.Translated from Armenian",Dec-12-2022_19-58,Not available,https://list.am/en/item/17550090,,,,,
Stone,No,Not available,3,83 sq.m.,3,1,from 2.8 m,2,Multiple balconies,Old Renovation,,,,,,Syunik › Shinuhayr,"$18,000",USD,3-room apartmentTranslated from Armenian,Dec-12-2022_19-58,By agreement,https://list.am/en/item/17454891,,,,,
Panels,No,Available,9,70 sq.m.,2,1,from 2.8 m,4,Closed balcony,Old Renovation,,,,,,"Davit Bek street 6, Kapan","$35,000",USD,"The apartment is in good condition, 2 bedrooms - 3 furnished. Davit-Bek district, for rent 100,000 dramsTranslated from Armenian",Dec-12-2022_19-58,Available,https://list.am/en/item/16858211,,,,,
Stone,No,Not available,5,60 sq.m.,2,1,from 2.75 m,3,Multiple balconies,Cosmetic Renovation,,,,,,"Լեռնագործների փողոց 15, Քաջարան","25,000,000 ֏",AMD,"URGENT:The house is located in the center of the city (in the heart) on Lernavostirneri street, in front of the house of culture (club), near the school, kindergarten, fountain.There is a pharmacy, a shop, a bank under the building.The building is insulated, the roof is repaired, the entrance (padezd) is repaired, the external walls (with penoplex) are heat-sound insulated and decorated (warm in winter, breezy in summer, also muffles sound)The location of the house is very good, facing the sun (sunrise-sunset)The house has open and closed balconies with beautiful views.The house has 2 rooms, but it is possible to add 1 more room.""It's a lucky HOME"".For more information call.Thank you.Translated from Armenian",Dec-12-2022_19-58,Available,https://list.am/en/item/18005778,Playground,Outdoor parking,,,
Stone,No,Not available,5,70 sq.m.,3,1,from 2.7 m,1,Multiple balconies,Major Renovation,,,,,,Syunik › Sisian,"12,000,000 ֏",AMD,"A 3-room apartment is for sale(with basement, open and closed balconies) c. Sisian H. At Azoya address. The apartment is fully renovated, the windows are of European manufacture, it has a BAXI heating system and all utilities. It's sunny. The apartment is sold with kitchen furniture and certain property. The price is negotiable.Code B-0001Translated from Armenian",Dec-12-2022_19-58,Available,https://list.am/en/item/17957118,,,,,
Panels,No,Available,9,65 sq.m.,2,1,from 2.75 m,5,Closed balcony,Euro Renovation,,,,,,Syunik › Kapan,"$47,000",USD,"A 2-room (3-bedroom) apartment is for sale. In the city of Kapan. Euro-repaired furniture and appliances (gas stove, refrigerator, washing machine, kitchen fan, TV, iron) together with it. It has constant cold and hot (gas boiler) water. It also has a chula on the same floor (5th floor) It has an elevator and is open 24 hours. It is sunny.For details, call the indicated numbers.Price: CONTRACTUALTranslated from Armenian",Dec-12-2022_19-58,,https://list.am/en/item/18045488,,,,,
Stone,No,Not available,5,76 sq.m.,3,1,from 2.8 m,5,Not available,Cosmetic Renovation,,,,,,Syunik › Goris,"$38,000",USD,"The apartment is located in Sal Kar district, on the 5th floor of a 5-story building. Number of rooms from 3 to 4. The apartment is renovated. It is a sunny, warm apartment. There is a storage room in the hallway. The roof is in good condition.Translated from Armenian",Dec-12-2022_19-58,By agreement,https://list.am/en/item/18055025,,,,,
Stone,No,Not available,5,40 sq.m.,2,1,from 2.7 m,5,Open balcony,Old Renovation,,,,,,"Խանջյան փողոց 12, Քաջարան","7,500,000 ֏",AMD,"2-room apartment for sale in In Kajaran. Address: Khanjyan 12, apt. 42: It is located on the 2nd floor of a 5-story stone building. 39.4 sq. M.Translated from Armenian",Dec-12-2022_19-58,Available,https://list.am/en/item/18654690,,Outdoor parking,,,
Stone,No,Not available,5,39 sq.m.,1,1,from 3 m,3,Closed balcony,Major Renovation,,,,,,"Квартал Багаберд, Капан","$30,000",USD,В квартире сделан капитальный ремонт! Все менялось до единого! В квартире есть газовое отопление и гейзер! Так как Квартира капитально ремонтирован в доме очень тепло и нет не обходимости проводить Бакси! Окна все европейские! Стиль в доме Европейского плана! Мебель вся новая! Продажа можно и с мебелью! По вопросам пишите на россиский номер на вотсап! Ануш,Dec-12-2022_19-58,,https://list.am/en/item/17246675,,,,,
Stone,No,Not available,4,84 sq.m.,2,1,from 2.8 m,1,Closed balcony,Old Renovation,,,,,,Syunik › Agarak,"$22,000",USD,"3-room apartment for sale in Agarak, is in good condition, for detailsCall for CallTranslated from Armenian",Dec-12-2022_19-58,Not available,https://list.am/en/item/17524385,,,,,
Panels,No,Available,5,53 sq.m.,3,1,from 2.7 m,5,Not available,No Renovation,,,,,,"Улица Шаумяна 3, Каджаран","$22,000",USD,"An apartment is for sale in Kajaran, it is possible to rent it80,000 dramsTranslated from Armenian",Dec-12-2022_19-58,Available,https://list.am/en/item/17295753,,,,,
Stone,No,Not available,3,100 sq.m.,3,1,from 2.7 m,3,Closed balcony,Old Renovation,,,,,,"Եղիշե Չարենցի փողոց 6, Սիսիան","$18,400",USD,The apartment is sunny. There is a plot of land in the yard of the building. You can use the basement. Negotiable. UrgentTranslated from Armenian,Dec-12-2022_19-58,Available,https://list.am/en/item/18368296,,,,,
Stone,No,Not available,4,42 sq.m.,1,1,from 2.8 m,4,Open balcony,Old Renovation,,,,,,"Garegin Nzhdeh Street 10, Kapan","$25,000",USD,The apartment is located in the center and has constant water and gas. It has been converted into two rooms by Nisha.Translated from Armenian,Dec-12-2022_19-58,Not available,https://list.am/en/item/18341867,,,,,
Stone,No,Not available,5,40 sq.m.,2,1,from 2.8 m,2,Closed balcony,Euro Renovation,,,,,,"Անկախության փողոց 7/4, Գորիս","$25,000",USD,"Продаётся и 2-ух комнатная квартира. Дом находиться на улице В. Мамиконян дом 164. Վաճառվում է 2 սենյականոց արեվկող բնակարան Գորիս քաղաքում, Վ. Մամիկոնյան 164 շենք. (ԱՏԵԿԱ) : Նոր Կապիտալ վերանորոգված։Baxi:Translated from Armenian",Dec-12-2022_19-58,Available,https://list.am/en/item/17590616,,,,,
Monolith,No,Available,9,50 sq.m.,2,1,from 2.8 m,2,Open balcony,Major Renovation,,,,,,"Խանջյան փողոց 2, Քաջարան","11,000,000 ֏",AMD,"Վաճառվում է 2 սենյականոց բնակարան ք. Քաջարանում, Խանջյան 2 հասցեում։Կապիտալ վերանորոգված է, վաճառվում է խոհանոցի կահույքի հետ միասին։Արևկող է, ունի բաց պատշգամբ:",Dec-12-2022_19-58,Available,https://list.am/en/item/16194203,,,,,
Panels,No,Available,9,54 sq.m.,2,1,from 2.8 m,1,Open balcony,Partial Renovation,,,,,,"Բաղաբերդ թաղամաս, Կապան","$23,000",USD,"The apartment has 2 rooms, it was converted into 3; a heating system is installed, it is suitable for living. It is sold with the whole property. The school, Armenian post office, shops are nearby. It is sunny. It is also possible to exchange with a one-room apartment in the center.Translated from Armenian",Dec-12-2022_19-58,,https://list.am/en/item/17142185,,,,,
Stone,No,Not available,3,21 sq.m.,1,1,from 2.7 m,3,Closed balcony,Old Renovation,,,,,,"Garegin Nzhdeh Street, Yerevan","$10,300",USD,"Գտնվում է Սիսիան քաղաքի կենտրոնում, կամարներով շենքի կողքին։ Լուսավոր, տանիքը վերանորոգված, դրսի դուռը փոխված, եվրոպատուհան, ջրի խողովակները փոխված են։ ԳԻՆԸ ՍԱԿԱՐԿԵԼԻ!",Dec-12-2022_19-58,Not available,https://list.am/en/item/15227180,,,,,
Stone,No,Not available,3,80 sq.m.,4,1,from 2.8 m,1,Closed balcony,Old Renovation,,,,,,"Улица Агаси Ханджяна 7, Сисиан","$28,000",USD,Квартира находитца в центре города Сисиана. Отличное место для открытия бизнеса,Dec-12-2022_19-58,Not available,https://list.am/en/item/17015677,,,,,
Stone,No,Not available,5,100 sq.m.,4,1,from 2.75 m,5,Open balcony,Major Renovation,,,,,,"Ստեփան Շահումյանի փողոց, Կապան","35,000,000 ֏",AMD,"The apartment has hot and cold water (baxi system), the floor is parquet, the interior doors are wooden, the entrance door is iron. There are water yards, 3 storage rooms. It is sold together with furniture and appliances.There is a kindergarten, school, shops, banks nearby, it is located next to Tashir pizza.Translated from Armenian",Dec-12-2022_19-58,Available,https://list.am/en/item/16702242,,,,,
Stone,Yes,Not available,5,100 sq.m.,4,1,from 3 m,5,Multiple balconies,Euro Renovation,,,,,,Syunik › Sisian,"$25,000",USD,"4-room apartment is for sale in Sisian, renovated, new furniture is installed in the kitchen, for questions call the mentioned number.Translated from Armenian",Dec-12-2022_19-58,Available,https://list.am/en/item/15985373,,,,,
Panels,No,Available,9,63 sq.m.,2,1,from 3 m,1,Closed balcony,Old Renovation,,,,,,"Ձորք թաղամաս, Կապան","$23,000",USD,"The apartment is located in Dzork district, it is a sunny and comfortable apartment, it can also be used as a commercial apartment. Negotiable for a real buyer.Translated from Armenian",Dec-12-2022_19-58,By agreement,https://list.am/en/item/18431906,,,,,
Stone,Yes,Not available,1,150 sq.m.,3,1,from 2.5 m,1,Closed balcony,Major Renovation,,,,,,Syunik › Sisian,"$28,000",USD,Call for detailsTranslated from Armenian,Dec-12-2022_19-58,,https://list.am/en/item/16557964,,,,,
Stone,No,Not available,5,60 sq.m.,2,1,from 2.75 m,5,Open balcony,Partial Renovation,,,,,,"Vorotan street, Yerevan","$22,000",USD,"A 2-room apartment is for sale on Vorotan Street in Sisian.The roof is newly renovated, with a private water line, a spacious kitchen with a closed balcony, the living room also has a niche (ниша) Bathroom and kitchen fully renovated.The apartment is bright on both sides. For sale with property, equipment and without.Call the indicated phone numbersTranslated from Armenian",Dec-12-2022_19-58,Available,https://list.am/en/item/18221530,,,,,
Panels,No,Available,9,99 sq.m.,3,1,from 2.75 m,9,Closed balcony,Old Renovation,,,,,,"Ռաֆայել Մինասյան փողոց 12, Կապան","$49,000",USD,"In the city of Kapan, R. A bright and spacious 3-room (100 sq/m) apartment is for sale in Minasyan 12 building (in the center) The balcony offers a beautiful view of the city and Khustup mountain. The windows are partially replaced, the apartment is gasified. There is an uninterrupted and repaired elevator in the building. There is a safe in the common entrance.Real buyers please write to my personal page or call (WhatsApp) I will gladly answer and contact you.Translated from Armenian",Dec-12-2022_19-58,By agreement,https://list.am/en/item/18438667,,,,,
Stone,No,Not available,3,68 sq.m.,3,1,from 2.5 m,2,Closed balcony,Euro Renovation,,,,,,"Նար-Դոսի փողոց, Սիսիան","$25,000",USD,"The apartment is airy. It is in normal condition, the price is negotiable. For sale together with the whole property.Translated from Armenian",Dec-12-2022_19-58,Available,https://list.am/en/item/17887551,,,,,
Stone,No,Not available,2,36 sq.m.,2,1,from 2.75 m,1,Not available,Old Renovation,,,,,,"Եղիշե Չարենցի փողոց 21, Ագարակ","$4,200",USD,Շտապ վաճառվում է հանրակացարանի երկու սեյնակները։ Հանրակացարանի սեյնակները սեփականաշնորված է: Գինը սակարկելի ցանկացողները զանգահարեն։,Dec-12-2022_19-58,Available,https://list.am/en/item/11850830,,,,,
Stone,No,Available,9,100 sq.m.,3,1,from 2.5 m,1,Not available,Old Renovation,,,,,,"Shinararneri street 13, Kapan","$18,000",USD,Apartment for sale in Kapan. On the 1st floor of Shiararner 3.5-storey building. Has a basement!Translated from Armenian,Dec-12-2022_19-58,By agreement,https://list.am/en/item/17903227,,,,,
Panels,No,Available,9,72 sq.m.,4,1,from 2.5 m,9,Closed balcony,Old Renovation,,,,,,"Բաղաբերդ թաղամաս 7, Կապան","$30,000",USD,Apartment for sale in Kapan. On the 9th floor of a 9-storey building. With all utilitiesTranslated from Armenian,Dec-12-2022_19-58,Available,https://list.am/en/item/17915658,,,,,
Stone,No,Not available,5,93 sq.m.,3,1,from 3 m,4,Open balcony,Old Renovation,,,,,,Syunik › Goris,"$27,000",USD,"It has 2 open balconies, a garden with fruit trees and the possibility to build a garage. 93 m2 has space to add a room.Translated from Armenian",Dec-12-2022_19-58,By agreement,https://list.am/en/item/16571467,,,,,
Panels,No,Available,9,82 sq.m.,3,2,from 2.8 m,8,Closed balcony,Old Renovation,,,,,,"Հալիձոր թաղամաս 13, Կապան","$32,500",USD,A 3-room apartment is for sale in Halidzor district of Kapan city. The apartment is sunny. It has a large covered balcony (can be used as a 4th room) It is sold together with furniture and appliances. It has 2 vaults.Translated from Armenian,Dec-12-2022_19-58,,https://list.am/en/item/18062018,,,,,
Stone,No,Not available,5,90 sq.m.,3,3+,from 2.8 m,1,Not available,Partial Renovation,,,,,,Syunik › Kapan,"$25,000",USD,Each room with its own entrance and its own bathroomTranslated from Armenian,Dec-12-2022_19-58,,https://list.am/en/item/18527834,,,,,
Stone,Yes,Not available,3,71 sq.m.,3,1,from 2.8 m,3,Open balcony,Major Renovation,,,,,,Syunik › Goris,"$55,000",USD,"The apartment is completely renovated, it is sold with partial ownership.Translated from Armenian",Dec-12-2022_19-58,By agreement,https://list.am/en/item/18656426,,,,,
Panels,No,Available,9,90 sq.m.,2,1,from 3 m,3,Open balcony,Cosmetic Renovation,,,,,,Syunik › Meghri,"$15,000",USD,"Apartment for sale in the city of Meghri, on the 9/3 floor, open balcony, 2 rooms, it is possible to make 3 rooms sunnyThe price is $ 15,000, but if you have a car or cars, we can negotiateTranslated from Armenian",Dec-12-2022_19-58,By agreement,https://list.am/en/item/15842150,,,,,
Stone,No,Not available,5,100 sq.m.,4,1,from 3 m,4,Multiple balconies,Old Renovation,,,,,,"Որոտան փողոց, Սիսիան","$22,000",USD,"2 apartments connected to each other, call for detailsTranslated from Armenian",Dec-12-2022_19-58,Not available,https://list.am/en/item/18388585,,,,,
Stone,No,Not available,5,69 sq.m.,3,1,from 2.75 m,3,Multiple balconies,Partial Renovation,,,,,,"Getapnya street, Goris","$45,000",USD,"A 3-room apartment is for sale in the central part of Goris, very close to the square.It is a sunny, clean apartment, in very good condition, gas-fired, has hot and cold water, quality parquet, tiled kitchen and bathroom, closed and open balcony, beautiful view.There are shops, a school, a kindergarten and all the necessary infrastructure nearby.Translated from Armenian",Dec-12-2022_19-58,By agreement,https://list.am/en/item/16986322,,,,,
Stone,No,Not available,5,77 sq.m.,3,1,from 2.8 m,3,Multiple balconies,Old Renovation,,,,,,"Եղիշե Չարենցի փողոց 4, Քաջարան","16,500,000 ֏",AMD,"The apartment is located in Charents Street, Kajaran city, 5/3 floor, it is equipped with gas. It has a large economic balcony that can be used as a separate room.The apartment is sold with all property and furniture.Translated from Armenian",Dec-12-2022_19-58,Available,https://list.am/en/item/18185827,,,,"Fridge, stove, washing machine","Yard view, street view, city view, park view"
Panels,No,Available,9,81 sq.m.,4,1,from 2.7 m,3,Multiple balconies,Old Renovation,,,,,,"Aram Manukyan street, Kapan","16,000,000 ֏",AMD,"4-room apartment in Kapan, A. Manukyan 1st alley, 2 buildings, 54 apartments, old renovation. It has closed and open balconies.It is also possible to exchange with a 1-2 room apartment in Kapan for a surcharge of $ 15,000-20,000 (the amount of the surcharge depends on the apartment you offer) The offered apartment should not be on the first and last floors.Please do not offer a surcharge below this level.Translated from Armenian",Dec-12-2022_19-58,Not available,https://list.am/en/item/14672567,,,,,
Stone,No,Not available,3,250 sq.m.,3,2,from 3 m,3,Open balcony,Old Renovation,,,,,,Syunik › Sisian,"$10,000",USD,"2nd and 3rd floors of a three-story building, separate sale is possible.Translated from Armenian",Dec-12-2022_19-58,,https://list.am/en/item/17666527,,,,,
Stone,No,Not available,5,60 sq.m.,2,1,from 2.7 m,1,Closed balcony,Old Renovation,,,,,,"Улица Сюника 140, Горис","$28,000",USD,Квартира на 1 этаже,Dec-12-2022_19-58,By agreement,https://list.am/en/item/17740319,,,,,
Panels,No,Available,15,79 sq.m.,3,1,from 2.75 m,13,Multiple balconies,Old Renovation,,,,,,"Davit Bek street, Kapan","$37,000",USD,"78.7 sq. M2 floors on one sideOn the other hand, 13 floors with an elevator$40,000 with garage3 roomsTranslated from Armenian",Dec-12-2022_19-58,Available,https://list.am/en/item/18510846,,,,,
Panels,No,Not available,5,31 sq.m.,1,1,from 2.5 m,1,Not available,Old Renovation,,,,,,"Bakunts street, Goris","$17,000",USD,"The apartment is located in Otkaya district, it is gasified, provided with secret and cold water, it has a basement. The price is negotiable.Translated from Armenian",Dec-12-2022_19-58,,https://list.am/en/item/16754771,,,,,
Stone,No,Not available,3,56 sq.m.,3,1,from 2.7 m,3,Multiple balconies,Cosmetic Renovation,,,,,,"Syunik St, Goris","$10,000",USD,Apartment in Shinuhayr villageTranslated from Armenian,Dec-12-2022_19-58,Not available,https://list.am/en/item/14329810,,,,,
Stone,No,Not available,5,97 sq.m.,4,1,from 2.7 m,2,Multiple balconies,Cosmetic Renovation,,,,,,"Spandaryan Street, Kapan","20,000,000 ֏",AMD,"A 4-room apartment is for sale in the 5th Spandaryan building, on the 2nd floor, AMD 2,000,000 millionTranslated from Armenian",Dec-12-2022_19-58,Not available,https://list.am/en/item/18503663,,,,,
Panels,No,Not available,5,100 sq.m.,3,1,from 2.8 m,3,Open balcony,Old Renovation,,,,,,Syunik › Meghri,"14,000,000 ֏",AMD,"Մեղրի քաղաքում՝ Ադելյան փողոցի N11 շենքի 1-ին մուտքի 3-րդ հարկում, մանկապարտեզի և դպրոցի հարևանությամբ վաճառվում է բացօթյա մեծ պատշգամբով երեք սենյականոց արևկող բնակարան, նորմալ, մաքուր վիճակ, հարկում ունի խորդանոց: Հնարավոր է փոխանակում Երևանում համարժեք այլ անշարժ գույքի հետ:Продается 3-х комнатная квартира в городе Мегри (сюникская облость), улица аделяна 11, 3 ий этаж, около детского сада и школы, рядом парк",Dec-12-2022_19-58,Not available,https://list.am/en/item/12502363,,,,,
Stone,No,Not available,5,43 sq.m.,1,1,from 2.8 m,1,Closed balcony,No Renovation,,,,,,"Խաչատուր Աբովյանի փողոց, Քաջարան","4,500,000 ֏",AMD,"The apartment is in state condition, 1 room with a closed balcony (with the possibility of adding)For more information call:Translated from Armenian",Dec-12-2022_19-58,By agreement,https://list.am/en/item/18092917,,,,,
Stone,No,Not available,5,54 sq.m.,3,1,from 2.8 m,1,Open balcony,Partial Renovation,,,,,,"Գայի փողոց, Քաջարան","$20,000",USD,"The apartment is in good condition, on the 1st floor of a 5-story building, partially renovated, an open balcony has been added, the total area is 54 sq. M.Translated from Armenian",Dec-12-2022_19-58,,https://list.am/en/item/18260000,,,,,
Stone,No,Not available,5,27 sq.m.,1,1,from 2.8 m,1,Closed balcony,Partial Renovation,,,,,,Syunik › Sisian,"$12,000",USD,"The apartment is in good condition, the bathroom is renovated. It has a basement.Translated from Armenian",Dec-12-2022_19-58,By agreement,https://list.am/en/item/18664926,,,,,
Stone,No,Not available,5,78 sq.m.,3,1,from 2.8 m,5,Multiple balconies,Old Renovation,,,,,,"Orbelyanner street, Goris","$40,000",USD,"The apartment is located in the center of the city of Goris, on the 5th floor of a 5-story stone building, near the Church of St. Grigor Lusavorich, the roof is completely renovated, it is provided with constant hot and cold water, gasification, there is a storage room and a 400-liter water tank on the roof. The apartment is for sale with an 18-square-meter stone garage. Sunny side. Has open and closedNEGOTIABLETranslated from Armenian",Dec-12-2022_19-58,By agreement,https://list.am/en/item/17862587,,,,,
Panels,No,Not available,5,264 sq.m.,4,3+,from 2.75 m,2,Multiple balconies,Major Renovation,,,,,,"Shinararneri street, Kapan","$80,000",USD,"Կապանում վաճառվում է 5 հարկանի (Չեխ / պրոեկտ) շենքի՝ 2 հարկում գտնվող 4 սենյականոց (ձևափոխված 3) արևկող բնակարանն (92մ2) ու 1ին հարկում գտնվող կոմերցիոն տարածքը (172մ2) ։Բնակարարանը վերանորոգված է, մանրահատակը և դռները որակյալ փայտից են ։ Բնակարանը ունի երկու բաց պատշգամբ։ Տեղադրված է անհատական ջեռուցման համակարգ։Տան ներքևում՝ 1ին հարկում, կա ավտոտնակ, ընդարձակ կոմերցիոն տարածք, որը կարելի է միացնել բնակարանին՝ կամ օգտագործել տարաբնույթ կոմերցիոն նպատակներով: Բակին կից՝ բնակարանի առջև, ունենք հողամաս (400 մ2), որում առկա է օժանդակ շինություն (30 մ2) ու շատ պտղատու ծառեր։ Բնակարանն առանձին արժե 40000$։",Dec-12-2022_19-58,Available,https://list.am/en/item/10756052,,,,,
Stone,No,Not available,5,68 sq.m.,3,1,from 2.75 m,1,Not available,Major Renovation,,,,,,Syunik › Goris,"15,000,000 ֏",AMD,"The house faces the sun. Iron door, has Land, Basement.Translated from Armenian",Dec-12-2022_19-58,Not available,https://list.am/en/item/17746263,,,,,
Stone,No,Not available,3,91 sq.m.,3,1,from 2.7 m,3,Closed balcony,Partial Renovation,,,,,,"Orbelyanner street, Goris","$45,000",USD,"The apartment is located in the central part of the city. It is a basalt building, arched, the entrance door is iron, excellent, the windows are made of wood, the bathroom is to be repaired.Code N3-347Translated from Armenian",Dec-12-2022_19-58,,https://list.am/en/item/17473373,,,,,
Stone,No,Not available,3,64 sq.m.,2,1,from 2.7 m,1,Multiple balconies,Major Renovation,,,,,,"Orbelyanner street, Goris","20,000,000 ֏",AMD,"Capital renovated, central heating system - baxi, has open and closed balconies. It has 2 basements, garage space by decision.Code 3 354Translated from Armenian",Dec-12-2022_19-58,,https://list.am/en/item/18080937,,,,,
Stone,No,Not available,4,78 sq.m.,3,1,from 2.7 m,4,Closed balcony,Partial Renovation,,,,,,"Orbelyanner street, Goris","$40,800",USD,"The apartment is in good condition, partially renovated. It's sunny. Sold with garage. Price without garage: $35,700.Code 3 356Translated from Armenian",Dec-12-2022_19-58,,https://list.am/en/item/18081081,,,,,
Panels,No,Not available,3,97 sq.m.,4,1,from 2.75 m,2,Not available,Old Renovation,,,,,,Syunik › Sisian,"$25,000",USD,"The apartment is normally renovated, all facilities are available, sunny side, there is also a storage room of 50 square meters, near Zoramas.Code 1427Translated from Armenian",Dec-12-2022_19-58,By agreement,https://list.am/en/item/18263947,,,,,
Stone,No,Not available,3,28 sq.m.,1,1,from 3.5 m,1,Multiple balconies,Euro Renovation,,,,,,Syunik › Sisian,"5,000,000 ֏",AMD,An apartment in Syunik is for sale urgently.Translated from Armenian,Dec-12-2022_19-58,,https://list.am/en/item/14019854,,,,,
Stone,No,Not available,4,60 sq.m.,3,1,from 2.8 m,1,Closed balcony,Euro Renovation,,,,,,"Papyan street, Kapan","20,000,000 ֏",AMD,"The apartment has a heating system, a basement, it is sold with partial property and equipment, the price is 20000000, in case of vacancy, we will negotiate the price, it is not for rent.Translated from Armenian",Dec-12-2022_19-58,Available,https://list.am/en/item/17249658,,,,,
Stone,No,Not available,5,69 sq.m.,3,1,from 3 m,5,Multiple balconies,Cosmetic Renovation,,,,,,Syunik › Sisian,"$23,000",USD,"3-room apartment is for sale in Getap district. The apartment is in good condition, has open and closed balconies. For sale together with furniture տեխն household appliances.The price includes the garage next to the house - 19.8 sq. M. Meters in area.Translated from Armenian",Dec-12-2022_19-58,Available,https://list.am/en/item/17392318,,,,,
Stone,No,Not available,3,50 sq.m.,2,1,from 3 m,3,Closed balcony,Major Renovation,,,,,,"Աղասի Խանջյանի փողոց 3, Սիսիան","$19,000",USD,"The apartment has a Baxi heating system, Euro windows.Translated from Armenian",Dec-12-2022_19-58,Available,https://list.am/en/item/18499997,,,,,
Stone,Yes,Not available,5,65 sq.m.,3,1,from 3 m,3,Not available,Euro Renovation,,,,,,"Սյունիք փողոց, Goris","$45,000",USD,"A 3-room apartment is for sale, on the 3rd floor of a 5-story building. The house is sunny on two sides. The windows of the house are of European production. It has a spacious basement. The 2-story garage is also for sale with the house. The garage is 11.5 m long and 3.70 m wide. Planned for parking 2 cars. Behind the garage there is a 5x5 garden from where we climb the stairs to the 2nd floor. Also, the garage is suitable for business activities, the roof of the garage is made of zinc sheet It has permanent water and electricity.Translated from Armenian",Dec-12-2022_19-58,Available,https://list.am/en/item/12515295,,"Outdoor parking, covered parking, garage",,,
Stone,No,Not available,5,70 sq.m.,3,1,from 2.8 m,4,Open balcony,Cosmetic Renovation,,,,,,"Narekaci street, Goris","$38,000",USD,"A three-room apartment is for sale in the city center.It has an open balcony.It's sunny.For sale with property and equipment.Area: 70 sq. M:Floor: 5/4.Price: $38,000Translated from Armenian",Dec-12-2022_19-58,,https://list.am/en/item/18411965,,,,,
Panels,No,Available,9,74 sq.m.,2,2,from 2.7 m,6,Open balcony,Partial Renovation,,,,,,"Улица Степаняна, Капан","16,000,000 ֏",AMD,View of Khustup mountain and Vachagan river. It is a 3-minute walk from the house to the city center.Translated from Armenian,Dec-12-2022_19-58,Available,https://list.am/en/item/18683077,,,,"Fridge, stove, washing machine","Yard view, street view, city view"
Stone,No,Not available,3,75 sq.m.,3,1,from 2.7 m,2,Closed balcony,Old Renovation,,,,,,"Աղասի Խանջյանի փողոց 3, Սիսիան","$26,000",USD,3-room apartment in Sisian cityTranslated from Armenian,Dec-12-2022_19-58,Available,https://list.am/en/item/18678954,,,,,
Panels,No,Not available,3,38 sq.m.,1,1,from 2.7 m,1,Closed balcony,No Renovation,,,,,,Syunik › Sisian,"$8,000",USD,"Apartment for sale in Sisian, Israel Ori street, 37 square meters, water, gas, electricity. It is a panel building. URGENT.Translated from Armenian",Dec-12-2022_19-58,Available,https://list.am/en/item/18640674,,,,,
Stone,No,Not available,3,63 sq.m.,3,1,from 2.7 m,1,Not available,Old Renovation,,,,,,Syunik › Sisian,"3,500,000 ֏",AMD,"The property is the property of the Bank as a result of the pledge.Syunik region, c. Sisian Shahumyan street 78-16a apartment, 62.6 sq. M., on the ground floor of a three stored building, three rooms, walls are made of stone, mezzanine is covered with panels, foundation is made of concrete, windows are of European production, entrance door is made of metal, interior doors are made of wood water, electricity Electricity, gas.You can also purchase the presented property through crediting by the Bank with the current credit terms and tariffs.Translated from Armenian",Dec-12-2022_19-58,Not available,https://list.am/en/item/8419106,,,,,
Stone,No,Not available,4,53 sq.m.,2,1,from 2.75 m,3,Multiple balconies,Partial Renovation,,,,,,"M. Stepanyan street 3, Kapan","$40,000",USD,"The apartment is sunny, has a closed and open balcony, is located in the center of the city. On the 3rd floor of a 4-story building, the number of rooms is 2, the renovation is partialPrice: 40,000 dollarsTranslated from Armenian",Dec-12-2022_19-58,Available,https://list.am/en/item/18272714,,,,,
Panels,Yes,Available,9,100 sq.m.,4,1,from 2.75 m,4,Closed balcony,Cosmetic Renovation,,,,,,"Davit Bek street, Kapan","$59,000",USD,"For sale in Kapan, converted into 3, 4-room natural.The bathroom is fully renovated (bathroom-toilet separately) The common apartment has been cosmetically renovated.The furniture is new. The refrigerator is new.The apartment is provided with a heating system.It has 2 huts, 2 bedrooms, 1 living room, as well as a closed balcony, which serves as a room.For the rest, call the mentioned phone number.Price is negotiable.Translated from Armenian",Dec-12-2022_19-58,By agreement,https://list.am/en/item/16122481,,,,,
Stone,No,Not available,5,100 sq.m.,4,2,from 2.75 m,2,Open balcony,Cosmetic Renovation,,,,,,Syunik › Kajaran,"28,000,000 ֏",AMD,For sale with furniture. Two apartments connected to each other.Translated from Armenian,Dec-12-2022_19-58,Available,https://list.am/en/item/18677091,,Garage,,"Fridge, washing machine","Yard view, street view, city view"
Panels,No,Available,9,100 sq.m.,4,2,from 2.75 m,9,Multiple balconies,Major Renovation,,,,,,"Ռաֆայել Մինասյան փողոց 19Ա, Կապան","35,000,000 ֏",AMD,"For sale is a 4-room sunny, fully furnished and very spacious apartment with an area of 100 square meters, on the 9th floor of a 9-story building, located in R. On Minasyan Street. It has two bedrooms, a dining room, a study, a separate bathroom, a large kitchen and a separate dressing room. The apartment is fully renovated, the external walls are thermally insulated. The windows are made in Europe, the chandeliers are remote controlled and LED. The apartment has balconies on both sides with a wonderful view of Khustup mountain and different parts of the city. It is heated by a gas boiler. The bathroom and kitchen are tiled and fitted with plumbing fixtures. It is full of built-in wardrobes both in the hallway, in the kitchen and on the balconies. There are two storage rooms with the apartment. One on the roof equal to the area of the apartment (100 square meters), the other on the 1st floor of the building (4 square meters) The roof is repaired and does not leak.The apartment is sold with all property and equipment.Translated from Armenian",Dec-12-2022_19-58,Available,https://list.am/en/item/18014752,,Outdoor parking,,"Fridge, stove, washing machine","Yard view, street view, city view"
Panels,No,Available,9,82 sq.m.,3,1,from 2.8 m,3,Open balcony,Major Renovation,,,,,,Syunik › Kapan,"30,000,000 ֏",AMD,"Fully renovated 3-room apartment for sale on Minas Papyan street. The apartment faces the sun, has an open balcony, the entrance door is made of iron, larger than the standard size, the windows are of high quality European production, the floor is made of oak wood, the bathroom is made of European tiles, BAXI heating system. The apartment is sold partially furnished and equipped. In the yard, 25 m from the porch, there is a two-story stone garage, the 2nd floor can be used for production purposes. Price with additional cost.Translated from Armenian",Dec-12-2022_19-58,Available,https://list.am/en/item/18190474,,,,,
Panels,No,Available,9,81 sq.m.,3,1,from 3 m,9,Open balcony,Major Renovation,,,,,,"Բաղաբերդ թաղամաս 9, Կապան","13,000,000 ֏",AMD,"The apartment is sunny, all the pipes and wires are new, it has an individual heating system, there is a garden with fruit trees in front of the building, there is a storage room on the floor. It has been completely renovated and has not been inhabited since then. It is located near the kindergarten. The courtyards and the roof of the building have been completely renovated.Translated from Armenian",Dec-12-2022_19-58,Available,https://list.am/en/item/18096371,,,,,
Stone,No,Not available,3,96 sq.m.,3,1,from 2.7 m,3,Not available,Cosmetic Renovation,,,,,,"Getapnya street, Goris","$45,000",USD,"STATEMENT:A 3-room apartment with a total area of 96 square meters is for sale in the central part of Goris, on Garegin Nzhdehi street.ℹ The apartment has constant hot and cold water, the roof is in good condition, it is sunny. The windows have been changed, the entrance door is iron.It has a large garage.Kindergarten, school, food and clothing stores, pharmacy, bakery are located near the apartment. Not for rent.The price is AMD 45,000. Negotiable.For more information callAttention, don't write questions in the comments. A phone number is indicated for questions.Tel.:Translated from Armenian",Dec-12-2022_19-58,Available,https://list.am/en/item/17368520,,,,,
Stone,No,Not available,4,50 sq.m.,1,1,from 3 m,4,Open balcony,Major Renovation,,,,,,Syunik › Goris,"11,000,000 ֏",AMD,"1 room turned into 2, heating system, European windows, open balcony, with furniture and appliances, has a basement. Negotiable.Translated from Armenian",Dec-12-2022_19-58,Available,https://list.am/en/item/16997342,,,,,
Stone,No,Not available,5,40 sq.m.,2,1,from 2.8 m,2,Closed balcony,Designer Renovation,,,,,,"Garegin Nzhdeh Street 16, Kapan","$40,000",USD,"A two room apartment is for sale in the center of Kapan, next to the Marzpetaran (Garegin Nzhdeh 16)The apartment is air-conditioned, has a separate entrance (iron door), is fully renovated, furnished, has all the communal facilities: Permanent hot and cold water, individual heating system as well as air conditioner.The area is under video surveillance.For sale together with property and equipment.Do not worry about useless questions, only real buyers will call.Translated from Armenian",Dec-12-2022_19-58,,https://list.am/en/item/17794081,,,,,
Stone,No,Not available,5,120 sq.m.,3,1,from 3 m,1,Multiple balconies,Old Renovation,,,,,,Syunik › Sisian,"$30,000",USD,"Բնակարանը ապահոված է մշտական ջրով, գազ, լույս, եվրոպատուհաններ։ Բարձր է առաջին հարկի համար, ունի նկուղ, բաց և փակ պատշգամբ։ Հարմար է օֆիսների, գեղեցկության սրահի, հագուստի և մթերային խանութների և այլ տիպի տարածքների համար։ Մոտիկ է բոլոր խանութներին, կենտրոնական հատված է, փողոցին կից։Գինը 30 000$' սակարկելի։ Որոտան 4/2",Dec-12-2022_19-58,Available,https://list.am/en/item/18141729,,,,,
Stone,No,Not available,3,65 sq.m.,3,1,from 2.8 m,1,Closed balcony,Cosmetic Renovation,,,,,,Syunik › Sisian,"$27,000",USD,"Q ․ A 3-room apartment is for sale in Sisian, at Khanjyan 5/13. Renovated, permanent hot and cold water, gas, shower, closed balcony, entrance from the opposite side of the building. Suitable for a shop, a beauty salon. Price $ 27,000, negotiable.Translated from Armenian",Dec-12-2022_19-58,Available,https://list.am/en/item/16984422,,,,,
Stone,No,Not available,3,56 sq.m.,3,1,from 3 m,2,Multiple balconies,Old Renovation,,,,,,"Улица Ованнеса Туманяна 18, Капан","2,200,000 ₽",RUB,"Продается квартира в центе города Капан. Рядом стадион, спортцентр, школа в двух минутах от дома, двор благоустроен, асфальтирован. Квартира со старым ремонтом, из двух комнат переделан в трехкомнатную, но остальные комнаты не потеряли свои метры. Из большого балкона сделана кухня. Присоединено отдельное подсобное помещение.",Dec-12-2022_19-58,By agreement,https://list.am/en/item/17835721,,,,,
Stone,No,Not available,5,63 sq.m.,2,1,from 2.75 m,4,Open balcony,Euro Renovation,,,,,,Syunik › Sisian,"$25,000",USD,The apartment is renovated and furnished. It is sold with all the property and equipment.Translated from Armenian,Dec-12-2022_19-59,Available,https://list.am/en/item/18333323,,,,,
Stone,No,Not available,5,63 sq.m.,2,1,from 2.7 m,4,Multiple balconies,Old Renovation,,,,,,Syunik › Meghri,"$23,000",USD,"Վաճառվում է 2 սենյականոց բնակարան 5 հարկանի քարի շենքի 4-րդ հարկում՝ մակերեսը 63,3 ք. Մ. ։ Այն ունի մակերեսը մեծացնելու հնարավորություն։ Սենյակների մուտքերն առանձին են։ Ունի լայն միջանցք, փակ և բաց պատշգամբներ, մեծ սանհանգւյց առանձին զուգարանով, մշտական սառը և տաք ջուր։ Վերանորոգված չէ։Հասցե՝ ք. Մեղրի, Զորավար Անդրանիկի փ. , 34 շենք (կամրջի վերևում) ։Продается 2-комнатная квартира на 4-ом этаже 5-и этажного каменного дома. Площадь 63,3 кв. М. Есть возможность расширения площади. Изолированные комнаты. Квартира имеет широкий коридор, лоджию и балкон, раздельный санузел. Наличие холодной и горячей воды. Старый ремонт.Адрес: Г. Мегри, ул. Андраника Зоравара, д. 34 (над мостом)",Dec-12-2022_19-59,By agreement,https://list.am/en/item/18430101,,,,,
Stone,No,Not available,5,40 sq.m.,2,1,from 3 m,5,Closed balcony,Old Renovation,,,,,,"Улица Нар-Доса 1, Сисиан","$10,300",USD,Срочно продается квартира 1 комната + нища все комунальные удобства. Улица Гаи дом15,Dec-12-2022_19-59,,https://list.am/en/item/18503701,,,,,
Stone,No,Not available,5,40 sq.m.,2,1,from 3 m,5,Closed balcony,Old Renovation,,,,,,"Улица Нар-Доса 1, Сисиан","$10,300",USD,Срочно продается квартира 1 комната + нища все комунальные удобства. Улица Гаи дом15,Dec-12-2022_19-59,,https://list.am/en/item/18503702,,,,,
Stone,No,Not available,4,84 sq.m.,3,1,from 2.8 m,3,Closed balcony,No Renovation,,,,,,"Улица Воротана 3А/3, Сисиан","$18,000",USD,"Квартира находеса 0 састаяне, без ремонта. Внутриние измеиеие стен можно делать сами...",Dec-12-2022_19-59,,https://list.am/en/item/16214086,,,,,
Panels,No,Available,9,54 sq.m.,2,2,from 2.7 m,3,Closed balcony,Cosmetic Renovation,,,,,,"Ռաֆայել Մինասյան փողոց 20, Կապան","15,000,000 ֏",AMD,The closed balcony can be used as a3rd room.The apartment has a large pantry.Translated from Armenian,Dec-12-2022_19-59,Available,https://list.am/en/item/16633878,,,,,
Panels,No,Not available,12,85 sq.m.,3,2,from 2.7 m,11,Multiple balconies,Cosmetic Renovation,,,,,,"Բաղաբերդ թաղամաս, Կապան","10,500,000 ֏",AMD,"Վաճառվում է 3 սենյականոց բնակարանՇատ արևկողԸնդարձակՀարմարավետ բնակարանԱնմիջապես կանգառի վերևումԲաղաբերդ 2ա շենքումՆոր է մասնակի կոսմետիկ վերանորոգվել:For Sale, 85 square meters, 2 bedrooms Apartment / Flat3-room apartment, 2-bedrooms apartment for saleVery sunny, spacious, cozy apartment, right above the bus stop station in Kapan Armenia!Can have some small investment to finalize renovation, and enjoy it or to generate revenue in case of rentals or further sell! More pics are available upon request, please write me on vyber.Продоется 3-комнатная квартираОчень солнечная, просторная, уютная квартира, прямо над автобусной остановкой в доме Багаберда 2аСделан частичный косметический ремонт.",Dec-12-2022_19-59,Partial Furniture,https://list.am/en/item/14233245,,,,Stove,"Yard view, street view, city view"
Stone,No,Not available,1,130 sq.m.,4,1,from 3.2 m,1,Open balcony,Old Renovation,,,,,,Syunik › Sisian,"$9,000",USD,"Private house for sale in Brnakot village. There is permanent gas, water, light. It has a big garden with fruit trees. There is also a half-built cattle barn. Call for detailed questions. Negotiable:Translated from Armenian",Dec-12-2022_19-59,By agreement,https://list.am/en/item/17952091,,Outdoor parking,,"Fridge, stove","Yard view, park view"
Stone,No,Not available,4,60 sq.m.,2,1,from 2.6 m,1,Closed balcony,Cosmetic Renovation,,,,,,Syunik › Kapan,"$35,000",USD,"2-комн. Квартира. В Сюнике в центре города Капан, ул. Чаренца 4, продается квартира, 60 кв. М. , 1/4 этаж, косметический ремонт, каменное здание, в квартире есть газ, имеется возможность достроить 3 комнату, удобно также использовать в комерческих целях, по другим вопросам звоните по указанному номеру.",Dec-12-2022_19-59,Available,https://list.am/en/item/17999908,,,,,
Panels,No,Available,9,64 sq.m.,2,1,from 3 m,9,Open balcony,No Renovation,,,,,,"Մուշեղ Հարությունյան փողոց, Կապան","$28,000",USD,The price includes the garage.The roof is newly renovated.Translated from Armenian,Dec-12-2022_19-59,,https://list.am/en/item/18283290,,,,,
Stone,No,Not available,5,63 sq.m.,2,1,from 2.5 m,2,Closed balcony,Old Renovation,,,,,,Syunik › Goris,"12,000,000 ֏",AMD,Վաճառվում է բնակարան ք. Գորիսում։Բնակարանը 2 սենյականոց է՝ ձևափոխած 3-ի։Հասցե՝ Սալ Քար 2շ բն5Ոնի նաև նկուղ։,Dec-12-2022_19-59,Available,https://list.am/en/item/16059495,,,,,
Stone,No,Not available,3,60 sq.m.,3,1,from 2.75 m,1,Not available,Major Renovation,,,,,,Syunik › Goris,"$35,000",USD,"A 2-room apartment is for sale in the central part of the city, turned into 3, the address is Syunik 17 (apartment 28), capitally renovated, has 5 balconies, is for sale together with the property, has a basement.Translated from Armenian",Dec-12-2022_19-59,Available,https://list.am/en/item/16682197,,,,,
Stone,No,Not available,5,80 sq.m.,3,1,from 3 m,1,Closed balcony,Cosmetic Renovation,,,,,,"Syuniq street, Goris","$41,000",USD,"3 rooms. Apartment. It is sunny. It is a very warm house. It has all the comforts. It is a closed balcony which also serves as a bedroom. 2 rooms are currently habitable, the other 1 room has a separate entrance and works as a hairdressing salon in which there is a hot and cold water. Suitable for various businesses. Has many possibilities.The apartment has 2 basements, big and small. There are supermarkets, schools, kindergartens in the neighborhood.URGENT, the rest of the questions by calling.Translated from Armenian",Dec-12-2022_19-59,Not available,https://list.am/en/item/17186538,,,,,
Stone,No,Not available,5,44 sq.m.,2,1,from 2.7 m,5,Closed balcony,Major Renovation,,,,,,"Shahumyan street, Kapan","$35,000",USD,The building behind Dzetski Mir. One room converted into two. Negotiable.Translated from Armenian,Dec-12-2022_19-59,,https://list.am/en/item/18150118,,,,,
Panels,No,Available,9,98 sq.m.,3,1,from 2.75 m,5,Multiple balconies,Old Renovation,,,,,,"Դավիթ Բեկ փողոց 10, Կապան","22,000,000 ֏",AMD,"The apartment is sold partially furnished. It has 2 open balconies and 1 closed balcony, facing the sun.You can write or call for details.Translated from Armenian",Dec-12-2022_19-59,By agreement,https://list.am/en/item/18000946,,,,,
Stone,No,Not available,4,60 sq.m.,3,1,from 2.7 m,1,Open balcony,Euro Renovation,,,,,,"Ավանգարդ փողոց, Գորիս","$35,000",USD,"The apartment is in perfect condition, it has a basement, there is also 20 square meters of land intended for the construction of a garage. The price is negotiable.Translated from Armenian",Dec-12-2022_19-59,,https://list.am/en/item/18032988,,,,,
Panels,No,Not available,5,17 sq.m.,1,1,from 2.8 m,5,Open balcony,Partial Renovation,,,,,,"Ձորք թաղամաս, Կապան","6,000,000 ֏",AMD,1-room apartment for sale in Baghaberd 17 buildingTranslated from Armenian,Dec-12-2022_19-59,,https://list.am/en/item/18542993,,,,,
Stone,No,Not available,5,35 sq.m.,2,1,from 2.7 m,2,Closed balcony,No Renovation,,,,,,Syunik › Goris,"$18,000",USD,"For rent at the momentIt is given, for sale only real buyers call, permanent hot-cold water, gas supply, new water pipes, windows of water production, apart from the apartment, a separate building is provided.Translated from Armenian",Dec-12-2022_19-59,By agreement,https://list.am/en/item/11258398,,,,,
Stone,No,Not available,4,56 sq.m.,2,1,from 3 m,2,Open balcony,Cosmetic Renovation,,,,,,"Shahumyan street, Kapan","16,000,000 ֏",AMD,"Together with the property and equipment, without property we will agree... The apartment is a Stalinist project, the entrance door is new, iron... The windows are European...Translated from Armenian",Dec-12-2022_19-59,Available,https://list.am/en/item/16227026,Playground,Outdoor parking,,"Fridge, stove, washing machine","Yard view, street view, city view, park view"
Stone,No,Not available,4,90 sq.m.,4,1,from 2.75 m,2,Open balcony,Euro Renovation,,,,,,"Charents street, Agarak","20,000,000 ֏",AMD,"Capital, renovated 4-room apartment for sale, has constant hot and cold water, air conditioner, TV, refrigerator, washing machine, fully furnished, open economic balcony, basement. Price with property and appliances 20000000 AMD.Translated from Armenian",Dec-12-2022_19-59,,https://list.am/en/item/16100591,,,,,
Panels,No,Not available,5,92 sq.m.,4,1,from 2.7 m,5,Multiple balconies,Partial Renovation,,,,,,Syunik › Sisian,"8,800,000 ֏",AMD,"4-room apartment for sale in Sisian, euro windows, warm, comfortable. URGENT: NEGOTIABLETranslated from Armenian",Dec-12-2022_19-59,By agreement,https://list.am/en/item/17274495,,,,,
Stone,No,Not available,5,114 sq.m.,3,2,from 2.7 m,4,Open balcony,Major Renovation,,,,,,"Շիրվազանդե փողոց 6, Քաջարան","$50,000",USD,"The apartment is fully renovated. The 4-room apartment is converted into a 3-room apartment. The apartment has 2 bedrooms, 1 living room, 2 bathrooms, 1 kitchen, 1 large room opening from the bedroom, 1 open balcony.Translated from Armenian",Dec-12-2022_19-59,By agreement,https://list.am/en/item/18638930,Playground,Outdoor parking,,"Fridge, stove, washing machine","Yard view, street view, city view, park view"
Stone,No,Not available,3,47 sq.m.,2,1,from 2.5 m,3,Closed balcony,Euro Renovation,,,,,,Syunik › Sisian,"$20,000",USD,Apartment for sale in the city center; The apartment is completely renovated. It has a BAXI heating system. The apartment can be sold together with the property for an additional feeTranslated from Armenian,Dec-12-2022_19-59,Available,https://list.am/en/item/18376085,,,,,
Panels,No,Available,9,87 sq.m.,3,1,from 2.8 m,8,Open balcony,Cosmetic Renovation,,,,,,"Դավիթ Բեկ փողոց 6, Կապան","$39,000",USD,"3-room turned into 4 apartment is for sale on Davit Bek street.The apartment is airy. There is an open balcony.The bathroom is tiled, BAXI heating system is installed.For sale with property and equipment.Translated from Armenian",Dec-12-2022_19-59,,https://list.am/en/item/17216745,,,,,
Panels,No,Not available,4,73 sq.m.,3,1,from 2.8 m,4,Open balcony,Euro Renovation,,,,,,Syunik › Sisian,"15,500,000 ֏",AMD,"The apartment is located in Sisian, in the building of 8 padiezdan. Baxi, sushilka, kitchen furniture, the balcony is newly built (with kazirokov), the entrance door is iron (heavy), gas, telephone, internet, the patio windows are euro, clean, bright, warm room, the store is attached to the entrance, the back has a basement! If desired, the property is negotiable!Translated from Armenian",Dec-12-2022_19-59,Available,https://list.am/en/item/18091974,,,,,
Panels,No,Available,9,43 sq.m.,2,1,from 2.7 m,4,Closed balcony,Major Renovation,,,,,,Syunik › Kapan,"11,000,000 ֏",AMD,"It is on the sunny side, it is gasified, it has constant hot and cold water, windows of Euro production.Translated from Armenian",Dec-12-2022_19-59,Available,https://list.am/en/item/15728233,,,,,
Panels,No,Available,9,100 sq.m.,3,1,from 2.8 m,4,Open balcony,Major Renovation,,,,,,"Ստեփանյան փողոց 12, Կապան","35,000,000 ֏",AMD,The apartment is for sale with propertyThe floor and the ceiling is capitally renovatedTranslated from Armenian,Dec-12-2022_19-59,Available,https://list.am/en/item/16559357,,,,,
Stone,No,Not available,5,68 sq.m.,3,1,from 2.8 m,1,Closed balcony,Old Renovation,,,,,,"Shahumyan street 31, Kapan","$46,000",USD,"A 3-room apartment on the 1st floor of a 5-story stone building is for sale. The apartment has a heating system, all windows are of European manufacture, the outer door is made of iron. The apartment is sold with the property.Translated from Armenian",Dec-12-2022_19-59,Available,https://list.am/en/item/18336698,,,,,
Panels,No,Not available,3,75 sq.m.,3,1,from 2.5 m,3,Multiple balconies,Cosmetic Renovation,,,,,,"Charents street, Agarak","$16,000",USD,There is an open and closed balcony.Translated from Armenian,Dec-12-2022_19-59,,https://list.am/en/item/17856658,,,,,
Stone,No,Available,4,49 sq.m.,2,1,from 2.75 m,1,Not available,Major Renovation,,,,,,Syunik › Goris,"$33,000",USD,"Three converted two-room apartments for sale.Capital renovated.A heating system is installed.For sale with property and equipment.Floor: 4/1.Area: 49 sq. M:Price: $33,000Code LL002217Translated from Armenian",Dec-12-2022_19-59,Available,https://list.am/en/item/18109041,,,,,
Stone,No,Not available,5,45 sq.m.,2,1,from 2.75 m,5,Closed balcony,Old Renovation,,,,,,Syunik › Sisian,"$15,000",USD,The apartment was converted from 1 room to 2Translated from Armenian,Dec-12-2022_19-59,,https://list.am/en/item/18159134,,,,,
Stone,No,Not available,5,77 sq.m.,3,1,from 2.8 m,5,Multiple balconies,Old Renovation,,,,,,Syunik › Agarak,"$30,000",USD,"A 3-room apartment on the 5th floor of a 5-story stone building is urgently for sale in AGARAK city / Meghri region. The apartment is in good and clean condition. It has constant hot and cold water (water tank/Ariston/), open and closed balcony, sunny on one side. It has a storage room. There is a very close school, grocery and thrift stores in the area. The apartment is sold together with the entire property. NEGOTIABLE.THE APARTMENT IS ALSO FOR RENT. 70,000 dr. Per month.Translated from Armenian",Dec-12-2022_19-59,Available,https://list.am/en/item/16244253,,Outdoor parking,,"Fridge, stove","Yard view, street view, city view"
Stone,No,Not available,3,55 sq.m.,2,1,from 2.7 m,3,Closed balcony,Partial Renovation,,,,,,"M. Stepanyan street, Kapan","16,000,000 ֏",AMD,"The apartment is sunny, partially renovated. The entrance door is iron, there is constant hot and cold water. There is also furniture.Translated from Armenian",Dec-12-2022_19-59,Available,https://list.am/en/item/18603905,,,,,
Panels,No,Available,9,68 sq.m.,2,1,from 2.8 m,8,Open balcony,Major Renovation,,,,,,"Davit Bek street, Kapan","$47,000",USD,"2-room apartment is for sale in Davit Bek district of Kapan city. The apartment is spacious, capitally renovated. It has an open balcony with a beautiful view. The price of the apartment includes all the property. Price is negotiable.Translated from Armenian",Dec-12-2022_19-59,Available,https://list.am/en/item/17710688,,,,,
Stone,No,Not available,5,68 sq.m.,2,1,from 2.6 m,3,Multiple balconies,Cosmetic Renovation,,,,,,Syunik › Goris,"$29,000",USD,"A 2-room apartment converted into 3 is for sale in the city of Goris on the 3rd floor of a 5-floor building.It has an open and a closed balcony.The bathroom and toilet are separate (tiled)Also exchangeable with 1 bedroom flat at extra charge.It also has a stone garage, which is sold both separately and with the apartment.Translated from Armenian",Dec-12-2022_19-59,By agreement,https://list.am/en/item/18523236,,,,,
Stone,No,Not available,3,50 sq.m.,2,1,from 2.7 m,2,Open balcony,Old Renovation,,,,,,Syunik › Sisian,"$13,500",USD,"Attention2-room apartment for sale, with an open balcony, from where you can see a beautiful view (Yerevan park)The apartment is located in the riverside district, on Charents street.The apartment is in good condition, gas-fired and sunny.It is also available for rent for AMD 45,000Translated from Armenian",Dec-12-2022_19-59,,https://list.am/en/item/18331017,,,,,
Monolith,No,Available,9,59 sq.m.,2,1,from 2.8 m,2,Open balcony,Old Renovation,,,,,,"Hunan Avetisyan street 1, Kapan","$35,000",USD,The apartment is located in the center of the city. Call for details.Translated from Armenian,Dec-12-2022_19-59,,https://list.am/en/item/17931996,,,,,
Stone,No,Not available,5,75 sq.m.,3,1,from 2.8 m,5,Open balcony,Partial Renovation,,,,,,Syunik › Meghri,"12,000,000 ֏",AMD,"3-room apartment on the 5th floor of a 5-storey stone building is currently for sale. The apartment has a large corridor, closed and open balconies, a bathroom, a separate toilet. The rooms are spacious and have separate entrances directly from the corridor. The roof is repaired, it is possible to add a bigger one - Open balcony, there is a permanent water supply. The apartment has a basement on the first floor of the building.Meghri Zoravar Andranik 34/18 (3rd part)house in MeghriTranslated from Armenian",Dec-12-2022_19-59,,https://list.am/en/item/17781090,,,,,
Stone,Yes,Not available,3,230 sq.m.,6,2,from 3 m,3,Open balcony,Euro Renovation,,,,,,"Փարամազի փողոց, Մեղրի","40,000,000 ֏",AMD,"A 6-room apartment of 230 sq/m is for sale in the city center, the apartment has 4 bedrooms, two living rooms, two entrances. General and separate. It is sold with kitchen furniture. The roof has the possibility of one floor. It has a 33 sq/m open balcony and a 15 sq/m pantry. For questions, call the indicated number. The price is 40 million drams or equivalent dollars. No bargaining.Translated from Armenian",Dec-12-2022_19-59,,https://list.am/en/item/17697273,,,,,
Stone,No,Not available,5,71 sq.m.,3,1,from 2.75 m,2,Multiple balconies,Old Renovation,,,,,,"Ստեփան Շահումյանի փողոց, Կապան","$40,000",USD,Those interested can go and have a look at the siteTranslated from Armenian,Dec-12-2022_19-59,,https://list.am/en/item/18261738,,,,,
Panels,Yes,Not available,4,110 sq.m.,4,2,from 3 m,4,Open balcony,Major Renovation,,,,,,"Garegin Nzhdeh street, Goris","$65,000",USD,"4-room apartment is for sale in Goris, on Sero Khanzadyan 3 (near the university), on the 4th-5th floors of a 4-storey building.The area is 110 square metersCeiling height: 3 mThoroughly reconstructedIndividual heating system, like a water heaterIron entrance doorWindows of European production3 bedroomsLiving room:2 bathroomsOpen balcony with a wonderful view of GorisKitchen3 basementsLand adjacent to the building to build a garageAll the necessary communications are nearby: University, school, kindergarten, shops, entertainment places.Translated from Armenian",Dec-12-2022_19-59,,https://list.am/en/item/17699295,,,,,
Stone,No,Not available,5,50 sq.m.,2,1,from 2.7 m,5,Not available,Cosmetic Renovation,,,,,,Syunik › Kapan,"$21,500",USD,"Apartment for sale, 1 room turned into 2, Shnararner 15/34, cosmetically renovated, boxy, for sale with partial property. Price is negotiable.Translated from Armenian",Dec-12-2022_19-59,,https://list.am/en/item/16886543,,,,,
Panels,No,Available,9,79 sq.m.,3,2,from 2.8 m,9,Open balcony,Old Renovation,,,,,,"Մուշեղ Հարությունյան փողոց 12, Կապան","16,000,000 ֏",AMD,"A 3-room apartment is for sale at 12/69 Mushegh Harutunyan Street, near the school and kindergarten. The windows are partially replaced with European ones, the entrance door is made of iron. For sale with partial ownership.Translated from Armenian",Dec-12-2022_19-59,,https://list.am/en/item/18543564,,,,,
Stone,No,Not available,5,80 sq.m.,3,1,from 2.8 m,3,Not available,Old Renovation,,,,,,Syunik › Goris,"$40,500",USD,The apartment is in normal condition.Translated from Armenian,Dec-12-2022_19-59,,https://list.am/en/item/17749057,,,,,
Stone,No,Not available,2,137 sq.m.,4,2,from 2.75 m,2,Multiple balconies,Major Renovation,,,,,,Syunik › Sisian,"$60,000",USD,"A small residential house (apartment) at Israelyan address is for sale. The apartment building is located in the city center. It is very convenient and can serve as a guest house or as an office where business plans will be implemented. It is sunny. The windows are of European manufacture, the doors have been changed: The entrance door is metal, the staircase is from the inside. Has all utilities.It is also available for rent.For offices: 150,000 dramsindividuals - 100,000 dramsCode B-0002Translated from Armenian",Dec-12-2022_19-59,,https://list.am/en/item/18051275,,,,,
Stone,No,Not available,3,66 sq.m.,2,1,from 2.8 m,3,Closed balcony,Old Renovation,,,,,,"Charents street, Agarak","$15,000",USD,"A two-room apartment is for sale or rent in Agarak, Syunik region. The apartment is located in the center, close to the school, kindergarten, hospital, square.The apartment is provided with the necessary property.It is possible to rent the house for 60,000 AMD per month. We are ready to reduce the rent if the apartment is improved. For details, you can call every day after 13:00.Translated from Armenian",Dec-12-2022_19-59,,https://list.am/en/item/18523090,,,,,
Panels,No,Not available,4,60 sq.m.,2,1,from 2.75 m,3,Open balcony,Cosmetic Renovation,,,,,,"Ստեփան Շահումյանի փողոց, Սիսիան","$22,000",USD,"Apartment for sale, located in Sisian, address: 72 Shahumyan apt. 5 (8 padies) It has been turned into 2 rooms into 4 rooms.Translated from Armenian",Dec-12-2022_19-59,,https://list.am/en/item/16944322,,,,,
Panels,Yes,Available,9,66 sq.m.,2,1,from 2.8 m,7,Closed balcony,Partial Renovation,,,,,,Syunik › Meghri,"8,000,000 ֏",AMD,"The house is in good condition, has hot and cold water, air conditioningIt is sold together with the property.Address: 42/25 ParamaziTranslated from Armenian",Dec-12-2022_19-59,,https://list.am/en/item/18519758,,,,,
Panels,No,Not available,5,107 sq.m.,4,1,from 2.8 m,3,Multiple balconies,Cosmetic Renovation,,,,,,Syunik › Meghri,"15,000,000 ֏",AMD,"Apartment for sale in the city of Meghri, in the building of Zoravar Andranik 36 (PMCA)5/3 floor107 square metersNegotiableTranslated from Armenian",Dec-12-2022_19-59,,https://list.am/en/item/18013260,,,,,
Stone,Yes,Not available,4,170 sq.m.,5,3+,from 3 m,4,Multiple balconies,No Renovation,,,,,,"Artsakhyan avenue 10, Goris","$33,000",USD,There is a nut without repairing the parquetTranslated from Armenian,Dec-12-2022_19-59,,https://list.am/en/item/15622119,,,,,
Stone,No,Not available,5,83 sq.m.,3,1,from 2.7 m,3,Open balcony,Partial Renovation,,,,,,"Orbelyanner street, Goris","$26,000",USD,"The apartment is partially renovated, the entrance door is of European production, the rooms are fully renovated, it is gasified, has an open balcony, it is fully furnished with a pleasant view. PossibleFor Sale: Partial or Full Property.Code N3 321Translated from Armenian",Dec-12-2022_19-59,,https://list.am/en/item/17401256,,,,,
Stone,No,Available,9,35 sq.m.,2,1,from 2.7 m,6,Not available,Major Renovation,,,,,,"Orbelyanner street, Goris","$30,500",USD,"The apartment is located in Shengavit district, on the road leading to the horse race. It is capitally renovated; For sale with property.Code HH 104Translated from Armenian",Dec-12-2022_19-59,,https://list.am/en/item/17401319,,,,,
Stone,No,Not available,3,64 sq.m.,2,1,from 2.7 m,1,Closed balcony,Old Renovation,,,,,,"Orbelyanner street, Goris","$13,000",USD,"It is in state condition, there is no gas. The bathroom needs to be repaired, the parquet is normal. Has a basement! Entrance door wooden, iron.Code 2 63Translated from Armenian",Dec-12-2022_19-59,,https://list.am/en/item/17684351,,,,,
Stone,No,Not available,3,68 sq.m.,3,1,from 2.7 m,2,Open balcony,Old Renovation,,,,,,"Orbelyanner street, Goris","$28,000",USD,"The apartment is located in Getapnya district, it is spacious, old renovated.Code 3 346Translated from Armenian",Dec-12-2022_19-59,,https://list.am/en/item/17405615,,,,,
Stone,No,Not available,4,66 sq.m.,3,1,from 2.7 m,4,Closed balcony,Old Renovation,,,,,,"Orbelyanner street, Goris","$30,000",USD,"The apartment is located on Bakuntsi street, it is equipped with gas, with old repairs.Code 3 358Translated from Armenian",Dec-12-2022_19-59,,https://list.am/en/item/18245121,,,,,
Panels,No,Available,9,67 sq.m.,2,1,from 3 m,9,Closed balcony,Cosmetic Renovation,,,,,,"Ձորք թաղամաս 9, Կապան","$23,000",USD,"A 2-room apartment in Dzork district is for sale URGENTLY: 9/33. Partially renovated, with European windows, gasified. The price is $23,000.Translated from Armenian",Dec-12-2022_19-59,,https://list.am/en/item/17783994,,,,,
Stone,No,Not available,5,100 sq.m.,4,1,from 2.8 m,2,Open balcony,No Renovation,,,,,,"Որոտան փողոց, Սիսիան","$25,000",USD,"A 4-room apartment is for sale in Sisian. For viewing, call the indicated numberTranslated from Armenian",Dec-12-2022_19-59,,https://list.am/en/item/18148227,,,,,
Panels,No,Available,9,104 sq.m.,4,1,from 3.2 m,4,Closed balcony,Cosmetic Renovation,,,,,,"Ստեփան Շահումյանի փողոց 6, Քաջարան","18,000,000 ֏",AMD,"4-room apartment is for sale on Shahumyan street, 104 sq. M. Մ. Located on the 4th floor of a 9-storey building. The apartment is in cosmetically renovated condition. Iron door, euro windows are installed. It is provided with constant water and gas supply. It is heated by BAXI heating system. The bathroom is tiled. The apartment is for sale together with the whole property.Translated from Armenian",Dec-12-2022_19-59,,https://list.am/en/item/17681296,,,,,
Panels,No,Available,13,81 sq.m.,4,1,from 2.75 m,2,Multiple balconies,Euro Renovation,,,,,,"Davit Bek street, Kapan","25,000,000 ֏",AMD,"Newly renovated sunny apartment for sale in Dacit-Bek district (discotheque building), has 2 open balconies. For sale with partial ownership.Translated from Armenian",Dec-12-2022_19-59,,https://list.am/en/item/18453913,,,,,
Panels,No,Not available,5,73 sq.m.,3,1,from 2.8 m,2,Closed balcony,No Renovation,,,,,,Syunik › Kapan,"$12,000",USD,"It is located in Barikavan district of Kajaran city (ZA) It is in a state of repair, the location is very convenient.Translated from Armenian",Dec-12-2022_19-59,,https://list.am/en/item/17910873,,,,,
Stone,No,Not available,4,34 sq.m.,1,1,from 2.75 m,2,Open balcony,Partial Renovation,,,,,,Syunik › Goris,"$16,000",USD,"A one-room apartment with niche is for sale.It has an open balcony.Floor: 4/2.Area: 34 sq. M:Price: $16,000Code LL00165Translated from Armenian",Dec-12-2022_19-59,,https://list.am/en/item/18109021,,,,,
Stone,No,Not available,4,70 sq.m.,3,1,from 2.8 m,4,Not available,Major Renovation,,,,,,Syunik › Goris,"$35,000",USD,"Four converted three-room apartment is for sale. It is capitally renovated.Heating system is installed.The windows are of European production.The roof is in good condition.Has a garage.For sale with property and equipment.The area is 70 square meters. M:Floor: 4/4Price: $ 35,000Code LL003326Translated from Armenian",Dec-12-2022_19-59,,https://list.am/en/item/17874693,,,,,
Stone,No,Not available,4,64 sq.m.,2,1,from 3 m,3,Multiple balconies,Cosmetic Renovation,,,,,,Syunik › Kapan,"$55,000",USD,"A two-room apartment is for sale at Shahumyan 2 (building 48) The ceiling height is 3m. It has an open and closed balcony. The closed balcony can be used as a3rd room.! For rent, not for daily rent.It will be negotiated after the real buyer sees the apartment.Translated from Armenian",Dec-12-2022_19-59,,https://list.am/en/item/16614226,,,,,
Stone,No,Not available,1,110 sq.m.,3,1,from 2.75 m,1,Closed balcony,Partial Renovation,,,,,,"Կենտրոնական փողոց 1, Ագարակ","$12,000",USD,"Private house for sale in Meghri-Karchjan village. Has a basement, near the house, with fruit trees (16) For details callTranslated from Armenian",Dec-12-2022_19-59,,https://list.am/en/item/17915358,,,,,
Stone,No,Not available,4,53 sq.m.,2,1,from 2.8 m,2,Closed balcony,Major Renovation,,,,,,"Ստեփանյան փողոց 2, Կապան","$53,000",USD,"A 2-room apartment + additional bedroom is for sale on Melik Stepanyan Street, on the 2nd floor of a 4-story stone building.The apartment is fully renovated, facing the sun.The entrance door is iron, the windows are euro, the floor is parquet, the bathroom is tiled. Sanhangutsi, combined, e. Wires and tubes replaced.It has a heating system, constant water and gas. It has a basement of 3 square meters.It is sold together with furniture.Translated from Armenian",Dec-12-2022_19-59,,https://list.am/en/item/18364657,,,,,
Stone,No,Not available,2,84 sq.m.,3,1,from 2.7 m,2,Multiple balconies,Major Renovation,,,,,,"Orbelyanner street, Goris","$58,000",USD,"The apartment is in excellent condition, has an additional area, central heating system, windows of European production. Has a separate garage and garden. For sale with the whole property.Code 3 353Translated from Armenian",Dec-12-2022_19-59,,https://list.am/en/item/17913151,,,,,
Stone,No,Not available,2,76 sq.m.,3,1,from 2.7 m,2,Closed balcony,Partial Renovation,,,,,,Syunik › Sisian,"$18,000",USD,"K. Sisian on Teryan streetApartment for sale, 76 square meters. M, located on the 2nd floor of a 2-story tuff building. The apartment is partially renovated. Installed euro door, euro windows. The apartment is sunny, has all utilities.Code 0002Translated from Armenian",Dec-12-2022_19-59,,https://list.am/en/item/18212935,,,,,
Panels,No,Not available,5,76 sq.m.,4,1,from 3 m,1,Not available,Partial Renovation,,,,,,"Vorotan Str, Sisian","10,000,000 ֏",AMD,Negotiable. Call the mentioned mobile phone number for details.Translated from Armenian,Dec-12-2022_19-59,,https://list.am/en/item/15694517,,,,,
