Type,Floor Area,Address,Price,Currency,Description,Datetime,Furniture,Elevator,Location from the Street,Entrance,Parking,Lease Type,Minimum Rental Period,Prepayment,Utility Payments,Links,Construction Type
Everything Else,600 sq.m.,Aragatsotn › Ashtarak,"$40,000",USD,"The farm cattle shed Luys has a water supply, a feed store, a guard room, it is located in the village of Ushi, it has a usable area of 600 square meters, the height of the farm is 8 meters.Translated from Armenian",Nov-24-2022_22-32,,,,,,,,,,https://list.am/en/item/17227582,
Agricultural Space,9 sq.m.,Aragatsotn › Ashtarak,"120,000 ֏",AMD,Домик... Срочно... Нет торга цена последни... Пишите. Не званитье,Nov-24-2022_22-32,,,,,,,,,,https://list.am/en/item/18272136,
Functioning Business,2000 sq.m.,"Ashtarak highway, Yerevan","$130,000",USD,The bakery is awake. In the village of Yerevan. On the Aparan highway.Translated from Armenian,Nov-24-2022_22-32,,,,,,,,,,https://list.am/en/item/16442198,
Multifunctional Space,450 sq.m.,Aragatsotn › Ashtarak,"850,000 ֏",AMD,"An existing business for rent, Ashtarak Proshyan Sofkhoz, adjacent to the North-South highway.First line.2 storey multi-purpose property. Each floor is 225 square meters.Supermarket on the 1st floor. It has a separate bakery.The floors can also be rented separately. Each floor costs 900,000.All utilities are available: Gas, water, electricity, three-phase electricity.For more information call:*Agency commission is 2% of sale price.To see similar agency announcements, you can visit our page by clicking on the logo photo.Code 7001Translated from Armenian",Nov-24-2022_22-32,,,,,,,,,,https://list.am/en/item/18350094,
Office Space,500 sq.m.,"Մարշալ Բաղրամյան փողոց 53, Ապարան","200,000 ֏",AMD,"Office space for rent in Aparan city, on the main street (first line), Aparan square.The 2nd and 3rd floors of the building are for rent.Each floor is 500 square meters.The price is negotiable.For more information call:Aparan, lease, space for rent, office space, Marshal BaghramyanTranslated from Armenian",Nov-24-2022_22-32,,,,,,,,,,https://list.am/en/item/17811620,
Warehouse,200 sq.m.,Aragatsotn › Ashtarak,"300,000 ֏",AMD,A storage area is for rentTranslated from Armenian,Nov-24-2022_22-32,,,,,,,,,,https://list.am/en/item/17223096,
Warehouse,200 sq.m.,Aragatsotn › Ashtarak,"100,000 ֏",AMD,"Premises for rent in Ashtarak city. Stone buildings that you can use for storage or workshop. Water, electricity, sewage are available. Call for the price, we will make an agreement.A cooperation option is also possible.Translated from Armenian",Nov-24-2022_22-32,By agreement,Not available,Other,Common from the Courtyard,OUtdoor parking,Direct Lease,1 month,1 month,Not included,https://list.am/en/item/16989174,
Multifunctional Space,420 sq.m.,Aragatsotn › Aragatsotn,"1,000,000 ֏",AMD,"VM976Aragatsotn, Proshyan village420 square meters, 2-story business space for rent on the Ashtarak-Yerevan highway.Operates as a supermarket, bakeryThe 2nd floor has a separate entranceAMD 1,000,000 per floorTranslated from Armenian",Nov-24-2022_22-32,,,,,,,,,,https://list.am/en/item/18256980,
Warehouse,75 sq.m.,"Tigran Mets Street, Ashtarak",40 ֏,AMD,"A refrigerator is for rent.If desired, we will also provide boxes.Refrigerator. Refrigerator. Fruit refrigerator. Warehouse.Translated from Armenian",Nov-24-2022_22-32,,,,,,,,,,https://list.am/en/item/18335479,
Office Space,250 sq.m.,Aragatsotn › Talin,$600,USD,"The two-storey stone building is located in the center of Talin city. It is very convenient for banks, Beeline, VivaCell-like Ucom institutions.Translated from Armenian",Nov-24-2022_22-32,Not available,Not available,First Line,Separate from the Street,,Direct Lease,1 year,1 month,Not included,https://list.am/en/item/17509546,
Everything Else,100 sq.m.,"Yerevanyan St, Ashtarak",100 ֏,AMD,"In the city of Ashtarak, I am selling space for production, agency, buying and selling and other types of activities. There is gas, water, three-phase electricity inside the building. The area is located right next to Ketronakan Street. Call for details!Translated from Armenian",Nov-24-2022_22-32,Not available,Not available,First Line,Common from the Street,,Direct Lease,1 year,By Agreement,Not included,https://list.am/en/item/18190809,
Agricultural Space,2000 sq.m.,Aragatsotn › Ashtarak,"100,000 ֏",AMD,"A barn with an area of 2000 square meters is for rent, call for detailsTranslated from Armenian",Nov-24-2022_22-32,,,,,,,,,,https://list.am/en/item/17935315,
Retail Space,25 sq.m.,Aragatsotn › Oshakan,"355,000 ֏",AMD,"URGENT... 12 ton 60 cubic refrigerator for rent in Oshakan, if desired, together with dvizhokTranslated from Armenian",Nov-24-2022_22-32,,,,,,,,,,https://list.am/en/item/14535800,
Agricultural Space,2760 sq.m.,Aragatsotn › Aragatsotn,"250,000 ֏",AMD,"Farm for rent, water and electricity available. For details, call the given phone number.Translated from Armenian",Nov-24-2022_22-32,,,,,,,,,,https://list.am/en/item/18210897,
Retail Space,40 sq.m.,"Երևանյան փողոց 4, Աշտարակ","140,000 ֏",AMD,"A public area, which is located in front of the bus station, Yerevanyan 4 station. At the moment, it works as a pharmacy and has a lot of customers.Translated from Armenian",Nov-24-2022_22-32,,,,,,,,,,https://list.am/en/item/18165604,
Office Space,250 sq.m.,"Nerses Ashtaraketsu square, Ashtarak","4,000 ֏",AMD,"Office space is for rent.The rooms are of different sizes, each room is fully renovated and has its own bathroom. Rooms number 4.Call for questions.Translated from Armenian",Nov-24-2022_22-33,,,,,,,,,,https://list.am/en/item/17816853,
Office Space,35 sq.m.,Aragatsotn › Ashtarak,"70,000 ֏",AMD,"Сдается в аренду участок в городе Аштарак. Участок подходит под магазин, офис и парикмахерскую. Находится рядом с автовокзалом, на трассе Аштарак-Ереван. До Еревана 10 минут на машине.",Nov-24-2022_22-33,Not available,Not available,First Line,Separate from the Street,,Direct Lease,1 year,By Agreement,Not included,https://list.am/en/item/17706387,
Everything Else,400 sq.m.,Aragatsotn › Ashtarak,"550,000 ֏",AMD,"The price is 550,000 negotiable. The building is located on the main road, it is provided with constant water, gas, security system, two bathrooms, heating system and air conditioners, it has a parking lot. It is very suitable for office/business/ and other purposes. Also, if necessary, we can provide the first floor for the horse to live on the second floorTranslated from Armenian",Nov-27-2022_19-02,,,,,,,,,,https://list.am/en/item/18391646,
Retail Space,270 sq.m.,Aragatsotn › Talin,"350,000 ֏",AMD,"The area is located on the road to the hospital, in the central part, there is three-phase electricity, water, sewage, two floors with different entrances, eurorenovation, the building has an adjacent plot of land, you can use it if you wish.Translated from Armenian",Nov-27-2022_19-02,Not available,Not available,First Line,Separate from the Street,,Direct Lease,1 year,2 months,By Agreement,https://list.am/en/item/18501313,
Retail Space,3000 sq.m.,Aragatsotn › Alagyaz,"$10,000",USD,"Предлагаю вашему вниманию торговое помещение с ТОПОВЫМ местоположением и большой парковкой. Находится в селе алагяз прям у трассы, которая ведет через грузию, россию. Ближайшие конкруренты Апаран. НО КАК ГОВОРИТСЯ НЕТ НИЧЕГО ЛУЧШЕ ЖИВОГО ОБЗОРАНасчет цены возможен торг!Магизин на 90% готов, обсудим с вами все3 этажа",Nov-27-2022_19-02,,,,,,,,,,https://list.am/en/item/18558163,
Retail Space,56 sq.m.,"Tigran Mets Street, Ashtarak","150,000 ֏",AMD,Shop-hall for rent c. At 6 Ashtarak Geghaznik street (in the lower part of the 110th street) All facilities are available.Translated from Armenian,Nov-27-2022_19-02,,,,,,,,,,https://list.am/en/item/18560948,
Retail Space,800 sq.m.,"Քոթանյան փողոց 10, Թալին քաղաք","400,000 ֏",AMD,"The area is located in the central part of Tallinn, the area is provided with three-phase electricity, round-the-clock water supply and sewerage.Translated from Armenian",Nov-27-2022_19-02,Not available,Not available,First Line,Separate from the Street,,Sublease,1 year,2 months,By Agreement,https://list.am/en/item/18391694,
Multifunctional Space,260 sq.m.,"Grigor Narekaci street, Ashtarak","400,000 ֏",AMD,"It is located in the central street, has three-phase electricity, parking space, permanent water, total area 260 sq. M.Translated from Armenian",Nov-27-2022_19-02,,,,,,,,,,https://list.am/en/item/18500215,
Office Space,100 sq.m.,"Tigran Mets Street, Ashtarak","150,000 ֏",AMD,"Commercial space for rent, first line in front of the COURT. Hall and 3 private rooms, 2 of them with utility facilities. It is also suitable for office space and public food point.Translated from Armenian",Nov-27-2022_19-02,Not available,Not available,First Line,Common from the Street,OUtdoor parking,Sublease,6 months,2 months,By Agreement,https://list.am/en/item/18541152,
Agricultural Space,7000 sq.m.,Aragatsotn › Ashtarak,"500,000 ֏",AMD,"Farm cattle. For sale or rent. 2 Farm with its territory. It has all comforts (electricity, water)Translated from Armenian",Nov-27-2022_19-02,Available,Not available,First Line,Common from the Street,,Direct Lease,1 year,By Agreement,Not included,https://list.am/en/item/18211200,
Warehouse,100 sq.m.,Aragatsotn › Ashtarak,"180,000 ֏",AMD,"Production or storage space in the city of Ashtarak, there is single-phase electricity, water, the area is 100 square meters, 80 square meters, 2 floors, call for detailsTranslated from Armenian",Nov-27-2022_19-02,,,,,,,,,,https://list.am/en/item/17289112,
Retail Space,73 sq.m.,"Մարշալ Բաղրամյան փողոց 53, Ապարան","200,000 ֏",AMD,"A very busy area in the center of Aparan city, 1 lane of the main road, with all utilities, suitable for any business, both professional and commercial.Translated from Armenian",Nov-27-2022_19-02,,,,,,,,,,https://list.am/en/item/18487572,
Office Space,48 sq.m.,Aragatsotn › Ashtarak,"200,000 ֏",AMD,"Code H0438A two-story commercial space is for rent in Ashtarak.The area is 48 square meters.Air conditioner is installed. All facilities are available.It is convenient to use both as a commercial and as an office space.The rent is 200,000 AMD.Translated from Armenian",Nov-27-2022_19-02,Not available,Not available,First Line,Common from the Street,,Direct Lease,1 year,1 month,Not included,https://list.am/en/item/18424061,
Industrial and Manufacturing,70 sq.m.,"Tigran Mets st., Աշտարակ","80,000 ֏",AMD,"Own house. The first floor is residential, the second floor is for rent. It is suitable as a workshop. The area is 70 square meters. It is rented for AMD 80,000 per month.Translated from Armenian",Nov-27-2022_19-02,,,,,,,,,,https://list.am/en/item/18540496,
Automotive Service,70 sq.m.,"20th Street 1, Sasunik village","50,000 ֏",AMD,"A car service station is for rent, which is located in the Sasuniki area of Ashtarak Etchmiadzin road, has three-phase electricity, drinking water, and has an adjacent 500m land area.Translated from Armenian",Nov-27-2022_19-02,,,,,,,,,,https://list.am/en/item/18530422,
Multifunctional Space,60 sq.m.,"Sisakyan street 25, Ashtarak","140,000 ֏",AMD,"A multifunctional space for rent in Ashtarak city, newly renovated, with all utilities, 100 m away from the square, suitable for office and commercial activities. Details by phone.Translated from Armenian",Nov-27-2022_19-02,,,,,,,,,,https://list.am/en/item/18465357,
Functioning Business,3030 sq.m.,Aragatsotn › Ashtarak,"$179,000",USD,"Operating business recreation area on the banks of the Kasagh River, call for details.Translated from Armenian",Dec-12-2022_20-39,Available,Not available,Second Line,Separate from the Street,Outdoor parking,,,,,https://list.am/en/item/18681126,Stone
Everything Else,4400 sq.m.,Aragatsotn › Irind,"$170,000",USD,"Կոդ` D-23504Արագածոտնի մարզի Իրինդ համայնքում (Թալին քաղաքից 12կմ) հեռավորության վրա վաճառվում է անասնագոմ իր (արդյունաբերական նշանակության), որը բաղկացած է 4400քմ ընդհանուրհողատարածքով, 1698քմ անասնագոմով, 348քմ հացահատիկի պահեստով և նաև 572քմ անասնաշենքով։ Առկա է բոլոր անհրաժեշտ պայմանները անասնաբուծության համար։Գործակալության միջնորդավճարը կազմում է 2%, ցուցադրությունների համար կնքվում է ցուցադրման պայմանագիր։ Խնդրում ենք ձեզ մոտ ունենալ անձը հաստատող փաստաթուղթ։The commission of the Real Estate Agency is 2%. For showing the real estate a contract is signed. Please have passport, ID or driving license with You.",Dec-12-2022_20-39,Not available,Not available,Other,Separate from the Street,,,,,,https://list.am/en/item/14891972,Stone
Functioning Business,3150 sq.m.,"Արագածի փողոց, Ոսկեվազ","$180,000",USD,"Just 22 km from Yerevan, North-South in Voskevaz community of Aragatsotn marzA working greenhouse is for sale next to the highway.• The total area of the land is 3150 square meters, on which 2100 square meters are built. M glass greenhouse.• Construction: Galvanized.• Annual average profitability of 10-15 million drams.• Currently in production only.• All necessary equipment and technologies are available for efficient operationHeating, cooling, drip systems.• Three-phase current.Code KC009Translated from Armenian",Dec-12-2022_20-39,Not available,Not available,First Line,Separate from the Street,,,,,,https://list.am/en/item/18632960,Panels
Office Space,36 sq.m.,"Nerses Ashtaraketsu square, Ashtarak","$49,000",USD,"Commercial area, call for details.Translated from Armenian",Dec-12-2022_20-39,Not available,Not available,First Line,Common from the Street,,,,,,https://list.am/en/item/17172743,Stone
Industrial and Manufacturing,1560 sq.m.,Aragatsotn › Ashtarak,"$1,200,000",USD,"Կոդ` D-17375Վաճառվում է արտադրական տարածք Արագածոտնի Սասունիկ համայնքում: Տարածքը արտադրական վիճակում է։ Ունի ավտոկայանատեղ, պահակակետ, բնակելի հատված, խոհանոց սանհանգույց, եռաֆազ հոսանք, գազ, մշտական խմելու և ոռոգման ջուր։ Տարածքում առկա են մսի, պանրի արտադրական շինություններ բոլոր անհրաժեշտ սարքավորումներով, ավտոտնակներ, մարդատար և բեռնատար մեքենաներ, օժանդակ շինություն, խաղողի, դեղձի, սալորի և ծիրանի այգիներ, ջերմոց, սնկանոց։ Ընդհանուր Հողամասի մակերեսը՝ 120,000քմ։Գործակալության միջնորդավճարը կազմում է 2%, ցուցադրությունների համար կնքվում է ցուցադրման պայմանագիր։ Խնդրում ենք Ձեզ մոտ ունենալ անձը հաստատող փաստաթուղթ։1560 sq. M production area for sale in Sasunik community of Aragatsotn. The area is in production condition. The area has a parking, guard post, residential area, kitchen, three-phase electricity, gas, constatnt drinking and irrigation water. There are meat and cheese production facilities in the area with all the necessary equipment, garages, cars, auxiliary construction, vineyards, peach, plum and apricot orchards, greenhouse.The commission of the Real Estate Agency is 2%. For showing the real estate a contract is signed. Please have passport, ID or driving license with You․",Dec-12-2022_20-39,Not available,Not available,Other,Common from the Street,,,,,,https://list.am/en/item/13940106,Stone
Functioning Business,4000 sq.m.,"Զորավար Անդրանիկի փողոց, Ուջան","$260,000",USD,"KOD-61010Commercial space for sale in Ujan, on the first line on the road to Gyumri.^ There are 2 bathrooms^ Basement 24 square meters, building 60 square meters^ Kitchen^ Sentinel^ 1500 square meters of tiled area^ More than 300 trees^ 1100 square meters of residential land^ 2900 square meters of agricultural landTranslated from Armenian",Dec-12-2022_20-39,Not available,Not available,First Line,Common from the Street,Outdoor parking,,,,,https://list.am/en/item/17482593,Stone
Agricultural Space,1600 sq.m.,Aragatsotn › Agarak,"$220,000",USD,"Անասնաֆերմա Երևանից 25 կմ Երևան-Գյումրի ավտոճանապարհին (Աշտարակի մարզի Ագարակ գյուղի մոտ, Աշտարակ Կաթ գործարանի դիմաց)Տարածք՝ 2,5 հա ցանցով պարսպապատված2 նորակառույց անասնագոմ՝ 720 մ և 360 մ, երկու գոմերն էլ հագեցած են գոմաղբի փոխակրիչով, ավտոմատ խմիչքներով, ջրի բաքերով։Նորակառույց խոզանոց - 300 մ (ջրի բաք)Սպանդանոց՝ օրական 18 գլուխ խոշոր եղջերավոր անասունի համար2 տնակ (2,5 մ x 6 մ)Ստացիոնար սառնարան 60 մ - բաժանված է երկու հավասար մասերի մինչև -25°C և մինչև -5°CԿերաղաց (ժամում 1,5 տոննա հացահատիկ)Խոտաղաց (ժամում 1,5 տոննա խոտ)Էլ Ենթակայան 250ԿՎ/ժԳազ, Ջուր, ԿոյուղիСкотоводческая ферма в 25 км от Еревана на трассе Ереван-Гюмри (в районе села Агарак Аштаракского района, напротив завода «Аштарак Кат»)Территория – 2,5 га огорожена сеточным полотном2 новостроенных хлева для крупного рогатого скота – 720 м и 360 м, оба хлева оборудованы конвейером для удаления навоза, автоматическими поилками, баками для водыНовостроенный свинарник – 300 м (бак для воды)Бойня – на 18 голов крупного рогатого скота в сутки2 домика (2.5 м x 6 м)Стационарный холодильник 60 м - разделен на две равные секции до -25°C и до -5°CКормодробилка (1.5 т зерна в час)Сеномолка (1.5 т сена в час)Эл. Подстанция 250КВ/чГаз, Вода, КанализацияCow farm, 25 km from Yerevan on Yerevan-Gyumri highway (near the village Agarak, Ashtarak district, opposite the «Ashtarak Kat» factory)Territory - 2.5 hectares, fence2 new barns for cattle - 720 m and 360 m, both barn equipped by conveyor for removal of manure, automatic drinkers, water tanksNew pigpen - 300 m (water tank)The massacre - in 18 heads of cattle per day2 cabin (2.5 meters x 6 meters)Stationary refrigerator 60 m - divided into two equal sections to -25 ° C and up to -5 ° CFeed mill (1.5 tons of grain per hour)Hay mill (1.5 tons of hay per hour)El. Substation 250KV/hGas, Water, Sewerage",Dec-12-2022_20-39,Not available,Not available,First Line,Common from the Street,,,,,,https://list.am/en/item/17812950,Stone
Industrial and Manufacturing,345 sq.m.,Aragatsotn › Ashtarak,"28,900,000 ֏",AMD,"The building is located in Sasunik, it is two-story, the foundation is reinforced concrete, the walls are made of two-row tuff stone, the roof is made of tin, with all utilities.The total area of the land is 645 square meters.Area area: 184.58 square meters.The area of the warehouse is 160.11 square meters.Code 2-20Translated from Armenian",Dec-12-2022_20-39,Not available,Not available,First Line,Common from the Street,,,,,,https://list.am/en/item/12079492,Stone
Agricultural Space,6000 sq.m.,Aragatsotn › Aparan,"$300,000",USD,"The economy is completely newly built, the area is fenced with stone 2, the area is 6000 sq. M., the barn is 1800 sq. M., the building is 5 years old. About 800 meters from the river, there is an economic house, there are 5 houses, one is made full of euros, renovated with everything, with furniture and full accessories and equipment, one has a 22-meter front and is lined with the most expensive natural stones. There is a waterfall planned for hockey. It is made of very thin natural stones. There are 120 barbed wire gates. I do not exchange the price with the price of the item, I can only withdraw up to $ 50,000 car:Translated from Armenian",Dec-12-2022_20-39,Available,Not available,First Line,Separate from the Courtyard,,,,,,https://list.am/en/item/17495529,Stone
Industrial and Manufacturing,6000 sq.m.,Aragatsotn › Aparan,"$35,000",USD,"The total area is 6000 square meters, the area of the building is 1500 square meters, in case of exchange, another priceTranslated from Armenian",Dec-12-2022_20-39,,,,,,,,,,https://list.am/en/item/18043445,Bricks
Multifunctional Space,240 sq.m.,"Tigran Mets Street, Ashtarak","$55,000",USD,Near the marketBasement Area:Has All Utilities:Suitable for various activitiesCode AT003Translated from Armenian,Dec-12-2022_20-39,Not available,Not available,Other,Common from the Street,,,,,,https://list.am/en/item/15971637,Stone
Functioning Business,1700 sq.m.,Aragatsotn › Ujan,"$150,000",USD,"A business is for sale on the road to Gyumri, with a plot of land near it. It has permanent water and electricity.Translated from Armenian",Dec-12-2022_20-39,Available,Not available,First Line,Separate from the Street,,,,,,https://list.am/en/item/17952855,Stone
Everything Else,2700 sq.m.,"1/1 street, Katnaghbyur","$170,000",USD,"Farm for sale. Ferma. Farm. 1700m2 cattle barn, 600m2 pig house, 400m2 warehouse.1700m2 outdoor storage area. It is located in the village of Irind, Tallinn region.Zero, three-phase current.Farm. Ferma.Translated from Armenian",Dec-12-2022_20-39,Available,Not available,First Line,Common from the Courtyard,Outdoor parking,,,,,https://list.am/en/item/16002998,Stone
Functioning Business,1200 sq.m.,Aragatsotn › Ohanavan,"$310,000",USD,"Fruit refrigerator, with a capacity of 700-800 tons. Details with bell.Translated from Armenian",Dec-12-2022_20-39,,,,,,,,,,https://list.am/en/item/18509253,Stone
Everything Else,2000 sq.m.,Aragatsotn › Ushi,"$98,000",USD,"Commercial space for sale in Ushi village of Aragatsotn marz. The total area of the land is 2000 square meters. It has a large facade on the street. There is a shop area, a bakery, where there are renovated rooms with their own bathrooms.Suitable for any activity.Call for more information.Translated from Armenian",Dec-12-2022_20-39,Not available,Not available,First Line,Separate from the Street,Outdoor parking,,,,,https://list.am/en/item/18077219,Stone
Retail Space,33 sq.m.,"Սաժումյան փողոց 17, Աշտարակ","50,000 ֏",AMD,"I am selling a house on half-built corners, it is suitable for line change.Translated from Armenian",Dec-12-2022_20-39,Available,Not available,Second Line,Separate from the Street,,,,,,https://list.am/en/item/17015248,Cassette
Functioning Business,1400 sq.m.,"3-րդ փողոց 4, 2-րդ փակուղի","$1,000,000",USD,"Cannery for sale in Karbi.4 buildings, separate boiler housecannerydried fruit factoryrefrigerator from 2 sections for 100 tonsown transformer stationSeparate 1.5 km drinking water line with a diameter of 32 mmadditional tanks for 100 tonnes and 30 tonnes of reserve waterfor separate own GRP gas supply3-storey office building with fully renovated modern building, 300 m2 with its propertyfood laboratorytelephone internet, equipment and etc.Translated from Armenian",Dec-12-2022_20-39,Available,Not available,Other,Separate from the Street,,,,,,https://list.am/en/item/11398575,Stone
Retail Space,130 sq.m.,Aragatsotn › Ashtarak,"$49,000",USD,"Newly built beautiful building, with tuff stone, very solid, suitable for any type of business activity. It has all the utilities.Translated from Armenian",Dec-12-2022_20-39,Not available,Not available,First Line,Common from the Street,Outdoor parking,,,,,https://list.am/en/item/18707281,Stone
Agricultural Space,350 sq.m.,Aragatsotn › Aparan,"$55,000",USD,"A stone building for sale, which can be used as a barn, production area, storage area. The area of the building is 350 square meters, the total area is 3500 square meters. The yard has 2 artificial lakes. The building was used as a poultry farm and is sold with chicken cages, as can be seen in the photos. The price is negotiable.Translated from Armenian",Dec-12-2022_20-39,Not available,Not available,First Line,Separate from the Street,Outdoor parking,,,,,https://list.am/en/item/18626154,Stone
Agricultural Space,"15,000 sq.m.",Aragatsotn › Aghdzk,"$70,000",USD,"Greenhouse for sale. 3 units of 700 square meters, 2 of which are operational. Has water and electricityTranslated from Armenian",Dec-12-2022_20-39,Not available,Not available,Second Line,Common from the Street,,,,,,https://list.am/en/item/18108154,Stone
Retail Space,400 sq.m.,"Քոթանյան փողոց 10, Թալին քաղաք","$100,000",USD,"The building is of public purpose, has three-phase electricity, water supply, drainage communications are available, has an additional plot of land.Translated from Armenian",Dec-12-2022_20-39,Not available,Not available,First Line,Separate from the Street,,,,,,https://list.am/en/item/18142402,Monolith
Multifunctional Space,600 sq.m.,"Շահումյան փողոց, Թալին քաղաք","$1,600",USD,"I am selling a privatized flat land plot near the market price unprecedentedly cheaper than the market price. The land is located near the main road from Nerkin Bazmaberd village to Gyumri, has the opportunity to connect to all utilities. There are houses around the land.The land is for sale by the owner without an intermediary, the price is negotiable, exchange or closed. DO NOT OFFER, please call only serious real buyers.If I can not answer the phone call, write here and I will answer.Multidisciplinary Multipurpose Multipurpose Multipurpose Multipurpose Talin Talin Talin Talin Talin Talin Land Plot LandTranslated from Armenian",Dec-12-2022_20-39,Not available,Not available,First Line,Common from the Street,,,,,,https://list.am/en/item/16272610,Stone
Multifunctional Space,"15,000 sq.m.",Aragatsotn › Voskevaz,"2,000,000 ֏",AMD,"Stone mine, call for detailsTranslated from Armenian",Dec-12-2022_20-39,Not available,Not available,First Line,Common from the Street,Outdoor parking,,,,,https://list.am/en/item/18658892,Stone
Multifunctional Space,183 sq.m.,"Grigor Narekaci street, Ashtarak","$200,000",USD,"MRA060:A 3-storey multi-functional real estate is for sale or rent in the city of Ashtarak.~ The space is completely renovated, the floors are covered with tiles, the bathroom is tiled, and air conditioner is installed.~ The area has stained glass windows.~ All communications are available: Gas, electricity, constant water.~ Very convenient to use for any type of business activity.To get detailed information, write or call the specified number.The space is shown under a real estate showing contract.The service commission is 2% of the sales price.Translated from Armenian",Dec-12-2022_20-39,Not available,Not available,First Line,Separate from the Street,,,,,,https://list.am/en/item/18498072,Stone
Office Space,101 sq.m.,"Nerses Ashtaraketsu square, Ashtarak","$27,000",USD,"101 square meters of land adjacent to Ashtarak House of Culture with public development rights, with all utilities. $28,000 at the time of exchange.Translated from Armenian",Dec-12-2022_20-39,Not available,Not available,First Line,Separate from the Street,,,,,,https://list.am/en/item/15665985,Stone
Automotive Service,1200 sq.m.,Aragatsotn › Ashtarak,"$140,000",USD,"MRA009:A large commercial space is for sale in the city of Ashtarak, Aragatsotn marz, 500 meters from the square.~ The area has a total of 1200 sq. M. Surface.~ It consists of 3 garages and a separate 3-room living area.~ It is convenient to use as a car service point, taxi service, as well as a commercial area, because it is located in one of the most densely populated areas of Ashtarak city.~ The area is completely asphalted, there are free spaces for parking cars.To get detailed information, write or call the specified number.The space is shown under a real estate showing contract.The service commission is 2% of the sales price.Translated from Armenian",Dec-12-2022_20-39,Not available,Not available,First Line,Separate from the Street,,,,,,https://list.am/en/item/18498030,Stone
Functioning Business,5000 sq.m.,Aragatsotn › Talin,"$170,000",USD,"Slaughterhouse, SLAUGHTERHOUSE. Slaughterhouse for sale in Talin. Fully renovated, furnished, has all the necessary permits, licenses. The area is more than 5000, sq / m, the building area is more than 200 sq / m. In particular, it includes:-Mortuary-Refrigerator-Laboratory-with all equipment-Waste depotMeat processing and processing plantFor employees, shower cabins-Customer waiting room-Director's RoomSewer system, septic tankOutdoor infrastructure for animal slaughterTranslated from Armenian",Dec-12-2022_20-39,,,,,,,,,,https://list.am/en/item/16529246,Monolith
Multifunctional Space,1500 sq.m.,Aragatsotn › Ashtarak,"1,000,000,000 ֏",AMD,"Unfinished area that can serve as a recreation area, near the Ambet River, the price is negotiableTranslated from Armenian",Dec-12-2022_20-39,,,,,,,,,,https://list.am/en/item/17520311,Stone
Industrial and Manufacturing,400 sq.m.,Aragatsotn › Aparan,"60,000,000 ֏",AMD,"The building of the former Aparan automobile enterprise (АТК) with its land is for urgent sale. The building has 2 floors, the total area is 400 square meters, the land area is 5000 square meters.The building is located in the city of Aparan.For details, call:Translated from Armenian",Dec-12-2022_20-39,Not available,Not available,Second Line,Common from the Street,,,,,,https://list.am/en/item/18555965,Stone
Office Space,52 sq.m.,Aragatsotn › Talin,"8,000,000 ֏",AMD,Commercial space for sale in the center of Tallinn V. On the first floor of 24 Teryan Street. The space is given for long-term lease.Translated from Armenian,Dec-12-2022_20-39,,,,,,,,,,https://list.am/en/item/18181326,Stone
Functioning Business,3030 sq.m.,Aragatsotn › Ashtarak,"$169,000",USD,"Land, valley, river, nature, Active business recreation area on the bank of Kazakh river1. 8 wooden and stone pavilions for up to 70 people2. Bakery3. Kitchen4. Bathroom5. Dressing room6. A wooden house of 6x3 dimensionsThere are three-phase electricity, water, all legal in the area, there are 70-100 productive and decorative trees, it is sold with the whole property, for details you can call or write.Translated from Armenian",Dec-12-2022_20-39,Available,Not available,Other,Separate from the Street,,,,,,https://list.am/en/item/15668700,Wooden
Industrial and Manufacturing,170 sq.m.,Aragatsotn › Aghdzk,"$700,000",USD,"Realty Consult ID` M 321Վաճառվում է գործող բիզնես, որը օգտագործվում է որպես չրանոց:Արագածոտն, Աղձք, 1 փողոց:Հողամաս՝ 2389 քմՀիմնական շինության մակերեսը՝ 170,19 քմԳԻՆԸ ՝ 700000 $, որը ներառում է բոլոր ենթակառուցվածքները:Անշարժ գուքը համալրված է տեխնոլոգիական ցիկլին անհրաժեշտ բոլոր համակարգերով և սարքավորումներով, համալրված է հետևյալ ինժեներական ցանցերով և կոմունիկացիաներով՝ գազ, ջուր, կոյուղի: Ունի որակի գնահատման ISO համակարգ, 1200քմ պտղատու այգի, տեղադրված է արևային մարտկոցներ, որը ապահովում է ամբողջ ներքին էներգիայի ծախսը։Հողամասը հարթ է, պարսպապատ և բարեկարգված, մուտքի հատվածում տեղադրված է որակյալ մետաղական դարպաս:Շինությունը գտնվում են լավ վիճակում և ենթակա են շահագործման:Realty Consult ID` M 321Продается действующий бизнес, используемый в качестве цех по производству сухофрыктовАрагацотн, Агдзк, 1 улицаЗемельный участок: 2389 кв. МОбщее количество 1 корпусов: 170,19 кв. М.ЦЕНА: 700000$.Недвижимое здание включает в себя все системы и оборудование, необходимые для технологичого цикла, оснащено следующими инженерными сетями и коммуникациями: Газ, вода, канализация. Он имеет систему оценки качества ISO, фруктовый сад площадью 1200 квадратных метров, установлены солнечные батареи, которые обеспечивает внутренное потребление энергии.Участок ровный, огорожен и благоустроен, на въезде качественные металлические ворота.Realty Consult ID` M 321Dried fruit supplier business for saleAragatsotn, Agdzk, 1 streetLand plot: 2389 sq. MTotal number of 1 buildings: 170.19 sq. M.PRICE: 700000 $The immovable building includes all systems and equipment necessary for the technological cycle, is equipped with the following engineering networks and communications: Gas, water, sewerage. It has an ISO quality assessment system, a 1200 square meter orchard, solar panels are installed, which can be used for the domestic energy consumption.The plot is flat, fenced and landscaped, at the entrance there are high-quality metal gates.",Dec-12-2022_20-39,Available,Not available,First Line,Common from the Street,,,,,,https://list.am/en/item/18632804,Stone
Retail Space,70 sq.m.,Aragatsotn › Talin,"$25,000",USD,"A water area is for sale on Khanjyan street, Talin city. The area is located in the center of the city.Translated from Armenian",Dec-12-2022_20-39,Not available,Not available,First Line,Common from the Street,,,,,,https://list.am/en/item/16611870,Monolith
Everything Else,116 sq.m.,Aragatsotn › Ashtarak,"$52,000",USD,"A 116 square meter plot of land is for sale in Ashtarak city. There is a newly renovated building of 35 square meters. It is privatized. Free development. In the front part of the road, next to the school. It is also for rent.Translated from Armenian",Dec-12-2022_20-39,Not available,Not available,First Line,Common from the Street,,,,,,https://list.am/en/item/18096297,Stone
Multifunctional Space,333 sq.m.,Aragatsotn › Ashtarak,"$70,000",USD,"Industrial, storage area in Ashtarak city, apartments can be turned into, Tirana Mets 30 building, high ground floor area, exchange with apartment is possible in YerevanTranslated from Armenian",Dec-12-2022_20-39,,,,,,,,,,https://list.am/en/item/16988394,Stone
Multifunctional Space,400 sq.m.,Aragatsotn › Talin,"$55,000",USD,"The building is located in the city of Tallinn, a 400 square meter building on a 1,500 square meter fenced plot of land. It is intended for carrying out various types of activities, it can also serve as a house. Currently, to build a building of this type and in such a location, an amount equivalent to 120-130 thousand US dollars will be spent.Translated from Armenian",Dec-12-2022_20-39,Not available,Not available,Second Line,Common from the Street,,,,,,https://list.am/en/item/18251002,Stone
,,Aragatsotn › Ashtarak,"$250,000",USD,"Ընդհանուր տարածքը 3000 քմ, որից 500 քմ-ը անասնագոմ,բնակելի տուն 48 քմ, պահեստ 60քմ: Նաև ունի 1800 քմ կից հողատարածք կարող եք օգտագործել գոմաղբի համար:Մշտական խմելու ջուր, ոռոգման ջուր, գազատար խողովակից գտնվում է 15 մ հեռու:Անասնագոմը ունի 2 ագրեգատ մեկը օգտագործված, մյուսը նոր:70 գլուխ խոշոր եղջերավոր, մեկը սերմացու ցուլիկ, 17 հղի, որոնք կծնեն հունիս-օգոստոս ամիսներին:Գինը սակարկելի, մանրամասների համար զանգահարեք:",Dec-12-2022_20-39,,,,,,,,,,https://list.am/en/item/14063025,
Functioning Business,592 sq.m.,"Grigor Narekaci street, Ashtarak",$150,USD,"A bakery is for sale in the tower city. It is located in a very wonderful place, it has all the communal facilities, there is also a guest house in the area. It is for rent.Translated from Armenian",Dec-12-2022_20-39,Available,Not available,Other,Common from the Street,Outdoor parking,,,,,https://list.am/en/item/16376998,Stone
Everything Else,17 sq.m.,"Արտակի փողոց 11, Աշտարակ","$2,800",USD,"""Read carefully""This area was intended for a garage, it has no additional area and land.At present it has been transformed into an area for residential construction.Semi-constructed building owned by Ashtarak, 13/1 Artak street, for sale(37 sovkhoz)Length: 6 metersWidth: 2.80 (with fence)In: 2.50Translated from Armenian",Dec-12-2022_20-39,,,,,,,,,,https://list.am/en/item/17697075,Stone
Industrial and Manufacturing,1100 sq.m.,"T.Mets St., Ashtarak","$500,000",USD,"Operating businessA refrigerator for fruit, dried fruit, flowers is for sale. Suitable for small and medium enterprises. There are also 3 refrigerated areas of 95 square meters and 85 square meters.The refrigerator areas are equipped with modern high-quality technology, thanks to which -2 + 5 temperature is ensured for the storage of various foods.Call for detailsXnzdor karalyok chir chrexen tzaxik. It is located in Nor Yerznka community, 17 km from Yerevan.AREA:Warehouse, workshopRefrigeratorFruit coolerTranslated from Armenian",Dec-12-2022_20-39,Available,Available,Second Line,Separate from the Street,,,,,,https://list.am/en/item/14245897,Cassette
Functioning Business,"10,000 sq.m.",Aragatsotn › Oshakan,"$360,000",USD,"Greenhouse which occupies 30,000 square meters of 100,000 square meters of land. The greenhouse has the latest technical equipment, hydroponic system, drip system, which can be supplied in case of further expansion of the greenhouse into a whole greenhouse of 10,000 square meters. At the moment, 7,000 square meters of 10,000 square meters of land are occupied by orchards, 3,000 square meters by greenhouses, 200 square meters by technical area: Refrigerator, work area, administration office, rest room, storage room, etc. The roof of the greenhouse is a two-layer membrane.Translated from Armenian",Dec-12-2022_20-39,,,,,,,,,,https://list.am/en/item/17937572,Cassette
Retail Space,93 sq.m.,Aragatsotn › Talin,"$4,700,000",USD,It is located in the area of the former House of Commons in Talin.Translated from Armenian,Dec-12-2022_20-39,Not available,Not available,First Line,Common from the Courtyard,,,,,,https://list.am/en/item/16683854,Stone
Multifunctional Space,"10,000 sq.m.",Aragatsotn › Ashtarak,"$60,000",USD,"A plot of land is for sale near the city of Ashtarak, next to the North-South highway.1 ha - land of village significance, with orchards: 750 apple trees, 170 apricot trees. The trees are 14 years old. Price: $60,000Adjacent is another orchard with an area of 1600 square meters, a building of industrial purpose, a total area of 120 square meters, which can serve as a cold store. The price of this reference area is $40,000.There is irrigation water and the stream runs right past the garden.If you want, you can get everything together for $100,000.For details, you can call the indicated phone number and the same numberwhatsapp (+ 374)viber (+ 374)Code VH003Translated from Armenian",Dec-12-2022_20-39,By agreement,Not available,Other,Separate from the Street,,,,,,https://list.am/en/item/18426621,Stone
Building,1228 sq.m.,Aragatsotn › Aghdzk,"$16,500",USD,"Land near the house, call or write for questions. There is also an exchange option with a matching price car.Translated from Armenian",Dec-12-2022_20-39,Not available,Not available,Other,Separate from the Courtyard,,,,,,https://list.am/en/item/18135809,Stone
Multifunctional Space,2500 sq.m.,"Մայրուղի Աշտարակ - Փարպի 11, Աշտարակ","$150,000",USD,Commercial areaGas station:Own three-phase electricityYard wells from 50 to 70 tonsAsphaltOn the main roadTwo-way roadIt is clean related to paper sciencePermit for a gas stationTranslated from Armenian,Dec-12-2022_20-39,Not available,Not available,First Line,Common from the Street,,,,,,https://list.am/en/item/17628270,Bricks
Office Space,100 sq.m.,"Yerevanyan St, Ashtarak","100,000 ֏",AMD,"In the city of Ashtarak, I am selling space for production, agency, buying and selling and other types of activities. There is gas, water, three-phase electricity inside the building. The area is located right next to Ketrona street.Translated from Armenian",Dec-12-2022_20-39,Not available,Not available,First Line,Common from the Street,,,,,,https://list.am/en/item/18184771,Stone
Industrial and Manufacturing,"20,000 sq.m.",Aragatsotn › Ashtarak,"€700,000",EUR,"A production and storage space is for sale, in front of the Ashtarak highway gate post, adjacent to the highway.The total area is 2 ha, of which:1. A two-story building (600 square meters), the first floor consists of 4 refrigerators, is fully equipped with modern equipment and meets sanitary standards, the second floor is intended for storing vegetables, it also serves separately as a warehouse, before that, the production of alcoholic beverages was carried out there.2. The second building (85 square meters) is used as a warehouse.3. Two-story house (108 square meters), on the first floor there is a living room, a kitchen, a bathroom with a built-in sauna, the second floor is used as an office space.4. The total area of the land is 20,000 square meters, of which 1,000 square meters can be built, 12,000 square meters has a young fruit orchard, up to 1,000 trees, mostly apples, 6,000 square meters of free land.5. There is permanent irrigation and drinking water (courtyard), own electric plant (100 kW, three-phase), separate sewage.6. Isuzu brand tractor with its three tools, 3000 apple box, 400 europado, 2 rochli, one hand harrow, one electric, 3000 apple box, 1 electric harrow, with all existing property and equipment is provided with the land.7. The territory and buildings are under video surveillance, constant Internet access.The entire mentioned area is used in 2014. Until today as a multi-functional areaImport-export logistics center, food storage, packaging, cold storage with proper temperature control, labeling, loading and unloading, palletizing.Translated from Armenian",Dec-12-2022_20-39,Available,Not available,Second Line,Common from the Street,,,,,,https://list.am/en/item/18585634,Stone
Industrial and Manufacturing,1200 sq.m.,Aragatsotn › Ashtarak,"$600,000",USD,"Own space without an intermediary.##Production area##The area is located in YerevanA tower on the highway.1200 square meters area, of which a building with 3 floors of 400 square meters each. 50 square meter aviary. Own substation 65 kv. Permanent drinking water.In the area there is:Fruit refrigerators, different sizes.100 square meters - 2 units80 square meters - 1 unit35 square meters - 1 unitTotal fruit storage 300-350 tons.The refrigerators are equipped with high-quality equipment.Apple procurement boxes.Apple orchard15,000 square meters (1.5 hectares) apple orchard. Well crafted.Black plum orchard400 square meters (0.4 hectare) black plum and Victoria orchard, 7 years old.Land:20000 square meters (2 hectares)fenced area. There are dwarf popok trees and apple trees in it. 3/5 stone building.Fruit dryerHigh-quality dryers of European production, with all its facilities. It is a ready-made dryer for the production of a large amount of dryer.The area is suitable for creating a recreation area.I am the owner.The territory is owned.The price is negotiable.Translated from Armenian",Dec-12-2022_20-39,,,,,,,,,,https://list.am/en/item/16423133,Stone
Restaurant,577 sq.m.,Aragatsotn › Ashtarak,"$290,000",USD,"An operating restaurant-guest house is for sale in Ashtarak, on the river. There are 7 compartments with 2-room balcony on the 2nd floor, 3 besedkas, 7 * 6 m wine cellar, parking, yard, balcony TslnCode 17306Translated from Armenian",Dec-12-2022_20-39,Available,Not available,First Line,Common from the Street,,,,,,https://list.am/en/item/11381101,Stone
Restaurant,1700 sq.m.,Aragatsotn › Ashtarak,$100,USD,"For sale or exchange with other real estatehotel-restaurant complex, the building is 500 sq. M. The land area is 1200 square meters. The building consists of a large hall with 250 seats. , small hall 70 seats. , winery 60-70 places. 3 separate rooms, 5 hotel rooms, there is a tonratun with 2 tonir, a large parking lot. There is permanent water, three-phase electricity, it is located on Ashtarak-Aparan road, in the territory of Ushi village, a beautiful view of Mount Ararat opens from the complex. First line.Translated from Armenian",Dec-12-2022_20-39,By agreement,Not available,First Line,Common from the Street,,,,,,https://list.am/en/item/17591115,Stone
Multifunctional Space,434 sq.m.,Aragatsotn › Ashtarak,"$300,000",USD,"Продаётся под коммерческую недвижимость гостиничный комплекс, 17 км от Еревана по асфальтированной дороге в селе Парпи. Открытый вид на г. Арарат и г. Арагац. 7200 м/2 земля, 3-х этажное здание 433,3 м/2, 6 комнат, большая столовая, ограждённый, 60м лицевая сторона, коммуникация (газ, вода, 3-х фазовое электрическое подключение) Есть видеонаблюдение. Плодовые и лесные деревья. (Можно достроить и под большой жилой дом.) Действует обмен, торг уместен.[ ]300000 $",Dec-12-2022_20-39,,,,,,,,,,https://list.am/en/item/16349423,Stone
Functioning Business,2000 sq.m.,"Զորավար Անդրանիկի փողոց 1, Ուջան","$470,000",USD,"GAS STATIONAn operating gas station is for sale on Yerjan Gyumri highway, in the part of Ujan village. With 6 dotsTranslated from Armenian",Dec-12-2022_20-39,Available,Not available,First Line,Separate from the Street,Outdoor parking,,,,,https://list.am/en/item/17428861,Stone
Everything Else,50 sq.m.,Aragatsotn › Kosh,"6,000,000 ֏",AMD,"Semi-built building for sale in the village of Kosh, in the center of the village there is gas, electricity, water, the price is low, call real sellersTranslated from Armenian",Dec-12-2022_20-39,By agreement,Not available,First Line,Separate from the Courtyard,,,,,,https://list.am/en/item/18239523,Stone
Functioning Business,600 sq.m.,Aragatsotn › Ghazaravan,"$70,000",USD,"Negotiable. Is located in Nazrvan - Parpi.An existing business for sale (with its fb and insta pages) Nazrvan - ParpiPool (filtered film) pavilion for 35-40 people. 2 bathrooms, 2 dressing rooms. Constant water, electricity, individual sewerage, solar water heater. The gas is close. The land is 600 square meters near the house (fenced) + there is 750 square meters. Possibility of privatization.NEGOTIABLETranslated from Armenian",Dec-12-2022_20-39,Not available,Not available,Second Line,Separate from the Street,,,,,,https://list.am/en/item/18256320,Stone
Industrial and Manufacturing,2600 sq.m.,Aragatsotn › Aparan,$40,USD,"Urgently for sale residential land and building c. In Aparan. The purpose of the land is residential, the purpose of the building is industrial. You can use it for any purpose. It is located right on the roadside, first line, wide front. Certificate of ownership is available without any problems. Not pledged. The land area is 2600 square meters, the building is about 300 square meters. There is also a separate office building. The area is completely fenced. All the utilities are available: Sewer, gas, water, electricity. It has its own substation (Transformer) worth about $ 5,000. The building is tiled, there are 2 ready-made cold stores with its units. I AM JUST THE OWNER. For sale without an intermediary. To see the area, call and arrange in advance, because I live in Yerevan. The price is not final. We will come to an agreement with the one who has real money. Please call only real buyers who have money.Translated from Armenian",Dec-12-2022_20-39,Not available,Not available,First Line,Separate from the Street,,,,,,https://list.am/en/item/13300409,Stone
Restaurant,1000 sq.m.,"Աշտարակի խճուղի, Երևան","$280,000",USD,"An existing business, 5 hotel rooms and a restaurant hall are for sale on the main road, a total building of 640 square meters, the land area can be increased, for details call the indicated number.: ::Translated from Armenian",Dec-12-2022_20-39,Available,Not available,First Line,Separate from the Street,,,,,,https://list.am/en/item/18684265,Monolith
Functioning Business,429 sq.m.,Aragatsotn › Kosh,"$250,000",USD,"Gas station, market, food outlet, located next to North Haraf HighwayTranslated from Armenian",Dec-12-2022_20-39,By agreement,Not available,First Line,Common from the Street,,,,,,https://list.am/en/item/18127195,Stone
Multifunctional Space,1317 sq.m.,Aragatsotn › Byurakan,"$700,000",USD,"K-20630Վաճառվում է կոմերցիոն տարածք Բյուրականում, առաջին գիծ։ Տարածքը պետական վիճակում է, զրոյական մուտք։ Մուտքի դուռը և պատուհանները՝ եվրո։ էլ․ լարերը՝ փոխված։ Ունի եռաֆազ հոսանք, նկուղ, ձեղնահարկ, մշտական ջուր։ Ճակատի երկարությունը՝ 30մ։ Հողը՝ 1580քմ։Գործակալության միջնորդավճարը կազմում է 2 %: Ցուցադրությունների համար կնքվում է ցուցադրման պայմանագիր։ Խնդրում ենք Ձեզ մոտ ունենալ անձը հաստատող փաստաթուղթ։Commercial area for sale in Byurakan. The area is in the state condition and is stationed in the 1st line. Zero condition. The entrance door and windows are euro-based. The electric wires are newly changed. It has a three-phase electricity, cellar, attic and is supplied with constant water. The length of the forehead of the building is 30m. The total area of the land is 1580sq. M.The commission of the Real Estate Agency is 2%. For showing the real estate, a contract is signed. Please have a passport, ID or driving-license with You.",Dec-12-2022_20-39,Not available,Not available,First Line,Separate from the Street,,,,,,https://list.am/en/item/11542764,Stone
Warehouse,2500 sq.m.,Aragatsotn › Karbi,"$250,000",USD,"Refrigerator for sale in Ashtarak, Karbi village. The building is made of stone, completely renovated for a refrigerator. The power lines, the cooling system are new, ideal. It is sold with parcels, existing property, equipment. It is also possible to exchange with an apartment in Yerevan, in the Center.Translated from Armenian",Dec-12-2022_20-40,,,,,,,,,,https://list.am/en/item/18043958,Stone
Industrial and Manufacturing,360 sq.m.,Aragatsotn › Kosh,"200,000 ֏",AMD,For rentProvided with permanent water. With gasTranslated from Armenian,Dec-12-2022_20-40,Not available,Not available,First Line,Common from the Street,,,,,,https://list.am/en/item/16474342,Stone
Functioning Business,8400 sq.m.,Aragatsotn › Ujan,"$95,000",USD,"A restaurant and a car wash are for sale on the Yerevan-Gyumri highway, in the territory of Ujan community. The area has 5 closed pavilions, 7 open pavilions, 1 cottage, kitchen, permanent light, water is suitable for gasification. The car wash works very well. It stretches along the highway 120 meters. It is possible to exchange with a car or an apartment in Yerevan, I will listen to offers. NegotiableTranslated from Armenian",Dec-12-2022_20-40,,,,,,,,,,https://list.am/en/item/17356094,Stone
Everything Else,2310 sq.m.,Aragatsotn › Ashtarak,"$45,000",USD,"On the left side of the Yerjan-Ashtarak highwaySecond line, high position. Dimensions of the foundation 13.5 m / 34 m. Irrigation.There is drinking water and electricity nearby.Translated from Armenian",Dec-12-2022_20-40,,,,,,,,,,https://list.am/en/item/16590255,Monolith
Retail Space,170 sq.m.,Aragatsotn › Karbi,"$130,000",USD,A 1500 m2 plot of land with a 170 m2 building is for saleIt is located on the Ashtarak-Apara highway.It is also available for rent.Translated from Armenian,Dec-12-2022_20-40,,,,,,,,,,https://list.am/en/item/17490632,Stone
Agricultural Space,800 sq.m.,"Արագածի փողոց, Ոսկեվազ","$46,000",USD,800 sq. M. For sale. Cattle farm in Voskevaz village of AragatsotnThe farm is located 1 km from the village andvery suitable for animal husbandryThe building is also allowed to be used as a production spaceTranslated from Armenian,Dec-12-2022_20-40,Not available,Not available,Other,Separate from the Courtyard,,,,,,https://list.am/en/item/18667575,Stone
Retail Space,70 sq.m.,"Խանջյան փողոց 27, Թալին քաղաք","$52,000",USD,Commercial containerTranslated from Armenian,Dec-12-2022_20-40,Not available,Not available,First Line,Common from the Street,,,,,,https://list.am/en/item/18623040,Stone
Industrial and Manufacturing,1000 sq.m.,"Sisakyan St, Ashtarak","$60,000",USD,"It is located in Sasunik community. The total area is one thousand square meters; A partial version is possible. I WILL EXCHANGE, I will accept different offers.Translated from Armenian",Dec-12-2022_20-40,Available,Not available,First Line,Separate from the Street,,,,,,https://list.am/en/item/15382144,Stone
Agricultural Space,230 sq.m.,Aragatsotn › Aparan,"$15,000",USD,Comfortable area for cattle breeding The area is completely asphalted with light and water for details call the price is negotiableTranslated from Armenian,Dec-12-2022_20-40,Not available,Not available,Other,Separate from the Street,,,,,,https://list.am/en/item/17718012,Panels
Retail Space,900 sq.m.,Aragatsotn › Aragatsotn,"$320,000",USD,"Участок находится на центральной трассе от Еревана в 30км. Первая линия. Передняя часть длины територии участка 190м. Обшая площадьтерритории составляет 23000кв, м. Площадь здания составляет900кв. М передняя часть 50м. Удобно для любого вида бизнесса, есть 3-х фазное 100кв, электричество, вода, канализация. Капитальное новое каменное здание.",Dec-12-2022_20-40,Not available,Not available,First Line,Common from the Street,Outdoor parking,,,,,https://list.am/en/item/18664298,Stone
Industrial and Manufacturing,4560 sq.m.,Aragatsotn › Aragatsavan,"$170,000",USD,"0100317Aragatsavan communityThe land includes:445 square meter semi-detached building203 square meter residential house: 4 roomsSeparate cheese workshop, cheese pit refrigerator610 square meters of finished cattle shedwater, gas, three-phase current drawn.Code 0100317Translated from Armenian",Dec-12-2022_20-40,By agreement,Not available,Second Line,Common from the Street,,,,,,https://list.am/en/item/18221610,Stone
Agricultural Space,3000 sq.m.,"Marshal Baghramyan St, Aparan","$55,000",USD,For more information callTranslated from Armenian,Dec-12-2022_20-40,,,,,,,,,,https://list.am/en/item/18190819,Stone
Automotive Service,500 sq.m.,Aragatsotn › Agarak,"$55,000",USD,"It is sold together with the existing business house. (car spare parts point, car dismantling)The house is fully renovated and has:3 bedroomsOne bathroomConstant hot/cold water2 kitchensClosed balconyExcavated basement.The price is negotiable, call us and we will discuss in detail.Translated from Armenian",Dec-12-2022_20-40,Available,Not available,First Line,Separate from the Street,,,,,,https://list.am/en/item/18407723,Panels
Agricultural Space,2759 sq.m.,Aragatsotn › Aragatsotn,"$70,000",USD,A farm with all its facilities is for sale.Office space is available.Utilities are provided with electricity and water.The area is completely monitored by cameras. The price is negotiable.Translated from Armenian,Dec-12-2022_20-40,,,,,,,,,,https://list.am/en/item/18210590,Stone
Hotel,4500 sq.m.,"Երևանյան փողոց, Աշտարակ","$750,000",USD,"An unprecedented offer for investors... Hotel for sale in Ashtarak cityA hotel complex is for sale in the city of Ashtarak.The area has a total area of 4500 square meters, the building has an area of 1330 square meters.23 hotel rooms, the number of which can be increased up to 28,23 bathrooms,2 saunas,2 indoor swimming pools,bakery,2 large kitchens,Security system. The entire area is equipped with cameras.The complex will work perfectly as a hotel, resort, and restaurant.For details, you can call the indicated phone number and the same numberwhatsapp (+ 374)viber (+ 374)Code SHA1Translated from Armenian",Dec-12-2022_20-40,By agreement,Not available,First Line,Separate from the Street,,,,,,https://list.am/en/item/18339911,Stone
Functioning Business,35 sq.m.,"Parpetsi Street, Yerevan","$115,000",USD,"3.5 ha 1700 apple trees next to the apple refrigerators in Karbi, 700 sq. M. Building, up to 500 sq. M., which is suitable for cattle breeding, production, etc. Meters, the size of the land is 35000 square meters, the trees under harvest are 9-10 years old. The price without animals, the price of animals is about 50,000 dollars, it is sold at your request; Call AGENCY for details.Translated from Armenian",Dec-12-2022_20-40,Not available,Not available,First Line,Separate from the Street,,,,,,https://list.am/en/item/15486533,Stone
Functioning Business,27 sq.m.,Aragatsotn › Ashtarak,"2,300,000 ֏",AMD,"Draft beer store for saleOpened in April, property is in good condition. Selling due to offer for other business. The store has normal traffic (has a lot of room to grow)There is no store of this format in Ashtarak city. The building is not paidTranslated from Armenian",Dec-12-2022_20-40,,,,,,,,,,https://list.am/en/item/18290235,Stone
Agricultural Space,2800 sq.m.,Aragatsotn › Ujan,"$220,000",USD,"Urgently paid operating business-GreenhouseBakery workshopShopBarbecueIt is located directly on the Yerevan-Gyumri highway, in the Ujan section.Is availableGas, own electric pump (substation), water, recreation area, sanitary junction, kitchen, 17 ton water tank, sun protection screens, heating system, milk system, double outlet (inflatable dyno cellophane), Led lighting, 12 video cameras, guards comfortable cabin.Located right next to the highway, there is a parking lot.Translated from Armenian",Dec-12-2022_20-40,,,,,,,,,,https://list.am/en/item/18447458,Stone
Retail Space,240 sq.m.,Aragatsotn › Talin,"14,000,000 ֏",AMD,"An area of public importance is for sale in Talin, at 26/12 Teryan street.The area is located on the 1st floor of a residential building. It has entrances from the yard and street.The area is not renovated.There is three-phase electricity.Translated from Armenian",Dec-12-2022_20-40,,,,,,,,,,https://list.am/en/item/17604602,Panels
Everything Else,25 sq.m.,Aragatsotn › Voskevaz,"$1,050",USD,"Վաճառվում է տնակ 9մ երկարությամբ, 2 սենյակ:Budka, tnak, domik, vagonբուդկա, տնակ, դոմիկ, վագոն",Dec-12-2022_20-40,,,,,,,,,,https://list.am/en/item/14256261,Wooden
Automotive Service,50 sq.m.,"1/1 street, Katnaghbyur","$14,000",USD,On the Yerevan-Gyumri highway. First line. WASH YOUR OWN/LAUNDRYTranslated from Armenian,Dec-12-2022_20-40,,,,,,,,,,https://list.am/en/item/18275300,Stone
Industrial and Manufacturing,1600 sq.m.,"Մարշալ Բաղրամյան փողոց, Ապարան","$100,000,000",USD,"Address Village Kuchak next to the riveralso available for rent600,000 AMD per month1 warehouse: 75 square meters1 refrigerator: 100 square meters1 barn: 65 square meters1 workshop building: 333 square meters1 cabin: 78 square metersapple orchard: 900 square metersthe workshop is fencedClick to learn moreTranslated from Armenian",Dec-12-2022_20-40,,,,,,,,,,https://list.am/en/item/17912393,Stone
Retail Space,206 sq.m.,Aragatsotn › Ashtarak,"$195,000",USD,"Commercial space for sale In the tower, the busiest part of the city.The area is 206 square meters.The area is provided with all amenities.There is also a bathroom.It also has a plot of land and a basement, which can be used as a warehouse for raw materials.The area can be used for production and commercial purposes. The basement can serve as a warehouse for raw materials.Price: $195,000 negotiable.Code H0411Translated from Armenian",Dec-12-2022_20-40,Not available,Not available,First Line,Common from the Street,,,,,,https://list.am/en/item/18157977,Stone
Retail Space,17 sq.m.,"Komitas St, Talin","1,500,000 ֏",AMD,"Շ Տ Ա Պ! Վաճառվում է կամ տրվում է վարձով ամսական՝ 20000 դրամ։17,5 քմ + 0,003 հաՀԱՐՑԵՐԻ և ՄԱՆՐԱՄԱՍՆԵՐԻ ՀԱՄԱՐ ԴԻՄԵԼ ՄԻԱՅՆ ՆՇՎԱԾ ՀԵՌԱԽՈՍԱՀԱՄԱՐՈՎ",Dec-12-2022_20-40,Not available,Not available,Other,Common from the Courtyard,,,,,,https://list.am/en/item/14566496,Stone
Building,1166 sq.m.,Aragatsotn › Ashtarak,"175,455,000 ֏",AMD,"The property is a Bank Collateral that is in BANKRUPTCY auction.Aragatsotn marz, c. Ashtarak, Yerevanyan str. , administrative building No. 2: 1165.7 square meters, land plot: 2938 square meters. The building is 3-storey, with stone load-bearing walls, the roof of the mezzanine is reinforced concrete, the fence is 5.3 square meters, the retaining wall is 31, the plot has an unpaid cadastral value debt of AMD 13,050,009.You can also purchase the presented property through lending by the Bank, with the current lending terms and rates.! Attention!The property is encumbered by actual users, whose eviction and all necessary costs and actions arising from the contract will be carried out by the successful bidder.Translated from Armenian",Dec-12-2022_20-40,Not available,Not available,Other,Separate from the Courtyard,,,,,,https://list.am/en/item/18516072,Stone
Hotel,3000 sq.m.,Aragatsotn › Parpi,"$197,000",USD,"A two-storey guest house with its mansard floor is for sale in Aragatsotn region, only 20 km away from Yerevan, in the lap of beautiful nature. The road is completely asphalted.The total area of the land is 3,000 square metersThe front part is 60 mThe building area is 342 square metersThe building is in zero condition. According to the project, the divisions are provided as follows:1st floor:lobby with its own reception-cafe-bar section-bathroom2nd floor4 private rooms, each with its own bathroom3rd deluxe rooms on the 3rd attic floorThe front part of the hotel is completely fenced, there is a parking lot. All the communications are available: Gas, electricity, water, sewerage, as well as three-phase electricity. The guest house is surrounded by a newly planted beautiful garden, where there are fruit and decorative trees.Due to its location ից position, the guest house offers a wonderful view of Ararat and Aragats mountains.The building with its adjacent land can also serve as a private house.• Kind Regards #AsatryanConsulting team:The best for you!Best for you!Luchshee for you!Lo mejor para ti!The best for you!最 适合 您Code 17199776Translated from Armenian",Dec-12-2022_20-40,Not available,Not available,First Line,Separate from the Street,,,,,,https://list.am/en/item/17199776,Stone
Restaurant,"10,000 sq.m.",Aragatsotn › Aragatsotn,"$2,000,000",USD,"Restaurant, Hotel and Gym for sale on the North-South highway, first line. The total area is 10 hectares. It is located 39 km from Yerevan.A recreation area is being built in the area. There are pavilions under construction and a 30-meter swimming pool.The area includes 2 hectares of valley, 4 hectares of parking for furs.The area is 100,000 square meters.Translated from Armenian",Dec-12-2022_20-40,Available,Not available,First Line,Common from the Street,Outdoor parking,,,,,https://list.am/en/item/17569020,Stone
Multifunctional Space,8000 sq.m.,"3-րդ փողոց, 2-րդ փակուղի, Կարբի","$650,000",USD,"Region: AragatsotnCommunity: Karbi (Ushin village)Distance from Yerevan - 28 kmThe access road is asphalted.Historical and cultural place - a place of wonderful tourism developmentThe land area is 8000 square metersBuilding area - 500 square meters2 separate buildings8 bedrooms1 living room 60 sq. M.4 bar sections1 kitchen1 summer kitchen1 gym2 playrooms1 winery1 cellar1 shock bath1 indoor swimming pool1 outdoor swimming pool1 Football field (small)1 children's playgroundAll the communications are available.Heating is provided by a gas boiler.Fairytale winter gardenIt has a fairytale and green garden, where there are many fruit trees. Deer and flowers.The whole area is fenced with STONE FENCE H-2.50.Code 12285744Translated from Armenian",Dec-12-2022_20-40,,,,,,,,,,https://list.am/en/item/12285744,Stone
Industrial and Manufacturing,2000 sq.m.,Aragatsotn › Oshakan,"$42,000",USD,"Վաճառվում է անասնագոմ Արագածոտնի մարզի, Օշական գյուղում: Ընդհանուր մակերեսը 2000 ք/մ, շինությունները զբաղեցնում են 300ք/մ: Տարածքում առկա են 25 բերքատու ծառներ, պահեստային սենյակներ, 1 հարկանի քարե տուն: Ապահոված է մշտական խմելու և ոռոքման ջրով, հոսանքով, ունի բնական գազ քաշելու հնարավորություն /հարևանությամբ է/:",Dec-12-2022_20-40,,,,,,,,,,https://list.am/en/item/14256441,Stone
Everything Else,25 sq.m.,Aragatsotn › Oshakan,"400,000 ֏",AMD,"10-12 meters, call for questionsTranslated from Armenian",Dec-12-2022_20-40,,,,,,,,,,https://list.am/en/item/16661121,Cassette
Functioning Business,4407 sq.m.,Aragatsotn › Ashtarak,"$1,000",USD,"An operating pig farm is for sale, 15 km away from Yerevan. The area is 4407 square meters. Designed for 1000 head. The area is fenced, has 24 sheds, constant water and three-phase electricity. Price is negotiable.#ferma #xozabucaran #anasnagom:Translated from Armenian",Dec-12-2022_20-40,,,,,,,,,,https://list.am/en/item/16211884,Stone
Multifunctional Space,4441 sq.m.,Aragatsotn › Ashtarak,"$750,000",USD,"TAR1_Վաճառվում է կոմերցիոն տարածք Աշտարակում: Տարածքն ապահովված է բոլոր հարմարություններով, հարմար է տարբեր բիզնես գործունեության համար: Շենքում առկա է 2 սաունա, 2 փակ լողավազան: Շենքը երեք հարկանի է, Ընդհանուր տարածքը՝ 4441 քմ է, շենքի քառակուսին ՝ 1381 քմ է, 3060 քմ հողատարածքն է: Շենքը պարսպապատ է, նախկինում է ծառայել է որպես հյուրանոց:Commercial space for sale in Ashtarak. The area is provided with all facilities, suitable for various business activities. There are 2 saunas, 2 indoor swimming pools in the building. The building has three floors, the total area is 4441 square meters, the square of the building is 1381 square meters, the land area is 3060 square meters. The building is fenced, it used to be a hotelПродается коммерческое помещение в Аштараке. Район обеспечен всеми удобствами, подходящими для различных видов деятельности. В здании 2 сауны, 2 крытых бассейна. Здание трехэтажное, общая площадь 4441 кв. М, площадь здания 1381 кв. М, площадь земельного участка 3060 кв. М.: Здание огорожено, раньше это был отель.Այլ մանրամասների համար կարող եք զանգահարել կամ գրելWHATSAPP + 374For more information you can call us or contact viaWHATSAPP + 374Для дополнительный информации звоните или пишите + 374",Dec-12-2022_20-40,,,,,,,,,,https://list.am/en/item/18170380,Stone
Industrial and Manufacturing,300 sq.m.,Aragatsotn › Aparan,"$120,000",USD,Building and land area (ha) : 0.075 is self-developed. It has single-phase current.Translated from Armenian,Dec-12-2022_20-40,,,,,,,,,,https://list.am/en/item/18548452,Stone
Industrial and Manufacturing,3000 sq.m.,"Улица Аматуни 9, Ошакан","$85,000",USD,Готовый бизнес3000 квМПо вопросам звонить по указанному номеруОшакан ул Аматуни 22,Dec-12-2022_20-40,,,,,,,,,,https://list.am/en/item/18402705,Stone
