Type,Construction Type,Floor Area,Furniture,Elevator,Location from the Street,Entrance,Address,Price,Currency,Description,Datetime,Links,Lease Type,Minimum Rental Period,Prepayment,Utility Payments,Parking
Multifunctional Space,Cassette,30 sq.m.,Available,Not available,Other,Separate from the Courtyard,Tavush › Noyemberyan,"$1,850",USD,I am selling a 10-meter round cottage.Translated from Armenian,Nov-24-2022_22-00,https://list.am/en/item/16149348,,,,,
Functioning Business,Stone,60 sq.m.,,,,,"Կամոյի փողոց 120, Դիլիջան","$36,000",USD,For sale!Exchanged!On the Yerevan-Dilijan highwayThe 1st floor is a shop2nd floor guest house (Newly renovated)Translated from Armenian,Nov-24-2022_22-00,https://list.am/en/item/11474249,,,,,
Multifunctional Space,Stone,1470 sq.m.,Not available,Not available,First Line,Common from the Street,Tavush › Dilijan,"$650,000",USD,"В одном из красивейших мест в Армении, г. Дилижане продается мнoгофункционнальное 5 этажное здание (новостройка) площадью 1470 кв, м под крышей. Идеально подходит под гостиницу, дом отдыха, дачу и, т, дс прилежащей к нему землей в 1га.Цена договорная.",Nov-24-2022_22-00,https://list.am/en/item/16968988,,,,,
Hotel,Monolith,522 sq.m.,Available,Not available,Second Line,Separate from the Street,Tavush › Dilijan,"$520,000",USD,Hotel for sale in DilijanCode 0268Translated from Armenian,Nov-24-2022_22-00,https://list.am/en/item/17542446,,,,,
Office Space,Stone,100 sq.m.,,,,,Tavush › Ijevan,"$60,000",USD,"Urgently for sale a two-storey commercial area of 100 square meters, in the city of Ijjan, on the first line of the main highway ․ The area is fully renovated and has all the communal conditions ․ Has inside and outside stairs ․ Only real buyers should call ․ Suitable for any type of activity ․Translated from Armenian",Nov-24-2022_22-00,https://list.am/en/item/5984503,,,,,
Functioning Business,Stone,4000 sq.m.,,,,,Tavush › Ijevan,"$110,000",USD,"Auto gas station on the Ijevan - Berd road ""urgent""Translated from Armenian",Nov-24-2022_22-00,https://list.am/en/item/17979486,,,,,
Hotel,Monolith,400 sq.m.,Available,Not available,First Line,Common from the Street,"Erevanyan street, Ijevan","$270,000",USD,"Վաճառվում է հյուրանոցային համալիր Իջևան քաղաքում, Երևան-Իջևան M4 մայրուղու 132-րդ կիլոմոտրի ձախակողմյան հատվածում, Երևանյան 45:Հյուրանոցը գտնվում է Իջևան քաղաքում, դենդրոպարկի դիմաց, անմիջապես M4 մայրուղու վրա: Շինության ընդհանուր մակերեսը 400ք. /մ. Է, ունի ավտոկայանատեղի, այգի՝ ընդհանուր 500ք. /մ. Մակերեսով:Հյուրանոցը երկրորդ հարկում ունի թվով 6 սենյակներ, լոջա (հյուրերի հանգստի համար), լվացքատուն: Բոլոր սենյակներն ունեն իրենց սան հանգույցները, կահավորված են, բոլորում տեղադրված են հեռուստացույցներ, օդափոխման համակարգեր, սառնարաններ:Առաջին հարկում գտնվում է ռեստորանը, որը նախատեսված է 70 հյուրերի համար: Ռեստորանը նույնպես հագեցված է անհրաժեշտ գույքով և սպասքով: Առաջին հարկում առկա է նաև պահեստային մաս, խոհանոց, սառնարանային մաս և այլն: Շինության կից առկա են նաև երկու առանձին տաղավարներ:",Nov-24-2022_22-00,https://list.am/en/item/14767502,,,,,
Agricultural Space,Stone,220 sq.m.,,,,,Tavush › Lusahovit,"4,300,000 ֏",AMD,"Livestock farm in Ijevan, 3 km from the city.Translated from Armenian",Nov-24-2022_22-00,https://list.am/en/item/18287061,,,,,
Functioning Business,Stone,2000 sq.m.,,,,,"Yerevanyan street, Noyemberyan","$205,000",USD,Operating gas stationIt is on the Alaverdi-Georgia road. I will listen to exchange optionsTranslated from Armenian,Nov-24-2022_22-00,https://list.am/en/item/15962929,,,,,
Multifunctional Space,Stone,300 sq.m.,Not available,Not available,First Line,Separate from the Courtyard,"Արցախյան փողոց 114, Իջևան","60,000,000 ֏",AMD,"A two-storey multifunctional area is for sale on Artsakhyan street, Ijan city, which is suitable for almost all business activities. It is capitally renovated, fenced. Price is negotiable. The property is located directly on the street. It can serve as a hotel, restaurant, shop, big department store / mall /, paid kindergarten and school. Price is negotiable.Translated from Armenian",Nov-24-2022_22-00,https://list.am/en/item/17300694,,,,,
Hotel,Monolith,1600 sq.m.,,,,,"26 Commissars Street 41/1, Dilijan station","$550,000",USD,"A 4-storey hotel is for sale on the first line in the heart of Dilijan.• -1 floorSwimming pool, jacuzzi, sauna, 2 bathrooms, dressing room, small yard area, heated floor.Part of the pool is inside the building, the other part is outside.• 0 taxesOpen balcony, large stained glass windows,Large lobby, reception hall,Kitchen,Storage room for employees,3 bathrooms, all tiled,elevator section,great hall2 offices,• 1st floorRestaurant section, which is divided into 2 large halls: Summer section (courtyard) and inside the hotel.Outdoor kitchen3 bathrooms,3 1-room standard rooms,1 deluxe class 2-room room• 2nd floor5 standard numbers,2 deluxe roomsStorage roomConstruction works are 90% completed.It remains for the buyer to carry out interior decoration, improvement of the yard.Only $700,000 instead of the previous $1,000,000.For other details, write or call the indicated numbers.The hotel is listed under a real estate listing contract.Service commission: 2% of selling priceCode SKP190Translated from Armenian",Nov-24-2022_22-00,https://list.am/en/item/18043277,,,,,
Multifunctional Space,Stone,150 sq.m.,Available,Not available,First Line,Separate from the Courtyard,"Kalinini street, Dilijan station","21,000,000 ֏",AMD,"Commercial (near) house on Kalinin street, communal facilities, water, electricity, internet, bathroom are for sale. At the moment it serves as a warehouse.Call for details.Translated from Armenian",Nov-24-2022_22-00,https://list.am/en/item/17766457,,,,,
Retail Space,Stone,240 sq.m.,,,,,Tavush › Ijevan,"$95,000",USD,Магазин + пекарня 2 этажа. Мансардный этаж 6 комнат под гостиницу.,Nov-24-2022_22-00,https://list.am/en/item/17382632,,,,,
Industrial and Manufacturing,Stone,190 sq.m.,,,,,Tavush › Ijevan,"$32,000",USD,"It is located on the first line. The front part is 4 meters. Address: Q. Ijan, Yeryanyan street. It is located in Ijan on the M4 highway. Can be used as a business area. Significance of production: (Land in Ijan) It is privatized. LandTranslated from Armenian",Nov-24-2022_22-00,https://list.am/en/item/16979753,,,,,
Industrial and Manufacturing,Stone,2815 sq.m.,,,,,"Արցախյան փողոց 114, Իջևան","$40,000",USD,"It is located near Ijjan military unit, it is suitable for workshops, warehouses and to carry out other similar functions, the price is negotiable, it is possible - part in cash, part closed or part in cash, in exchange with the apartment, to arrange, for more details, call the mentioned numbers. With other convenient offers.Translated from Armenian",Nov-24-2022_22-00,https://list.am/en/item/16070813,,,,,
Retail Space,Panels,35 sq.m.,Not available,Not available,First Line,Common from the Street,"Ankakhutyan Street, Ijevan","$70,000",USD,"It is located near the Glamor store, and is now rented outTranslated from Armenian",Nov-24-2022_22-00,https://list.am/en/item/18184958,,,,,
Retail Space,Stone,85 sq.m.,,,,,Tavush › Haghartsin,"$32,000",USD,"A shop is for sale, which is located in the center of Haghartsin village, on the M4 highway, the shop is furnished, it has everything, it has a garage.The shop is for rentTranslated from Armenian",Nov-24-2022_22-00,https://list.am/en/item/17385593,,,,,
Retail Space,Wooden,14 sq.m.,,,,,"Erevanyan street, Ijevan","$20,500",USD,"Urgently for sale! The area is located in the center of the city.If you have any questions, call the mentioned phone number.Exchange with a car! Equivalent or at your surcharge!Translated from Armenian",Nov-24-2022_22-00,https://list.am/en/item/17504444,,,,,
Retail Space,Stone,180 sq.m.,Available,Not available,Second Line,Separate from the Street,"Արցախյան փողոց 114, Իջևան","45,000,000 ֏",AMD,"A three-story trade hall (shop) is for sale. The building is located in Ijevan city, near the market, exchange is possible with DAF, MAN, IVECO, JCB, CAT, KAMAZ6520-65115 types of equipment in Armenia and Russia. Call whatsapp-viberTranslated from Armenian",Nov-24-2022_22-00,https://list.am/en/item/17969184,,,,,
Retail Space,Stone,90 sq.m.,Available,Not available,Second Line,Common from the Street,Tavush › Ijevan,"30,000,000 ֏",AMD,CHAPTER 2 Operating in the center of the business city.Translated from Armenian,Nov-24-2022_22-00,https://list.am/en/item/17031934,,,,,
Building,Stone,400 sq.m.,Available,Not available,First Line,Separate from the Street,Tavush › Ijevan,"80,000,000 ֏",AMD,"The building is located in the city center, 5 floors, with all utilities, 1,2. The floors were renovated, 3 partially, the area adjacent to the building is 100 sq. M. M, the building is suitable for any type of use, exchange options are possible, Negotiable, call, Urgent.Translated from Armenian",Nov-24-2022_22-00,https://list.am/en/item/17137613,,,,,
Functioning Business,Wooden,20 sq.m.,,,,,"Shamakhyan Street, Dilijan station","$12,000",USD,"The land is located next to AYB school, in front of the Garden.Translated from Armenian",Nov-24-2022_22-00,https://list.am/en/item/17324853,,,,,
Industrial and Manufacturing,Stone,27 sq.m.,Not available,Not available,Other,Separate from the Courtyard,"Ankakhutyan Street, Ijevan","$12,500",USD,It is located in front of the Russian school. Private property for sale. A three-phase high-power transformer is available. The price is final. Also exchange with a car.Translated from Armenian,Nov-24-2022_22-00,https://list.am/en/item/17311958,,,,,
Everything Else,Bricks,13 sq.m.,,,,,"4/32 РА Тавуш марз, Бердаван","450,000 ֏",AMD,"Գտնվում է Իջևանի Աչաջուր գյուղի տարածքում։Երկարությունը 6մ։Ներսից ունի վերանորոգման կարիգ, ընդանուր վերանորոգման դեպկում գինը 600000 դրամ,Ռեալ գնորդի համար գինը սակարկելի։",Nov-24-2022_22-00,https://list.am/en/item/15679848,,,,,
Restaurant,Stone,262 sq.m.,,,,,"Yerevanyan St, Ijevan","$200,000",USD,A restaurant is for sale in the center of Ijevan. The area of the restaurant is 262 m2. The size of the land is 522 m2.Translated from Armenian,Nov-24-2022_22-00,https://list.am/en/item/16435992,,,,,
Functioning Business,Stone,2000 sq.m.,,,,,Tavush › Dilijan,"$45,000",USD,"For sale, call for urgent detailsTranslated from Armenian",Nov-24-2022_22-00,https://list.am/en/item/18200115,,,,,
Hotel,Stone,500 sq.m.,Not available,Not available,Second Line,Separate from the Street,"Kamo Street, Dilijan station","$350,000",USD,"Երկհարկանի նորակառույց քարե շենք նախատեսված հյուրատան համար, ունի 7 հատ 1 և 8 հատ 2 սենյականոց տարածքներ, լվացքատուն, եռաֆազ հոսանք, խոհանոց, 2 հատ 1 սենյականոց VIP սրահներԿոդ 44391",Nov-24-2022_22-00,https://list.am/en/item/14869440,,,,,
Building,Stone,110 sq.m.,Not available,Not available,Other,Common from the Street,"Shamakhyan Street, Dilijan station","$17,000",USD,"A stone building is for sale or rent, it worked as a shop, 72 square meters, there is a spare part of about 50 square meters, it is not in the plan, but ours. It needs renovation. I have just changed the roof profile ($ 2000) to make it possible as a house. There is three-phase electricity, it can become a workshop. I may exchange with the car for an additional fee by you, or equivalent, it can be a truck, or whatever you offer, you can write and I will answer.Translated from Armenian",Nov-24-2022_22-00,https://list.am/en/item/15639660,,,,,
Functioning Business,Stone,28 sq.m.,,,,,"Ankakhutyan Street, Ijevan","$70,000",USD,"An existing shop in the center of Ijevan is for sale, along with the product range and property. The price is $70,000Translated from Armenian",Nov-24-2022_22-01,https://list.am/en/item/18349150,,,,,
Multifunctional Space,Stone,1000 sq.m.,,,,,Tavush › Ijevan,"$140,000",USD,The area is next to the main highway.Translated from Armenian,Nov-24-2022_22-01,https://list.am/en/item/17645245,,,,,
Building,Stone,500 sq.m.,Available,Not available,First Line,Separate from the Street,Tavush › Dilijan,"$150,000",USD,"Продается капитальное здание, 3 этажа, 500 м2, в Дилижане' Хачардзане. Територия- 1800 м2.Одна комната полностью отремонтирована, столовая частично отремонтирована.Ворота с дистанционным управлением, солнечная электростанция, трехфазное электричество, бесплатная вода 24/7, газ, безлимитный бесплатный интернет, система орошения, система видеонаблюдения, возможен выход к реке Хачардзан.Он расположен на треккинговом маршруте TCT, посреди Агавнаванка и Гошаванка.Цена договорная.",Nov-24-2022_22-01,https://list.am/en/item/18265854,,,,,
Retail Space,Stone,30 sq.m.,Available,Not available,First Line,Common from the Street,Tavush › Ijevan,"700,000 ₽",RUB,"My commercial space used to work as a grocery store. It has a storage room (small) and a sink (in the yard with the water drawn off) also an exchange with the car is also possible, I will listen to your suggestionsin case of exchange, the price depends on the product you offer and the price, it is also possible to exchange with real estate or livestock in the republic of Adygea or Severskaya rayon, as well as exchange with an apartment or own house in Ijevan, negotiableTranslated from Armenian",Nov-24-2022_22-01,https://list.am/en/item/17915610,,,,,
Multifunctional Space,Stone,315 sq.m.,By agreement,Available,First Line,Common from the Street,"Улица Ереванян 7/7, Иджеван","99,000,000 ֏",AMD,Վաճառվում է կոմերցիոն եռահարկ շինություն բոլոր տեսակի հասարակական գործունեության համար:Продается трехэтажное коммерческое здание для всех видов общественной деятельности.,Nov-24-2022_22-01,https://list.am/en/item/16044394,,,,,
Everything Else,Wooden,2000 sq.m.,Not available,Not available,First Line,Common from the Street,Tavush › Ijevan,"15,000,000 ֏",AMD,"Land for sale in Yenokavan village, very suitable for any business activity.It is a very beautiful place in the forestCall for detailsTranslated from Armenian",Nov-24-2022_22-01,https://list.am/en/item/18160479,,,,,
Retail Space,Stone,80 sq.m.,,,,,"Hovsepyan Street, Dilijan station","$18,500",USD,"Very urgent, completely renovated. Can serve as an apartmentTranslated from Armenian",Nov-24-2022_22-01,https://list.am/en/item/17085630,,,,,
Retail Space,Stone,31 sq.m.,,,,,Tavush › Dilijan,"$45,000",USD,Shop for sale (stone building)Translated from Armenian,Nov-24-2022_22-01,https://list.am/en/item/18255738,,,,,
Hotel,Stone,1700 sq.m.,,,,,Tavush › Dilijan,"$750,000",USD,"A hotel is for sale in the city of Dilijan.The total area of the land is 1700 square meters.The land has public importance.Selling price: 750,000 USDCode: AH-K323Translated from Armenian",Nov-24-2022_22-01,https://list.am/en/item/17619098,,,,,
Functioning Business,Wooden,2400 sq.m.,,,,,Tavush › Dilijan,"$1,200,000",USD,"In one of the best tourism centers of Armenia, Dilijan, a newly built recreation area is for sale.In the recreation area there is:4 beautiful wooden private houses (cottages), one of which has its own private pool and saunaa two-story building intended for administrative workplaygroundparking lot for 14 carstechnical sectionguard post24 hour security systemThis cozy corner is the best way to relax.Sale price: 1,200,000 USDCode: GS-K05Translated from Armenian",Nov-24-2022_22-01,https://list.am/en/item/17681785,,,,,
Functioning Business,Stone,300 sq.m.,,,,,Tavush › Dilijan,"$260,000",USD,"Վաճառվում է գործող հյուրատուն-սրճարան ։ Ապահովում է ստաբիլ և կայուն եկանուտ ։ Ժամանակի ընդացքում հավագել է հաճախորդների մեծ բազա և համբավ ։Շինության ընդհանուր մակերեսը կազմում է 300 քմ. + կից տարածք 100քմ. ։Կապիտալ վերանորոգված է, ունի բոլոր հարմարությունները, տաք և սառը ջուր, ջեռուցում, օդորակիչ... TV, Wi_Fi. Ամբողջությամբ կահավորված է որակյալ կահույքով և կենցաղային սեխնիկայով ։Ունի երեք հարկ, 1 ին և 3րդ հարկերը ծառայում են որպես հյուրատներ, իսկ 2րդ հարկը ծառայում է որպես կոմերցիոն սրահ, որը այս պահին տրված է վարձով ։ Վաճառվում է անձնական պատճառով ։ Շատ շտապ! Հավելյառ նկաեների կամ ինֆորմացիայի համար ցանգահարեք ։",Nov-24-2022_22-01,https://list.am/en/item/12708233,,,,,
Functioning Business,Stone,900 sq.m.,,,,,Tavush › Dilijan,"$300,000",USD,"An existing business is for sale or rent on Kalinini Street, Dilijan. Two guest houses and a restaurant. The total area of the guest houses is 221 m/sq. The area of the restaurant is 900 m/sq. The restaurant has 65 m/sq. It has regular customers.Translated from Armenian",Nov-24-2022_22-01,https://list.am/en/item/18222533,,,,,
Office Space,Stone,400 sq.m.,,,,,"Kalinini street, Dilijan station","43,000,000 ֏",AMD,Վաճառվում է գրասենյակային տարածք քաղաք Դիլիջանում։ Շինությանը կից առկա է 560մ հողատարածք։ Գինը սակարկելի,Nov-24-2022_22-01,https://list.am/en/item/10858091,,,,,
Everything Else,Stone,30 sq.m.,,,,,"Արցախյան փողոց 114, Իջևան","$2,000,000",USD,"Ijevan Stadium. Hotel, sport, gym, swimming pool. Everything. 3 hectaresTranslated from Armenian",Nov-24-2022_22-01,https://list.am/en/item/17505466,,,,,
Hotel,Monolith,3946 sq.m.,Not available,Not available,Other,Separate from the Courtyard,Tavush › Dilijan,"$1,240,000",USD,"A holiday zone for sale in one of the most beautiful places in Dilijan.The recreation zone-park is built on a total land area of 7200 square meters.The complex includes 5 small and 4 large cottages.Two of the cottages are completely renovated, and seven are in zero condition.The hotel building is half-built. Only 2 floors are built.The building has 13 rooms, a swimming pool, recreation and entertainment halls.The sale price of the complex is 1,240,000 AMD equivalent to USD.In order to buy and see the complex, a Service Agreement is signed. Please have an identity document with you.Code: 0313-61238Translated from Armenian",Nov-24-2022_22-01,https://list.am/en/item/18072971,,,,,
Hotel,Stone,1700 sq.m.,,,,,Tavush › Dilijan,"$800,000",USD,"Unrenovated two-story hotel for sale in the city of Dilijan, in the forest.The total area of the land is 1700 square meters.The land has public importance.Selling price: 800,000 USDCode: GS-K323Translated from Armenian",Nov-24-2022_22-01,https://list.am/en/item/17630457,,,,,
Industrial and Manufacturing,Stone,260 sq.m.,,,,,Tavush › Ijevan,"$15,000",USD,"Շտապ վաճառվում կամ տրվում է վարձակալության ընդհանուրը 260 քմ շինություն, որից 70 քմ պանելային և ծածկով, մնացածը առանց ծածկ, ունի 1200 քմ, հողատարածք, բնության գրկում, ցանկապատված, կա ջուր, լույս, ճանապարհը լավ: Կարող է ծառայել թէ անասնաֆերմա, թէ արտադրության համար, որպես սահմանամերձ ազատված եկամտահարկերից: /15.000 դոլլար, վարձակալություն կպայմանավորվենք:Срочно продается или сдается в аренду здание общей площадью 260 кв. М, из них 70 кв. М с панельной крышей, остальные без крыши, имеет 1200 кв. М, земельный участок, в окружении природы, огорожен забором, есть вода, светлая, дорога хорошая. Может использоваться как для животноводства, так и для производствакак освобождение от подоходного налога на границ.15000$, договоримся об аренде.Urgently for sale or rent a total of 260 square meters of building, of which 70 square meters with panel և roof, the rest without roof, has 1200 square meters, land, surrounded by nature, fenced, there is water, light, the road is good. Can be used for both livestock and production. As exempt from income tax at the border. , $ 15,000, we will agree on a",Nov-24-2022_22-01,https://list.am/en/item/17604095,,,,,
Everything Else,Monolith,60 sq.m.,,,,,"Kalinini street, Dilijan station","$75,000",USD,"Commercial area in Dilijan,The building is newly built. All amenities are available (heating, ventilation system)Can be used as a commercial or office space.An exchange with an apartment in Yerevan is possible.Translated from Armenian",Nov-24-2022_22-01,https://list.am/en/item/10121777,,,,,
Functioning Business,Stone,500 sq.m.,,,,,Tavush › Dilijan,"$140,000",USD,An operating business is for saleIn HaghartsinOn the M 3 interstate roadFirst lineCode 2049Translated from Armenian,Nov-24-2022_22-01,https://list.am/en/item/17961656,,,,,
Retail Space,Monolith,20 sq.m.,Not available,Not available,First Line,Common from the Street,"Մայիսի 28 փողոց 2, Իջևան","500,000 ֏",AMD,"Mobile iron-concrete structure 4 m. -5 m. On it, with a tin roof. Renovated inside and out. The building is for sale without land.Translated from Armenian",Nov-24-2022_22-01,https://list.am/en/item/16239581,,,,,
Retail Space,Stone,200 sq.m.,,,,,Tavush › Ijevan,"$93,000",USD,Located in Ijevan. In front of the university.200 square meters.On the main Ijevan-Yerevan road.It also has a car wash.The price is negotiable.Those who want real should call.Urgent. Negotiable.Translated from Armenian,Nov-24-2022_22-01,https://list.am/en/item/17637185,,,,,
Retail Space,Stone,80 sq.m.,,,,,"Maksim Gorky Street, Dilijan station","350,000 ֏",AMD,"A space for rent in the city of Dilijan, near the bus station. The area is provided with gas, water, three-phase electricity, ventilation system and utilities. Can be used as a cafe, shop, food factory, etc. In case of questions, call the indicated phone number.Translated from Armenian",Nov-24-2022_22-01,https://list.am/en/item/17374387,,,,,
Functioning Business,Stone,1650 sq.m.,,,,,Tavush › Bagratashen,"$109,999",USD,"It is complete with all communication adaptations, everything is automated, everything works, for the rest of the questions, I will negotiate over the phoneTranslated from Armenian",Nov-24-2022_22-01,https://list.am/en/item/18088727,,,,,
Retail Space,Wooden,28 sq.m.,,,,,Tavush › Dilijan,"$40,000",USD,Продам магазин в центре города Дилижан ул. Мясникяна,Nov-24-2022_22-01,https://list.am/en/item/17909789,,,,,
Multifunctional Space,Stone,104 sq.m.,,,,,Tavush › Gandzakar,"$22,000",USD,"The building is located near Gandzakar municipality, it is of public construction, it has water, electricity (three-phase), it has an area of 500 square meters.Translated from Armenian",Nov-24-2022_22-01,https://list.am/en/item/16787787,,,,,
Functioning Business,Stone,6500 sq.m.,,,,,"Parz Lich street, Dilijan station","$670,000",USD,"Code T240:An operating business is for sale in Dilijan, on Parz Lake street. The total area is 6500 square meters, of which 3500 square meters are privatized. Suitable for any activity.Code T-240Translated from Armenian",Nov-24-2022_22-01,https://list.am/en/item/13906732,,,,,
Multifunctional Space,Stone,2000 sq.m.,,,,,Tavush › Dilijan,"$140,000",USD,Code T339:Commercial area for sale in Dilijan. The total area is 2000 square meters. There is a 2-storey building in the area. There is a living room and a kitchen on the 1st floor. There are 3 bedrooms on the 2nd floor with their bathrooms. There are also 2 wooden huts. The total area of the document is 900 square meters.Code T-339Translated from Armenian,Nov-24-2022_22-01,https://list.am/en/item/17388759,,,,,
Hotel,Stone,1700 sq.m.,,,,,Tavush › Dilijan,"$800,000",USD,"Code T362:Commercial area for sale in Dilijan. The total area is 1700 square meters, and the land is 1950 square meters. The area needs renovation. Stained glass windows are installed, wall partitions are made. Communications are available. Suitable for hotel.Code T-362Translated from Armenian",Nov-24-2022_22-01,https://list.am/en/item/17613548,,,,,
Hotel,Stone,930 sq.m.,,,,,Tavush › Dilijan,"$600,000",USD,"Code T335:4-storey hotel for sale in Dilijan. The total area is 520 square meters, and the land is 930 square meters. The area is fully renovated. The 1st floor, which is a basement, has an entrance hall, a sauna, a swimming pool, a bathroom. There are 3 bedrooms on the 2nd floor with their bathrooms, 2 of which have a Jacuzzi. The entrance to the hotel starts from the 3rd floor, where there is an entrance hall, a kitchen, a restaurant, a barbecue, 2 bathrooms, an open balcony. There are 3 bedrooms on the 4th floor, 1 of which has been turned into 2 rooms.Code T-335Translated from Armenian",Nov-24-2022_22-01,https://list.am/en/item/17377350,,,,,
Industrial and Manufacturing,Stone,1029 sq.m.,,,,,Tavush › Ijevan,"$62,500",USD,"Հովք համայնքում վաճառվում է արտադրական տարածք՝ 519քմ անասնաշենք, 130քմ աշխատակիցների սենյակ, 380քմ հողատարածք.",Nov-24-2022_22-01,https://list.am/en/item/16248793,,,,,
Hotel,Stone,2000 sq.m.,,,,,"13-րդ փողոց 18, Հաղարծին","$100,000",USD,Existing commercial premises for sale together with two stone guest houses. The area is located on the Dilijan Ijevan road. Provided with utilities. For more information call:Translated from Armenian,Nov-24-2022_22-01,https://list.am/en/item/18277345,,,,,
Office Space,Stone,188 sq.m.,,,,,Tavush › Dilijan,"43,000,000 ֏",AMD,"(Code 12/005) Office for sale in Dilijan city, the area is 188.5 sq/m, and the plot size is 400 sq/m. Purpose of land: Industrial, subsoil use and other production purpose, operational purpose or plot: Public development, type of right: Ownership. The plot is 400 sq/m in the certificate, but in fact it is 840 sq/m and at the time of sale, the given additional 440 sq/m will be legalized. The office has gas, electricity, and water and sewage are available, the price is AMD 43,000,000. Attention, call only honest, conscientious, civilized and adequate people who are ready to cooperate with the real estate agency. Don't write a letter, call for all discussions. Dear buyers, the nature of the work is such that the agency does not provide a specific address over the phone. We hope you will be understanding. Citizens who speak in munat or do not answer calls, do not call, we do not work with you. I repeat once again, no address is provided over the phone.Translated from Armenian",Nov-24-2022_22-01,https://list.am/en/item/13674650,,,,,
Functioning Business,Wooden,2400 sq.m.,,,,,Tavush › Dilijan,"$1,200,000",USD,"In one of the best tourism centers of Armenia, Dilijan, a newly built recreation area is for sale.In the recreation area there is:4 beautiful wooden houses (cottages), one with its own private pool and saunaa two-story structure intended for administrative workplaygroundparking for 14 carstechnical sectionguard post24 hour security systemThis cozy corner is the best way to relax.Sale price: 1,200,000 USDCode: AH-K05Translated from Armenian",Nov-24-2022_22-01,https://list.am/en/item/17683398,,,,,
Multifunctional Space,Stone,428 sq.m.,,,,,"Улица Мясникяна 80, Дилижан","$420,000",USD,"2-storey detached building for sale in the center of Dilijan, on Myasnikyan street, has an entrance directly from the street, is architecturally separated from the adjacent buildings, is suitable for a hotel, guest house, restaurant complex,food facility and for other business purposes.It is possible to exchange an apartment with equivalent real estate in Yerevan or Russia.Translated from Armenian",Nov-24-2022_22-01,https://list.am/en/item/8385792,,,,,
Hotel,Stone,270 sq.m.,,,,,Tavush › Bagratashen,"$80,000",USD,Commercial area in Bagratashen is for sale or rent. The area is located 800 m from the Armenia-Georgia customs point ․ away from the main road. It works as a hotel and food point. An exchange with an apartment in Yerevan is possible.Translated from Armenian,Nov-24-2022_22-01,https://list.am/en/item/17617538,,,,,
Building,Stone,328 sq.m.,,,,,"Getapnya street, Dilijan station","$275,000",USD,"Unfinished 3-storey multifunctional building in Dilijan, on Getapnya street, in front of the city park and stadium.The size of the land is 110 square meters.Riverside 6aDilijan, Dilijan:Getapnya street, DilijanA half-built 3-storey mass-functional building is for rent in Dilijan.It is possible to rent both in this condition and in a renovated condition.Exchange is possibleTranslated from Armenian",Nov-24-2022_22-01,https://list.am/en/item/9803144,,,,,
Everything Else,Stone,2600 sq.m.,Not available,Not available,Other,Common from the Street,"Erevanyan street, Ijevan","1,000 ֏",AMD,"26000 m2, located in front of Azatamut Price per square meter 1000 AMD, urgentTranslated from Armenian",Nov-24-2022_22-01,https://list.am/en/item/12125256,,,,,
Agricultural Space,Stone,117 sq.m.,Not available,Not available,Other,Separate from the Courtyard,Tavush › Norashen,"285,404 ֏",AMD,"The property is the Bank's collateral, which is in the BANKRUPTCY auction.In Norashen village of Tavush region, a cattle barn is 117.0 square meters, the land area is 0.025 hectares.You can also purchase the presented property through crediting by the Bank with the current credit terms and tariffs.! Attention!The property is encumbered with actual users, whose eviction բոլոր all necessary costs arising from the contract and actions will be performed by the successful bidder.Translated from Armenian",Nov-24-2022_22-01,https://list.am/en/item/17864781,,,,,
Multifunctional Space,Monolith,3478 sq.m.,,,,,Tavush › Ijevan,"108,000,000 ֏",AMD,"Собственность, 3478кв. Метров земли, 600 кв. М зал, бассейн на первом этаже и 3 комнаты на 2 этаже, разрешение на строительство, постоянная вода и канализация, 80 киловатт трехфазный ток, асфальтированная стоянка на много машин, одна граница территории: Стена военной полиции, другая 94 метров трассы м4 (улица Ереванян) В черте города Иджеван. Торг уместен.",Nov-24-2022_22-01,https://list.am/en/item/18268549,,,,,
Functioning Business,Stone,73 sq.m.,,,,,Tavush › Ijevan,"$40,000",USD,"(Code 05/11) An object for sale in the city of Ijevan, next to the river, has 2 buildings with the areas of 35.31 sq/m and 38.25 sq/m, and the plot size is 601.9 sq/m. The facility has electricity, 24-hour water, sewage, has pavilions, is suitable for use as a shopping hall, hotel or food court, the price is 40,000 USD. The object is also exchanged for an apartment in the cities of Ijevan, Dilijan, Yerevan, or in the regional centers of the RA marzes together with our or your additional payment, depending on the value of your apartment. The object is also exchanged for a car, we will listen to your offers. Attention, call only honest, conscientious, civilized and adequate people who are ready to cooperate with the real estate agency. Don't write a letter, call for all discussions. Dear buyers, the nature of the work is such that the agency does not provide a specific address over the phone. We hope you will be understanding. Citizens who speak in munat or do not answer calls, do not call, we do not work with you. I repeat once again, no address is provided over the phone.Translated from Armenian",Nov-24-2022_22-01,https://list.am/en/item/17285012,,,,,
Hotel,Stone,1020 sq.m.,,,,,Tavush › Dilijan,"$650,000",USD,"Гостевой дом Karin B& B расположен в Дилижане, в живописном месте, на улице Саят-Нова. В здании 6 уютных номеров с санузлами, в которых можно разместить до 17 человек. На мансардном этаже есть дополнительно 7 спальных мест. Гостевой дом Karin известен своей экологической чистотой и является идеальным местом для семейного отдыха на природе. Здание полностью отремонтировано по современным стандартам, имеется кухня со всем необходимым оборудованием для приготовления пищи, несколько открытых павильонов, банкетный зал на 40–50 мест, два мангала для барбекю. Удобства включают Wi-Fi, парковку, горячую воду с солнечной системой нагрева, крытую гостиную с камином, бильярд и настольный теннис.Предлагается вариант бронирования отдельных комнат включая завтрак, возможна долгосрочная аренда всего дома, также его продажа. Общая площадь участка 2800 м2, площадь застройки 1020 м2.Karin B& B հյուրատունը գտնվում է Դիլիջանում, գեղատեսիլ վայրում՝ Սայաթ-Նովա փողոցում։ Շենքն ունի 6 հարմարավետ սենյակ՝ սանհանգույցներով, որոնք կարող են ընդունել մինչև 17 մարդ։ Մանսարդային հարգում կա 7 հավելյալ մահճակալ։ Հայտնի է իր բնապահպանական բարեկեցությամբ՝ Կարին հյուրատունը իդեալական վայր է բնության գրկում ընտանեկան հանգստի համար: Շենքը հիմնովին վերանորոգված է ժամանակակից չափանիշներով, առկա է խոհանոց՝ ճաշ պատրաստելու համար անհրաժեշտ բոլոր սարքավորումներով, մի քանի բաց տաղավարներ, 40-50 հոգու համար նախատեսված բանկետների սրահ, երկու խորովածի գրիլ։ Հարմարությունները ներառում են Wi-Fi, ավտոկայանատեղ, արևային տաք ջուր, բուխարիով փակ լաունջ, բիլիարդ և սեղանի թենիս:Առաջարկվում է անհատական սենյակների՝ ներառյալ նախաճաշի ամրագրման տարբերակը, հնարավոր է նաև ամբողջ տան երկարաժամկետ վարձակալություն, ինչպես նաև վաճառք։ Հողամասի ընդհանուր մակերեսը 2800 մ2 է, շինության մակերեսը՝ 1020 մ2։Guest house Karin B& B is situated in Dilijan, on Sayat Nova street. Fully renovated building with fully equip kitchen and all necessities for cooking. The building has a total of 6 cozy rooms with private toilets in each suite that can fit up to 17 people. Additionally in the attic there are spare beds for any extra sleeping place if needed for another 7 people. Karin guesthouse is well known for its cleanness and is a perfect place for a family holiday in nature. Facilities include wifi, parking, hot water with solar heating system, indoor living room with tables and fire place, billiard, ping-pong and several outdoor pavilions including a banqueting hall for 40-50 people and two BBQ places.The property is available for bookings of singular rooms including breakfast and is also possible for long term rent as a whole house. The property is also for sale, has a total area of 2800m2 and the building area is 1020 m2.",Nov-24-2022_22-01,https://list.am/en/item/18070735,,,,,
Industrial and Manufacturing,Stone,1591 sq.m.,,,,,Tavush › Berd,"7,059,664 ֏",AMD,"The property is the Bank's collateral, which is at the ARCS auction.Tavush region, Berd community, Paravakar village, 12 street, administrative building No. 3, 1590.97 sq. M., public construction land: 785 sq. M. The building has two floors, has a semi-basement, twenty-eight rooms, the walls are made of tuff stone, plastered from the outside, the mezzanine roof is made of solid concrete, the base is made of solid concrete, the windows are wooden, the entrance door is wooden, the inner doors are wooden, with glass. Electricity, water, parking in the yard.You can also purchase the presented property through crediting by the Bank with the current credit terms and tariffs.! Attention!The property is encumbered with actual users, whose eviction բոլոր all necessary costs arising from the contract and actions will be performed by the successful bidder.Translated from Armenian",Nov-24-2022_22-01,https://list.am/en/item/13831162,,,,,
Building,Panels,690 sq.m.,,,,,"Մյասնիկյան փողոց 62, Դիլիջան","$245,000",USD,"A three-storey, half-built building is for sale in the center of Dilijan, with a total area of 690 square meters. Completion rate of the building is 50%. The total land area is 273 square meters. The building is suitable for any commercial activity (hotel, hotel, apartment building, business center, etc.)Address: C. Dilijan, Myasnikyan 62/2Translated from Armenian",Nov-24-2022_22-01,https://list.am/en/item/12365204,,,,,
Functioning Business,Monolith,500 sq.m.,,,,,Tavush › Ijevan,"55,000,000 ֏",AMD,"Готовая многофункциональная здания. Зал 165кв. Метров. 3 занузла. 1 душевая кабина, кухня, барная стойка, комната для отдыха, комната для посудомойки, складская комната, навес для 2 машин, автостоянка для 10 машин. Электричество и постоянная вода.Есть закрытый подземный этаж 500 кв. М. , высота подземного этажа 10 метров. Адрес объекта город Иджеван, улица Василян 4\20 (Напротив ГАИ) Собственник один.",Nov-24-2022_22-01,https://list.am/en/item/17373185,,,,,
Office Space,Stone,230 sq.m.,Not available,Not available,First Line,Separate from the Street,Tavush › Ijevan,"$25,500",USD,"(Code 5 /5) Urgent sale of real estate in the city of Ijevan, in the area close to the Center, the area is 62.8 sq. M., and the size of the plot is 230 sq. M. The given structure is an old building, but the location is very suitable for an office or shopping hall. The building has gas, water, electricity, the price is 25,500 USD. Attention, call only honest and conscientious people who are ready to cooperate with the real estate agency. Don't write a letter, call for all discussions.Code 05-5Translated from Armenian",Nov-24-2022_22-01,https://list.am/en/item/17102411,,,,,
Everything Else,Stone,600 sq.m.,,,,,Tavush › Dilijan,"$180,000",USD,Hotel or restaurant area for sale in Dilijan. Partial sale is possible. Price is negotiableTranslated from Armenian,Nov-24-2022_22-01,https://list.am/en/item/15851124,,,,,
Retail Space,Panels,340 sq.m.,,,,,"Улица Шаумяна 10, Дилижан","$140,000",USD,Есть газ вода свет два фаза и три ваза есть подробно звонитеШаумяна 12в Аренду тоже,Nov-24-2022_22-01,https://list.am/en/item/16443846,,,,,
Office Space,,32 sq.m.,,,,,Tavush › Dilijan,"150,000 ֏",AMD,"Տրվում է վարձով կոմերցիոն տարացք Դիլիջան Քաղաքում 32 ք. Մ.Сдаётся помещение для бизнеса на длительный срок. Площадь помещения составляет 32 м. Помещение находится на улице Калинина 220. Помещение есть кондиционер, свет, вода и туалет. Помещение сдаётся на длительный срок не меньше одного года.Translated from Armenian",Dec-12-2022_20-22,https://list.am/en/item/18579498,,,,,
Hotel,,500 sq.m.,,,,,Tavush › Dilijan,"15,000 ֏",AMD,"Euro renovated, two-storey, with communal facilities, hot-cold water, two-room double bed, folding sofa, TV, bathroom. One room, two-bed, open sofa, TV, bathroom. Free Wi-FiTranslated from Armenian",Dec-12-2022_20-22,https://list.am/en/item/16055096,,,,,
Hotel,,280 sq.m.,,,,,Tavush › Dilijan,"50,000 ֏",AMD,"The guest house is designed for up to 12 people. Euro-renovated 5 rooms, living room and kitchen with all utilities, hot and cold water, gas. Pavilion on the river, spacious yard, swimming pool, free Wi-Fi.Translated from Armenian",Dec-12-2022_20-22,https://list.am/en/item/16055902,,,,,
Office Space,,100 sq.m.,Not available,Not available,First Line,Separate from the Street,Tavush › Bagratashen,"250,000 ֏",AMD,"The facility is located next to the Bagratashen customs office, and can serve in various fields as you wishTranslated from Armenian",Dec-12-2022_20-22,https://list.am/en/item/18006953,Direct Lease,6 months,By Agreement,Not included,
Office Space,,28 sq.m.,Not available,Not available,First Line,Separate from the Street,"26 Commissars Street, Dilijan station","100,000 ֏",AMD,In the central part of the cityTranslated from Armenian,Dec-12-2022_20-22,https://list.am/en/item/18591738,Direct Lease,6 months,3 months,Not included,Outdoor parking
Retail Space,,70 sq.m.,Available,Not available,First Line,Common from the Street,"Թբիլիսյան խճուղի, Դիլիջան","80,000 ֏",AMD,"For rent or for sale.The price is negotiable.In case of questions, call the indicated phone number.Translated from Armenian",Dec-12-2022_20-22,https://list.am/en/item/18628844,Direct Lease,1 year,By Agreement,Not included,
Industrial and Manufacturing,,2000 sq.m.,Not available,Not available,Other,Common from the Street,"Անկախության փողոց, Իջևան",100 ֏,AMD,"A public area with a total area of 2000 square meters is for rent, of which 796 square meters is a building. The area is located in the city of Ijevan. There is three-phase current in the building.It can also be rented in parts, in this case the price is negotiable.Sale is also possible.It can serve as a production area, warehouse, drying room, refrigerator, slaughterhouse.It is also possible to sell partially: AMD 1000 per square meter.A SPECIAL TERM IS AVAILABLE: AMD 1 per square meter for large electricity consumers.#refrigerator#refrigerator:#warehouse#space for rentTranslated from Armenian",Dec-12-2022_20-22,https://list.am/en/item/16078444,Direct Lease,6 months,1 month,Not included,
Multifunctional Space,,70 sq.m.,Not available,Not available,First Line,Common from the Street,"Улица 28 Мая, Иджеван","150,000 ֏",AMD,"Сдается помещение для любого бизнеса, все коммунальные услуги редусмотрены, есть отдельный туалет. Подробности по телефону 70 кв",Dec-12-2022_20-22,https://list.am/en/item/18704358,Direct Lease,1 year,By Agreement,By Agreement,
Retail Space,,30 sq.m.,Not available,Not available,Second Line,Separate from the Courtyard,"Kamo Street, Dilijan","90,000 ֏",AMD,"It is located on the 1st line in Dilijan, just below the speedometer coming from Yerevan. "" The area is suitable for a shop or office. It has a large area. Call for details. Negotiable:Translated from Armenian",Dec-12-2022_20-22,https://list.am/en/item/16764783,Direct Lease,6 months,2 months,By Agreement,
Hotel,,1000 sq.m.,,,,,Tavush › Dilijan,"700,000 ֏",AMD,"A hotel-restaurant is for rent in Dilijan, in the part of Galavino village, right next to the Yerevan-Dilijan highway, on the bank of the river.The hotel has 7 rooms with separate bathrooms. Four of the rooms are economy, three are semi-luxury and deluxe.They are partially furnished.In the courtyard there is a beautiful spacious outdoor pavilion with separate tables.There is a multifunctional bakery. The hotel has a separate kitchen, as well as laundry facilities.There are also two spacious unrenovated rooms.Translated from Armenian",Dec-12-2022_20-22,https://list.am/en/item/18407500,,,,,
Everything Else,,50 sq.m.,Available,Not available,First Line,Common from the Street,Tavush › Koghb,"40,000 ֏",AMD,A building with a spare part of 50 square meters is for rent in Koghb villageTranslated from Armenian,Dec-12-2022_20-22,https://list.am/en/item/17634506,Direct Lease,2 years,By Agreement,Included,
Office Space,,85 sq.m.,By agreement,Not available,First Line,Common from the Street,"Erevanyan street, Ijevan","250,000 ֏",AMD,"The 2nd floor of a two-story building, next to the M-4 highway, is for rent.Near YSU Ijevan Branch. The 1st floor is a functioning business, working as a Food-Court. The second floor is not renovated, it can be renovated in the way you like. Address c. Ijevan, Yerevanyan st. , 65: For more information call:Translated from Armenian",Dec-12-2022_20-22,https://list.am/en/item/18339872,Direct Lease,1 year,Without prepayment,Not included,
Warehouse,,100 sq.m.,,,,,Tavush › Ayrum,"60,000 ֏",AMD,"First lane, drinking water, three-phase electricity on the side of Ayrum Haghtanak road for rentSuitable for the refrigeratorTranslated from Armenian",Dec-12-2022_20-22,https://list.am/en/item/17595624,,,,,
Office Space,,500 sq.m.,,,,,Tavush › Ijevan,"$1,000",USD,A pass for the IT sector in the center of the inn is providedTranslated from Armenian,Dec-12-2022_20-22,https://list.am/en/item/18034886,,,,,
Hotel,,40 sq.m.,Available,Not available,First Line,Common from the Courtyard,Tavush › Dilijan,"40,000 ֏",AMD,"Do you want to spend New Year's holidays in a pleasant and cozy environment, come to us. We offer you an unforgettable stay in an amazing guest house located in Haghartsin village of Dilijan. A wonderful landscape opening in front, clean and pristine air, affordable conditions. The guest house consists of two rooms, it is furnished, it has utility and all living facilities, it is renovated. Designed for 4 - 6 people. It is suitable for spending good time with the family and making the New Year holidays memorable. The price is indicated for one day. Utility payments are included in the price. For long-term rent, other, more affordable conditions will apply, already in the form of a monthly payment. For more detailed information, call the above phone number, Viber, Whatsapp.Translated from Armenian",Dec-12-2022_20-22,https://list.am/en/item/18418761,Direct Lease,1 month,By Agreement,Included,Outdoor parking
Retail Space,,72 sq.m.,Available,Not available,First Line,Common from the Street,"Ankakhutyan Street, Ijevan","$100,000",USD,Two well-profitable shops for sale in the center of Ijani (Meat Passage and Yammy fast food outlet) will not be lacking in customers. For sale together with the whole property.Translated from Armenian,Dec-12-2022_20-22,https://list.am/en/item/16014227,Direct Lease,1 month,Without prepayment,Included,
Multifunctional Space,,32 sq.m.,Not available,Not available,First Line,Separate from the Street,"Улица Калинина, Дилижан","150,000 ֏",AMD,Помещение сдаётся на длительный срок.,Dec-12-2022_20-22,https://list.am/en/item/18579022,Direct Lease,1 year,3 months,Not included,
Office Space,,20 sq.m.,,,,,Tavush › Ijevan,"110,000 ֏",AMD,"In the center of Ijevan, suitable for various activities…Translated from Armenian",Dec-12-2022_20-22,https://list.am/en/item/17901076,,,,,
Multifunctional Space,,240 sq.m.,,,,,Tavush › Ijevan,"150,000 ֏",AMD,"Торговый центр в с. Хаштарак - магазин, кафе, хлебопекарня.",Dec-12-2022_20-22,https://list.am/en/item/17395109,,,,,
Multifunctional Space,,240 sq.m.,,,,,Tavush › Ijevan,"150,000 ֏",AMD,"Торговый центр в с. Хаштарак - магазин, кафе, хлебопекарня.",Dec-12-2022_20-22,https://list.am/en/item/17395107,,,,,
Multifunctional Space,,240 sq.m.,,,,,Tavush › Ijevan,"150,000 ֏",AMD,"Торговый центр в с. Хаштарак - магазин, кафе, хлебопекарня.",Dec-12-2022_20-22,https://list.am/en/item/17395111,,,,,
Multifunctional Space,,75 sq.m.,Available,Not available,First Line,Common from the Street,"Erevanyan street, Ijevan","130,000 ֏",AMD,The first floor of the building is for rent. The first entrance is 40 m. The second entrance to the warehouse is 35 m. Safe water toilet with three-phase current.Translated from Armenian,Dec-12-2022_20-22,https://list.am/en/item/17428419,Direct Lease,1 year,1 month,Not included,
Multifunctional Space,,200 sq.m.,Available,Available,First Line,Common from the Street,"Улица Калинина 220, Дилижан","1,000 ֏",AMD,"A new building of 200 square meters with 3 floors is for rent, it has all the facilities, it is located in the city of Dilijan on the road to Vanadzor.The price is contractualTranslated from Armenian",Dec-12-2022_20-22,https://list.am/en/item/18225113,Direct Lease,2 years,1 month,Included,
Office Space,,60 sq.m.,Available,Not available,First Line,Separate from the Street,Tavush › Ijevan,"180,000 ֏",AMD,"With all utilities: Separate offices, common work hall with furniture, separate bathroom, kitchenette, internet access.Call during business hours.Translated from Armenian",Dec-12-2022_20-22,https://list.am/en/item/18598834,Direct Lease,1 year,By Agreement,Not included,Outdoor parking
Retail Space,,55 sq.m.,Not available,Not available,First Line,Common from the Street,"Երևանյան փողոց, Իջևան","150,000 ֏",AMD,"Office, commercial or production space for rent on Yerevanyan Street, Ijevan, (M-4 road) in front of the market, 2nd floors of a 2-story building, each 55 square meters. 110 square meters, price 300,000 drams. There is three-phase current. It is located next to Baze supermarket. For more information call.Translated from Armenian",Dec-12-2022_20-22,https://list.am/en/item/16056491,Direct Lease,1 year,By Agreement,Not included,
Hotel,,1020 sq.m.,Available,Not available,First Line,Common from the Street,Tavush › Dilijan,"1,100,000 ֏",AMD,"Гостевой дом Karin B& B расположен в Дилижане, в живописном месте, на улице Саят-Нова. В здании 6 уютных номеров с санузлами, в которых можно разместить до 17 человек. На мансардном этаже есть дополнительно 7 спальных мест. Гостевой дом Karin известен своей экологической чистотой и является идеальным местом для семейного отдыха на природе. Здание полностью отремонтировано по современным стандартам, имеется кухня со всем необходимым оборудованием для приготовления пищи, несколько открытых павильонов, банкетный зал на 40–50 мест, два мангала для барбекю. Удобства включают Wi-Fi, парковку, горячую воду с солнечной системой нагрева, крытую гостиную с камином, бильярд и настольный теннис.Предлагается вариант бронирования отдельных комнат включая завтрак. Возможна долгосрочная аренда всего дома. Общая площадь участка 2800 м2, площадь застройки 1020 м2.Karin B& B հյուրատունը գտնվում է Դիլիջանում, գեղատեսիլ վայրում՝ Սայաթ-Նովա փողոցում։ Շենքն ունի 6 հարմարավետ սենյակ՝ սանհանգույցներով, որոնք կարող են ընդունել մինչև 17 մարդ։ Մանսարդային հարգում կա 7 հավելյալ մահճակալ։ Հայտնի է իր բնապահպանական բարեկեցությամբ՝ Կարին հյուրատունը իդեալական վայր է բնության գրկում ընտանեկան հանգստի համար: Շենքը հիմնովին վերանորոգված է ժամանակակից չափանիշներով, առկա է խոհանոց՝ ճաշ պատրաստելու համար անհրաժեշտ բոլոր սարքավորումներով, մի քանի բաց տաղավարներ, 40-50 հոգու համար նախատեսված բանկետների սրահ, երկու խորովածի գրիլ։ Հարմարությունները ներառում են Wi-Fi, ավտոկայանատեղ, արևային տաք ջուր, բուխարիով փակ լաունջ, բիլիարդ և սեղանի թենիս:Առաջարկվում է անհատական սենյակների՝ ներառյալ նախաճաշի ամրագրման տարբերակը, հնարավոր է նաև ամբողջ տան երկարաժամկետ վարձակալություն։ Հողամասի ընդհանուր մակերեսը 2800 մ2 է, շինության մակերեսը՝ 1020 մ2։Guest house Karin B& B is situated in Dilijan, on Sayat Nova street. Fully renovated building with fully equip kitchen and all necessities for cooking. The building has a total of 6 cozy rooms with private toilets in each suite that can fit up to 17 people. Additionally in the attic there are spare beds for any extra sleeping place if needed for another 7 people. Karin guesthouse is well known for its cleanness and is a perfect place for a family holiday in nature. Facilities include wifi, parking, hot water with solar heating system, indoor living room with tables and fire place, billiard, ping-pong and several outdoor pavilions including a banqueting hall for 40-50 people and two BBQ places.The property is available for bookings of singular rooms including breakfast and is also possible for long term rent as a whole house. The property has a total area of 2800m2 and the building area is 1020 m2.",Dec-12-2022_20-22,https://list.am/en/item/18687274,Direct Lease,1 month,By Agreement,By Agreement,"Outdoor parking, covered parking"
Functioning Business,,600 sq.m.,Available,Not available,First Line,Separate from the Street,"Շահումյան փողոց, Դիլիջան",100 ֏,AMD,"Сдается в аренду готовый, прибыльный, действующий бизнес (на данный момент АВТОСЕРВИС + КАФЕ), коммерчиские помещения и площадь в г. Дилижане. Предоставляется права на изменения типа бизнеса, заниматься любой другой деятельностью! Имеется возможность для разширения (общ. Площадь 600кв/м)! Подходят для реализации услуг в разных сферах: Кафе-бар-ресторан, отель, посуточая сдача комнат, котеджей (1 уже имеется), салон красоты, магазины, офисные помещения, склады, …Цена договорная! Цена договорная! Свяжитесь по телефону! На письма не отвечаем!Ready-made, profitable, operating business for rent (at the moment CAR SERVICE + CAFE), commercial premises and an area in Dilijan. The right to change the type of business is granted, to engage in any other activity! There is an opportunity for expansion (total area 600 sq / m)! Suitable for the implementation of services in various areas: Cafe-bar-restaurant, hotel, daily rent of rooms, cottages (1 already available), beauty salon, shops, office space, warehouses... The price is negotiable! Contact by phone! We do not reply to messages.Տրվում են վարձով կոմերցիոն տարածքներ Դիլիջանում: Հարմար են ծավալելու ցանկացած գործունեություն՝ օրավարձով և երկարաժամկետ սենյակներ, խանութներ, գեղեցկության սրահ, օֆիսներ, գրասենյակներ, պահեստներ, ավտոտեխսպասարկում, սպասարկում ցանկացած ոլորտում. Գործել են որպես ավտոլվացման և ավտոտեխսպասարկման կետեր, սրճարան-բար-ռեստորան: Առկա է նաև նորակառույց քոթեջ:Մանրամասների համար զանգահարեք: Հաղորդագրություններին չենք պատասխանում:",Dec-12-2022_20-22,https://list.am/en/item/16806331,Direct Lease,1 year,By Agreement,Not included,
Multifunctional Space,,380 sq.m.,Available,Not available,First Line,Separate from the Street,Tavush › Dilijan,"$15,000",USD,"A 3-storey guest house is for rent in Dilijan, one of the main tourist centers of Armenia. It is located in one of the best areas, close to the dense forest.The total area of the land is 1,100 square metersTotal area of the building: 380 square metersThe guest house has:spacious living room with its own fireplacelarge kitchen with access to the balcony5 bedrooms, 3 of them with separate bathrooms2 more bathroomslaundry roomgaming hallsummer kitchen with its grill3 open balconiesIt has an antique facade and a loft-style interior. There are floor-to-ceiling windows. Furnished with high-end furniture and equipped with necessary household appliances. Heating is carried out using boilers.The area is fenced and has 2 entrances. It has beautiful exterior lighting. Security and fire protection systems are installed.Thanks to its location, the guest house offers a wonderful view, and the well-kept and green yard gives you the opportunity to feel happy and enjoy your rest.This wonderful complex can become yours, and each of the thousands of tourists visiting Dilijan can become your customer.• Kind Regards #AsatryanConsulting teamThe best for you!Best for you!Best for you!The best for you!The best for you!Most suitable for you!Code 18397682Translated from Armenian",Dec-12-2022_20-22,https://list.am/en/item/18397682,Direct Lease,6 months,By Agreement,Not included,
Retail Space,,500 sq.m.,,,,,"Անկախության փողոց 23, Իջևան","950,000 ֏",AMD,"Existing shop, opened in 2014, is an operating business, if desired, can be used for other services, restaurant, clinic, supermarket, bank, etc. , has the possibility of expansion, has parking and all utilities, up to 500 m, has a basement floor,as a warehouse, close to the center, call for details ""Translated from Armenian",Dec-12-2022_20-22,https://list.am/en/item/17385667,,,,,
Industrial and Manufacturing,,"20,000 sq.m.",Available,Not available,First Line,Separate from the Street,"Արցախյան փողոց 7, Իջևան","400,000 ֏",AMD,For rentCall in case of questionsTranslated from Armenian,Dec-12-2022_20-22,https://list.am/en/item/18649021,Direct Lease,6 months,By Agreement,Not included,"Outdoor parking, covered parking"
Office Space,,152 sq.m.,Not available,Not available,First Line,Common from the Street,"Մելիքբեկյան փողոց 4, Իջևան","260,000 ֏",AMD,"Located in the city center, the entire second floor is for rent, the total area is 152 square meters, the working area is 133 square meters, it is divided into 7 rooms. There is one bathroom, it needs renovation.Translated from Armenian",Dec-12-2022_20-22,https://list.am/en/item/18124660,Direct Lease,3 years,Without prepayment,Not included,
Multifunctional Space,,315 sq.m.,By agreement,Available,First Line,Common from the Street,"Улица Ереванян 7/7, Иджеван","450,000 ֏",AMD,"Տրվում է վարձով կոմերցիոն եռահարկ շինություն բոլոր տեսակի հասարակական գործունեության համար, առկա է ավտոկայանատեղի ։Сдается трехэтажное коммерческое здание для всех видов общественной деятельности, есть автостоянка.",Dec-12-2022_20-22,https://list.am/en/item/15663933,Direct Lease,1 year,By Agreement,Not included,
Everything Else,,400 sq.m.,Available,Available,First Line,Separate from the Courtyard,Tavush › Dilijan,"30,000 ֏",AMD,"Code 0111Daily rental booths on Clear Lake Road.In the garden, private area, water, electricity, bathroom, barbecuePrice by quantityBig booth for 40 people, 40,000 dramsSmall booth for 25 people, AMD 30,000Provisions+ Entry 13.00 Exit 12.00+ If you stay until evening, the price of 1 more day will be charged+ PREPAYMENT is REQUIRED to reserve the house.+ If you cancel the reservation, the advance payment is NOT refundable+ Other cases related to advance payment are subject to negotiation (eg canceling one house booking another house through us)+ After presenting the advance payment voucher (Viber, WhatsApp or other option) BOOKING IS CONFIRMED.Dear customer, click on the NAME to get acquainted with all our announcements.We also offer you gift cards worth 10,000-15,000-25,000-35,000-50,000 AMD.Code 0111-Translated from Armenian",Dec-12-2022_20-22,https://list.am/en/item/17687501,Direct Lease,1 month,By Agreement,Included,
Retail Space,,36 sq.m.,,,,,"Erevanyan street, Ijevan","100,000 ֏",AMD,"In front of the market, two-storeyTranslated from Armenian",Dec-12-2022_20-22,https://list.am/en/item/17988790,,,,,
Office Space,,48 sq.m.,Available,Not available,First Line,Common from the Street,Tavush › Noyemberyan,"100,000 ֏",AMD,"Million accessories store is for rent, suitable as a commercial or office space, next to a supermarket.Translated from Armenian",Dec-12-2022_20-22,https://list.am/en/item/17048068,Direct Lease,1 year,By Agreement,By Agreement,
Multifunctional Space,,133 sq.m.,Not available,Not available,First Line,Common from the Street,"Erevanyan street, Ijevan","200,000 ֏",AMD,"Հարմար է և առևտրային և գրասենյակային տարածքի համար։ Գտնվում է քաղաքի կենտրոնում ՝ գետի ափին։ Հարակից ունի նաև 273 ք․ մ կանաչապատ տարածք։ Ունի կոմունալ հարմարություններ (լույս, գազ, ջուր) ։ Տարածքը տրվում է անմիջապես սեփականտիրոջից։Մանրամասների համար զանգահարել։Подходит как для коммерческих, так и для офисных помещений. Расположен в центре города, на берегу реки. Также имеет 273 кв. М зеленая территория. Есть необходимые условия (свет, газ, вода) Помещение предоставляется напрямую от собственника.Для получения дополнительной информации позвоните.Suitable for both commercial and office spaces. Located in the city center, on the banks of the river. Also has 273 sq. M green area. There are necessary conditions (electricity, gas, water) The property is provided directly from the owner.Call for more information.",Dec-12-2022_20-22,https://list.am/en/item/18608915,Direct Lease,1 year,Without prepayment,Not included,Outdoor parking
Industrial and Manufacturing,,2700 sq.m.,,,,,"Yerevanyan street, Noyemberyan","150,000 ֏",AMD,"Предлагаю производственное помещение (мебельное производство из древесины) со всеми необходимыми станками, полностью готовой к работе. Помещение состоит из производственного цеха 480 м2, подсобное помещение, 2 гаража, складское помещение и открытая площадка для складирования груза.Территория полностью загорожена с каменным забором из туфа, проведено электричество на 380v.Очень удобный трафик, находится рядом с государственной магистрали Армения - Грузия, всего 10 км от границы с Грузией. Можно переквалифицировать на любое другое производство (блоки, черепица, тротуарный камень...), или использовать для складирования транзитных грузов.Бизнес готовый и не требует больших вложении!По всем вопросам просим связаться по телефонам:",Dec-12-2022_20-22,https://list.am/en/item/18034856,,,,,
Retail Space,,20 sq.m.,,,,,"Getapnya Street, Dilijan","40,000 ֏",AMD,"Commercial area is for rent. Suitable for shop, beauty salon, training center. Lease for long term only (not less than 6 months)Translated from Armenian",Dec-12-2022_20-22,https://list.am/en/item/17959280,,,,,
Retail Space,,20 sq.m.,,,,,"Getapnya street, Dilijan station","40,000 ֏",AMD,"A commercial area is for rent near the 1st kindergarten. Suitable for clothing store, training groups, beauty salon. Only for long-term rent (minimum 6-12 months)Translated from Armenian",Dec-12-2022_20-22,https://list.am/en/item/17959275,,,,,
Hotel,,1000 sq.m.,,,,,"Kamo Street, Dilijan station","$2,000",USD,"A hotel-restaurant is for rent in Dilijan, in the part of Galavino village, right next to the Yerevan-Dilijan highway, on the bank of the river.The hotel has 7 rooms with separate bathrooms. Four of the rooms are economy, three are semi-luxury and deluxe.They are partially furnished.In the courtyard there is a beautiful spacious outdoor pavilion with individual tables.There is a multifunctional bakery. The hotel has a separate kitchen, as well as laundry facilities.There are also two spacious unrenovated rooms.Translated from Armenian",Dec-12-2022_20-22,https://list.am/en/item/18435501,,,,,
Retail Space,,98 sq.m.,,,,,"Մայիսի 28 փողոց 2, Իջևան","90,000 ֏",AMD,"2 rooms, total 100 square meters, are for rent. May 28 street, Ijevan. There is water and electricity in the area. It is under repair. It is suitable as a workshop, car service,to use a spare parts store.Translated from Armenian",Dec-12-2022_20-22,https://list.am/en/item/18022713,,,,,
Retail Space,,45 sq.m.,,,,,"Բլբուլյան փողոց 93, Իջևան","60,000 ֏",AMD,Commercial space is for rent together with the property in Ijan city.Translated from Armenian,Dec-12-2022_20-22,https://list.am/en/item/17981997,,,,,
Multifunctional Space,,500 sq.m.,,,,,Tavush › Ijevan,"500,000 ֏",AMD,"Ночной клуб Ijevan Purple Club. Зал 165кв. Метров. 3 занузла. 1 душевая кабина, кухня, барная стойка, комната для отдыха, комната для посудомойки, складская комната, навес для 2 машин, автостоянка для 10 машин.Есть подземный этаж (на фото) 500 кв. М. , высота подземного этажа 8 метров.",Dec-12-2022_20-22,https://list.am/en/item/18270831,,,,,
Industrial and Manufacturing,,600 sq.m.,,,,,Tavush › Ijevan,"500,000 ֏",AMD,"Electricity, water.Translated from Armenian",Dec-12-2022_20-22,https://list.am/en/item/18268450,,,,,
Retail Space,,20 sq.m.,,,,,Tavush › Dilijan,"120,000 ֏",AMD,"An operating meat and food store, everything can be said to be new.For rentTranslated from Armenian",Dec-12-2022_20-22,https://list.am/en/item/18324254,,,,,
Everything Else,,300 sq.m.,,,,,Tavush › Dilijan,"20,000 ֏",AMD,"The pavilion is located on the way to Haghartsin church, on the river bank.Translated from Armenian",Dec-12-2022_20-22,https://list.am/en/item/17599836,,,,,
Everything Else,,500 sq.m.,,,,,Tavush › Dilijan,"25,000 ֏",AMD,"The pavilion is rented on a daily basis, it is located next to the Haghartsin church.Translated from Armenian",Dec-12-2022_20-22,https://list.am/en/item/18058221,,,,,
Office Space,,42 sq.m.,,,,,"Ankakhutyan Street, Ijevan","95,000 ֏",AMD,"Q ․ In the heart of Ijjan, in the yard of the 3 Independence building / IN THE CORNER OF THE PHARMACY, Yenok street /, a two-storey multifunctional area is for rent, which can serve as a kindergarten, a place for lessons, an office, a house, a warehouse, etc. The area has light and water. Inside, there is a washbasin and a toilet. NO bath. The area is adjacent to Ijani High School and Music Schools; it can serve as a shelter for children from the village. In case of necessities it can be applied as a 2-room home. Can I borrow a sofa, bed, etc. P.If you have any questions, call.Translated from Armenian",Dec-12-2022_20-22,https://list.am/en/item/14753011,,,,,
