Construction Type,New Construction,Elevator,Floors in the Building,Floor Area,Number of Rooms,Number of Bathrooms,Ceiling Height,Floor,Balcony,Renovation,Number of Guests,Children Are Welcome,Pets Allowed,Utility Payments,Prepayment,Address,Price,Currency,Description,Datetime,Furniture,The House Has,Parking,Amenities,Appliances,Window Views,Links
Stone,No,Not available,3.0,30 sq.m.,2.0,1.0,from 2.6 m,2.0,Open balcony,Major Renovation,3,Yes,Yes,By Agreement,By Agreement,"Nairyan Street, Sevan town","10,000 ֏ daily",AMD,"Սևան քաղքի կենտրոնում շուկայի մոտ լճից հեռու է 800-մետր, երեք հարկանի շենքի երրկրորդ հարկում տրվում է օրավարձով մեկ սենյականոց երկուս դարձրաց կապիտալ վերանորոգված ունի բոլոր կոմունալ հարմարություները, ինտերնետ, wiFi-ով և սպասքով։ 10000-15000դրամ, տեղադըրված է նաև ջեռուցման համակարգ ։Сдаёься квартира в городе Севан, недалеко от озеро, на улице Наирян 143,кв. 20Кв. Двухкомнатная. Капитально ремонтировано, со всеми удобствами. 10000-15000 драм.",Nov-24-2022_17-51,,,,,,,https://list.am/en/item/17858399
Stone,Yes,Not available,1.0,105 sq.m.,4.0,1.0,from 2.7 m,1.0,Open balcony,Cosmetic Renovation,8+,Yes,Yes,By Agreement,By Agreement,Gegharkunik › Chambarak,"5,000 ֏ daily",AMD,Private house in Dprabak community for daily rent.The guest house has all the amenities1. 3 bedrooms2.1 living room3. Bathroom4. Constant hot and cold water5. Kitchen6. Dishes7. Outdoor pavilion (gazebo) with all its facilities.For details + + +#хкнаг#beautiful#nature#clean#air#home#guest house#house#kids#joy#Translated from Armenian,Nov-24-2022_17-51,Available,,,,,,https://list.am/en/item/18131804
Stone,No,Not available,3.0,40 sq.m.,2.0,1.0,from 2.7 m,3.0,Open balcony,Partial Renovation,4,Yes,No,Not included,2 months,"Ազատության փողոց 21, Գավառ","80,000 ֏ monthly",AMD,"2 rooms for rent, spacious, provided with all communal facilities, the apartment is located on Azatutyan street. The apartment is on the 3rd floor of a stone building.The house is provided with all the necessary amenities.• Constant hot-cold water, gas• Ideal cleanliness• Renovated• The bathroom is tiled• Open balcony with a beautiful view.The apartment is for long-term rent.In case of short term, the apartment will be rented daily.Translated from Armenian",Nov-24-2022_17-51,Available,,,,,,https://list.am/en/item/15146098
Stone,No,Not available,3.0,37 sq.m.,1.0,1.0,from 3 m,3.0,Open balcony,Old Renovation,,,,,,Gegharkunik › Sevan,"10,000 ֏ daily",AMD,"Apartment for rent in the city of Sevan, near the market. 1 day with the specified amountTranslated from Armenian",Nov-24-2022_17-51,,,,,,,https://list.am/en/item/18108771
Stone,Yes,Available,9.0,90 sq.m.,3.0,1.0,from 2.8 m,3.0,Closed balcony,Major Renovation,,,,,,Gegharkunik › Sevan,"14,000 ֏ daily",AMD,"Уютная квартира с евроремонтом в самом центре города Севан для посуточной или длительной аренды. В студии есть спальное место для 2 взрослых людей и детская раскладушка, вся бытовая техника: Телевизор, стиральная машина, микроволновка, газовая плита, холодильник, утюг, пылесос, проведен скоростной интернет. Красивая и удобная мебель.До аэропорта 74 км, до города Дилижан 35 км. До пляжа - 2,8 км. До ботанического сада - 1,8 км. До монастыря Севанаванк - 8 км.Очень живописные окрестности, множество достопримечательностей и маршрутов для прогулок и экскурсий. На первом этаже дома магазинчики, всегда можно купить свежую рыбу (форель, сиг) и овощи, фрукты; салон связи.Рядом отделения банков, магазины, пункты обмена валюты, больница.В квартире тепло, светло, чисто, хорошая звукоизоляция, соседей не слышно.Готовы рассмотреть клиентов с детьми или домашними животными.При долгосрочной аренде возможно скорректировать стоимость проживания.",Nov-24-2022_17-51,,,,,,,https://list.am/en/item/17886964
Stone,No,Not available,5.0,52 sq.m.,2.0,2.0,from 3 m,1.0,Closed balcony,Cosmetic Renovation,4,Yes,No,Included,By Agreement,"Գրիբոեդով փողոց 5, Սևան","50,000 ֏ monthly",AMD,"Commercial space in 4 micro-neighborhoods is for urgent rent; The area has all utilities and three-phase electricity. With its comfort, the space can serve as a workshop, shop, beauty salon. It is also possible to exchange with a 3-room apartment for an additional fee from me.Translated from Armenian",Nov-24-2022_17-51,Not available,,,,,,https://list.am/en/item/18085897
Stone,No,Not available,5.0,77 sq.m.,3.0,1.0,from 2.7 m,1.0,Closed balcony,Major Renovation,,,,,,"Улица Налбандяна 49, Севан","150,000 ֏ monthly",AMD,"В самой квартире всё чистенько, ухоженно и обжито (в хорошем смысле)) Вода, газ, электричество.Имеется всё и работает безотказно: Газовый котёл для обогрева помещения, газовая печка и плита, вытяжка, вся сантехника и проводка - всё в норме. Нет только лишь стиральной машины.Мебель в наличии вся: Кровати, диваны, кресла, столы и стулья, серванты, шкафы и тумбы - всё в отличном состоянии + матрасы, подушки, одеяла и покрывала.Большой плазменный телевизор, ну и конечно же ВайФай, и очень даже мощный. Так же имеется абсолютно пригодный для использования камин, да-да, камин))) Фотографии по вашему запросу)Коммуналка по счетчикам.Обязятелен депозит: 100 000 др.",Nov-24-2022_17-51,,,,,,,https://list.am/en/item/18367861
Stone,Yes,Not available,1.0,80 sq.m.,3.0,1.0,from 2.8 m,1.0,Open balcony,Designer Renovation,8+,Yes,Yes,Included,Without prepayment,Gegharkunik › Sevan,"15,000 ֏ daily",AMD,"Still haven't decided where to celebrate the New Year?We have free timeThe house will be available from #December 3️1️ to #January 0️4️.Please call to get acquainted with New Year's packagesThe mansion has2 bedrooms1 spacious living room1 kitchen1 bathroomSpacious yardNatural fireplaceMangalPool cottage daily rent with black fireplaceAutumn 50% discountUnheard of low price3-room cottage for daily rent in Sevan, Lavanda city recreation areaFurnished, clean, property, appliances, disheswith all amenitiesSpend your vacation in a cozy corner of Sevan.The house is designed for up to 5 people, it has:2 bedrooms1 large living roomBathroomKitchenBathroomBalconyIt is also equipped with all the necessary accessories.HURRY PLACES ARE LIMITED!You can call for reservationSpend your vacation in a cozy and comfortable corner of Sevan.#LavandaCity Who?Lavender City, lavender sitiWe have discounts for two or more daysCottages for daily rent1 furnished living room,WIFI is available in the cottages2 bedroomskitchenwith all necessary accessories,One bathroom.It has a balcony.It is equipped with necessary dishes and linen.With a heating systemPlayground.Summer pavilion.Necessary accessories for grilling and grilling.Parking lot.We have discounts for 2 or more daysGuard post.#vacationers#rest house#Family rest#The best place for family vacation#houses for daily rent#per day#rental house#Sevanum house for rent#Sevanalich:#lakesvan#oravardzorqotejner#oravarcovsevanumqotejner#sevanumcottage#SevanumDayRentalCottagesTranslated from Armenian",Nov-24-2022_17-51,Available,"COncierge, playground",OUtdoor parking,TElevision,"FRidge, stove, coffee maker, water heater, iron, hair dryer","YArd view, park view",https://list.am/en/item/18021203
Stone,Yes,Not available,1.0,45 sq.m.,3.0,1.0,from 2.5 m,1.0,Open balcony,Euro Renovation,,,,,,"M-10 13, Tsovazard","15,000 ֏ daily",AMD,Holiday house next to the lake Two rooms in very good condition with a hut with a bathroom All amenities are very convenient for relaxing Two hundred meters from Lake Sevan for a long stay possible at an affordable priceTranslated from Armenian,Nov-24-2022_17-51,,,,,,,https://list.am/en/item/17964738
Stone,No,Not available,5.0,83 sq.m.,3.0,1.0,from 2.8 m,2.0,Closed balcony,Major Renovation,6,Yes,No,Not included,1 month,"Եղիշե Չարենցի փողոց 46, Վարդենիս","80,000 ֏ monthly",AMD,Renovated and uninhabited. Has heating system. FurnishedTranslated from Armenian,Nov-24-2022_17-51,,,,,,,https://list.am/en/item/17299761
Stone,No,Not available,5.0,120 sq.m.,5.0,2.0,from 2.8 m,4.0,Open balcony,Euro Renovation,4,No,No,Included,By Agreement,Gegharkunik › Sevan,"10,000 ֏ daily",AMD,"Сдаётся 2 этажная 5комнатная квартира в Севане. 2 санузла открытий балкон с камином. Евроремонт.1 -2местная кровать2-1,5местная кровать2-1местная кровать2- дивана1-3 дня 30000 в день.3-7 дня 25000 в день.Больше 7 дней по договорённости.Можно и на длительный срок.Օրավարձով։վարձով բնակարան Սեվանում։Rent haus Sevan",Nov-24-2022_17-51,,,,,,,https://list.am/en/item/17632391
Monolith,Yes,Not available,1.0,100 sq.m.,4.0,1.0,from 2.75 m,1.0,Open balcony,Major Renovation,5,Yes,Yes,Not included,By Agreement,"Bagrevand 22th street, Yerevan","$1,000 daily",USD,Տրվում է վարձով սեփական տուն Բագրեվանդ թաղամասում: ՈՒնի բոլոր կոմունալ հարմարությունները:Առկա է հողատարածք իր պտղատու ծառերով:Сдается собственный дом в районе Багреванд со всеми коммуникациями.Есть участок земли с собственными фруктовыми деревьями.Կոդ LL969,Nov-24-2022_17-51,Available,,,,,,https://list.am/en/item/13979934
Stone,No,Not available,3.0,42 sq.m.,1.0,1.0,from 2.75 m,2.0,Open balcony,Designer Renovation,4,Yes,No,Not included,By Agreement,"Sayat Nova street 13/14, Sevan town","13,000 ֏ daily",AMD,"Сдается прямо в центре Севан маленькая, комфортная и очень уютная квартира в Севане.Рядом вся необходимая инфраструктура (Банкоматы, Пиццерии, Магазины (самый оптовый магазин находится рядом)Рядом с ЖД вокзалом. Находится на улице Саят Новы, которая прямиком идет в сторону городского пляжа (Одного из лучших пляжей для плавания, по всему побережью)Կոդ Mama Mia",Nov-24-2022_17-51,Available,,,,,,https://list.am/en/item/17640478
Stone,No,Not available,1.0,120 sq.m.,4.0,2.0,from 2.8 m,1.0,Open balcony,Designer Renovation,8+,Yes,Negotiable,Included,By Agreement,Gegharkunik › Sevan,"30,000 ֏ daily",AMD,"Spend your vacation in the cozy corner of Sean.In the forest beauty, a comfortable and warm house covered with white snow will be waiting for your family.WIFI is available in the cottages3 bedrooms1 large living room2 BathroomsKitchenBalcony:As he is provided with all the necessary items.HURRY, SEATS ARE LIMITED.You can call for a reservationTranslated from Armenian",Nov-24-2022_17-51,Available,COncierge,"OUtdoor parking, covered parking","TElevision, internet, parking space","FRidge, stove, coffee maker, washing machine, water heater, iron, hair dryer",YArd view,https://list.am/en/item/17872690
Stone,No,Not available,4.0,130 sq.m.,5.0,2.0,from 3 m,4.0,Multiple balconies,Major Renovation,7,Yes,No,Included,By Agreement,"Սայաթ-Նովա փողոց 20/25, Սևան","30,000 ֏ daily",AMD,"The natural center is located in the city of Sevan at Sayat-Nova 20/16.On the 4-5 floors of a stone building (4-5 floor stairs are inside the house)1—Large living room with fireplace1—Large kitchen with a separate table1—Rest room3—Bedroom1 large double bed in 12 single beds in 12 queen beds in 12—Bathroom (with hot and cold water, possibility of shower, washing machine)3— Balcony1 with a 40m2 fireplace, outside table and chairs, with a view of Lake SevanHas all amenities including dishes, linens, etc.️To the nearest shore of Lake Sevan 10 minutes on foot, 3-5 minutes by carThe cost of 1 day is AMD 35,000depending on the number of days and the number of guests, bargaining is possible.Translated from Armenian",Nov-24-2022_17-51,,,,,,,https://list.am/en/item/18181051
Stone,No,Not available,2.0,104 sq.m.,3.0,2.0,from 3.2 m,1.0,Open balcony,Major Renovation,8+,Yes,Yes,Not included,2 months,"Улица Наирян 176, Севан","150,000 ֏ monthly",AMD,"Տրվում է վարձով երկարաժամկետСдается квартира имеет свой дворик (можно сказать частный дом))Имеет всe условия, газ свет вода, мангал, дворик, вайфай, короче смотрите на фотках все понятно) если что набирайте по телОтвечу на любые вопросы!Насчет цены договоримся зависит от срока арендыОтправлю фотки дворика по вацапу!",Nov-24-2022_17-51,,,,,,,https://list.am/en/item/17654036
Stone,No,Available,9.0,35 sq.m.,2.0,1.0,from 3.5 m,7.0,Closed balcony,Old Renovation,3,Yes,No,Not included,2 months,Gegharkunik › Sevan,"30,000 ֏ monthly",AMD,2-room apartment is for rent. With partial property. Sunny. It is not gasified. WITH 2 MONTH ADVANTAGE. It is also for daily rent. Sale is also possible. ZANGEN ONLY ANY REAL PEOPLE. NALBANDYAN STREET 42 BUILDING. 707 APARTMENT. MANDATORY FOR TWO MONTHS IN ADVANCE.Translated from Armenian,Nov-24-2022_17-51,,,,,,,https://list.am/en/item/17185866
Stone,Yes,Not available,1.0,83 sq.m.,4.0,1.0,from 2.75 m,1.0,Open balcony,Major Renovation,,,,,,"Yerevanyan highway, Սևան","60,000 ֏ daily",AMD,"Spend your vacation in the resort area of Lavender City.For more information, please contact: Call the indicated numberCode A101Translated from Armenian",Nov-24-2022_17-51,,,,,,,https://list.am/en/item/13989904
Stone,Yes,Not available,3.0,35 sq.m.,1.0,1.0,from 2.8 m,3.0,Not available,Major Renovation,,,,,,Gegharkunik › Sevan,"13,000 ֏ daily",AMD,"Есть все ком услуги, бытовой техники, очень красиво очень уютно на двоих в центре города рядом с домом все необходимое",Nov-24-2022_17-51,,,,,,,https://list.am/en/item/18241965
Stone,No,Not available,4.0,57 sq.m.,2.0,1.0,from 2.75 m,2.0,Closed balcony,Cosmetic Renovation,,,,,,Gegharkunik › Vardenis,"70,000 ֏ monthly",AMD,"3-room apartment is for rent on Yeritasardutyan street. The apartment has the necessary property and equipment. The bathroom and the kitchen are capitally renovated, the other rooms are clean. There is a closed balcony, which can serve as a room. It is located on the central street of the city, there is a school, a kindergarten, shops nearby.Translated from Armenian",Nov-24-2022_17-51,,,,,,,https://list.am/en/item/17271099
Stone,No,Not available,5.0,162 sq.m.,3.0,1.0,from 3 m,1.0,Not available,Major Renovation,4,Yes,Yes,Included,Without prepayment,"Սարգիս Սևանեցու փողոց 7, Սևան","30,000 ֏ daily",AMD,"An apartment is for rent, fully renovated. He has a garage.For details, please call.Translated from Armenian",Nov-24-2022_17-51,Available,,,,,,https://list.am/en/item/16492432
Stone,No,Not available,1.0,39 sq.m.,1.0,1.0,from 2.8 m,1.0,Open balcony,Designer Renovation,4,Yes,Yes,Included,By Agreement,Gegharkunik › Sevan,"15,000 ֏ daily",AMD,"Cottage for daily rent in Sean, Lavanda City resort areaHas 1 bedroom, living room, kitchen with all amenities, dishes, furniture, appliancesTranslated from Armenian",Nov-24-2022_17-51,Available,,,,,,https://list.am/en/item/17769142
Stone,No,Not available,5.0,55 sq.m.,2.0,1.0,from 2.8 m,5.0,Closed balcony,Cosmetic Renovation,2,Yes,No,Not included,6 months,"Nairyan Str., Sevan","70,000 ֏ monthly",AMD,"Cosmetically renovated, sunny side, gas, water yard, water heater, necessary furniture, garage is provided if desired, long-term, 2-month advance deposit is also provided.Translated from Armenian",Nov-24-2022_17-51,,,,,,,https://list.am/en/item/17520054
Stone,No,Not available,5.0,70 sq.m.,2.0,1.0,from 2.8 m,3.0,Closed balcony,Major Renovation,,,,,,"Khaghagutyan street, Sevan town","10,000 ֏ daily",AMD,The apartment is located very close to the public beach (10 minutes walk)Translated from Armenian,Nov-24-2022_17-51,,,,,,,https://list.am/en/item/17898596
Stone,No,Not available,5.0,90 sq.m.,4.0,1.0,from 2.8 m,5.0,Closed balcony,Major Renovation,4,Yes,No,Not included,2 months,"Nalbandyan street, Sevan town","150,000 ֏ monthly",AMD,"4-room apartment with all the communal facilities is for rent in the city of Sjan, the property is completely handed over to the tenant. The floor is parquet, the kitchen and the bathroom are tiled. It is desirable to have 3 people and it is desirable to be rented for a long time. I am not a mediator, I am the owner of the house. For details, call the number mentioned on viber whats app.Сдаю 4х комнатную квартиру в городе Севан with all communal amenities and furniture. Floor parquet, kitchen and bathroom with coffee maker. Minimal term 6 months, without small children. Я не соредник это мой собственный дом.Translated from Armenian",Nov-24-2022_17-51,,,,,,,https://list.am/en/item/17704625
Stone,Yes,Not available,1.0,60 sq.m.,3.0,1.0,from 3 m,1.0,Open balcony,Euro Renovation,,,,,,"Yerevan street 19, Tsakkar",$750 monthly,USD,"The cottage is located in Sevan Lavanta city. Has all facilities.The fee for one week is 150,000Translated from Armenian",Nov-24-2022_17-51,,,,,,,https://list.am/en/item/17956692
Stone,No,Not available,5.0,73 sq.m.,3.0,1.0,from 2.7 m,4.0,Closed balcony,Euro Renovation,4,Yes,No,Not included,By Agreement,Gegharkunik › Sevan,"200,000 ֏ monthly",AMD,Գեղարքունիքի մարզ քաղաք ՍևանСдается в аренду квартираВ квартире есть все коммунальные услугиудобства:* Система отопления* Газовая плита* Телевизор* Холодильник* Автоматическая стиральная машина* Долгосрочная арендадепозит за 1 месяцЗвоните для более подробной информации:Сейчас свободнаՏրվում է վարձով բնակարանԲնակարանում առկա են կոմունալ բոլոր հարմարությունները`• Ջեռուցման համակարգ• Գազօջախ• Հեռուստացույց• Սառնարան• Ավտոմատ լվացքի մեքենա• Երկարաժամկետ վարձակալության 1 ամսվա դեպոզիտՄանրամասների համար զանգահարել`:Ներկա պահին ազատ է,Nov-27-2022_18-50,Available,,,,,,https://list.am/en/item/18490573
Panels,No,Not available,4.0,74 sq.m.,2.0,1.0,from 2.8 m,2.0,Closed balcony,Old Renovation,2,Yes,No,Not included,By Agreement,Gegharkunik › Chambarak,"35,000 ֏ monthly",AMD,"2-room apartment for rent in Chambarak city, Tigran Mets 34 building, 8th apartment. The apartment is very bright and sunny. It has a closed balcony that can be used as a living room, it has a basement, a plot of land in front of the building is about 400 m, it has a storage room inside the house and in the corridor, the floor is parquet, the apartment is gasified.Translated from Armenian",Nov-27-2022_18-50,Available,,,,STove,YArd view,https://list.am/en/item/18589516
Stone,No,Not available,5.0,74 sq.m.,3.0,1.0,from 2.8 m,2.0,Multiple balconies,Partial Renovation,8+,Yes,No,Not included,By Agreement,"Lernagorts Street, Vardenis","65,000 ֏ monthly",AMD,"Трёхкомнатная квартира с ремонтом девяностых, сан узел и ванная капитально отремонтированы, есть мебель и т. Д. Остальное по телефону. Здаётся на длительний срок, можно принести свою мебель.",Nov-27-2022_18-50,Available,PLayground,OUtdoor parking,"TElevision, parking space","FRidge, stove, water heater","YArd view, street view",https://list.am/en/item/18598742
Stone,No,Not available,5.0,70 sq.m.,3.0,1.0,from 2.75 m,5.0,Multiple balconies,Major Renovation,6,Yes,Negotiable,Not included,By Agreement,"Khaghagutyan street, Sevan town",80 ֏ monthly,AMD,"It is rented for at least 4 months., hot water, individual heating systemYou pay the first and last month's rent.You can write and call on WhatsAppTranslated from Armenian",Nov-27-2022_18-50,Available,PLayground,OUtdoor parking,PArking space,"STove, water heater","YArd view, street view, city view",https://list.am/en/item/18372118
Stone,No,Not available,5.0,48 sq.m.,1.0,1.0,from 2.7 m,5.0,Multiple balconies,Cosmetic Renovation,4,Yes,Yes,Not included,Without prepayment,"Սարգիս Սևանեցու փողոց 21, Սևան","9,000 ֏ daily",AMD,"Տրվում է օրավարձօվ, մեկ սենյակ նիշյայով բնակարան, առկա են բոլօր հարմարությունները, գտնվում է 4֊րդ միկռոյում։ Здаётся квартира на сутку есть все удобства, находится в 4-огом микро.Translated from Armenian",Nov-27-2022_18-50,Available,,,,,,https://list.am/en/item/18487636
Stone,No,Not available,3.0,40 sq.m.,2.0,1.0,from 3 m,1.0,Not available,Major Renovation,2,Yes,No,Not included,1 month,Gegharkunik › Sevan,"150,000 ֏ monthly",AMD,"The apartment is completely renovated, has permanent waterHot water and heating is provided by electricityPartial furniture (depending on the period, will be furnished if desired)Translated from Armenian",Nov-27-2022_18-50,By agreement,,,,,,https://list.am/en/item/18549800
Stone,No,Not available,5.0,80 sq.m.,3.0,1.0,from 2.8 m,4.0,Multiple balconies,Euro Renovation,5,No,No,Not included,2 months,Gegharkunik › Martuni,"140,000 ֏ monthly",AMD,"Три комнаты квартира сдается в аренду, город мартуни улица ереванян",Nov-27-2022_18-50,Not available,,,,,,https://list.am/en/item/16677627
Stone,No,Not available,5.0,43 sq.m.,1.0,1.0,from 2.5 m,2.0,Closed balcony,Old Renovation,3,Yes,Yes,Not included,1 month,Gegharkunik › Martuni,"70,000 ֏ monthly",AMD,"Сдаю в аренду однокомнатную квартиру с большой комнатой, закрытым балконом на втором этаже в пятиэжтажном доме. Дом находиться к ценральной улице, где близко вся инфрастуктура магазины, рынок и т. Далее. Зимой отопление газовое, летом пешком модно пройти до озера Севан. Можно семье с детьми без животных. Более подробнее звоните по указанным номеруՎարձով եմ տալիս 1 սենյականոց բնակարան հինգ հարկանի շենքի երկրորդ հարկում մեծ սենյակով փակ պատշգամբ։Տունը գտնվում է կենտրոնական փողոցում, որտեղ բոլոր ենթակառուցվածքները մոտ են խանութներին, շուկային և այլն։ Ձմռանը գազով ջեռուցում, ամռանը մոդայիկ է քայլել դեպի Սևանա լիճ. Երեխաների հետ առանց կենդանիների Մանրամասների համար զանգահարել նշված համարովI am renting a 1-room apartment on the second floor of a five-story building with a large room and a closed balcony. The house is located in the central street, where all infrastructure is close to shops, market, etc. Gas heating in winter, it is fashionable to walk to Lake Sevan in summer. With children, without pets. For details, call the indicated number.Ვაქირავებ 1 ოთახიან ბინას ხუთსართულიანი კორპუსის მეორე სართულზე დიდი ოთახით და დახურული აივნით სახლი მდებარეობს ცენტრალურ ქუჩაზე სადაც ყველა ინფრასტრუქტურა ახლოს არის მაღაზიებთან, ბაზართან და ა. Შ. Გაზის გათბობა ზამთარში მოდურია ზაფხულში სევანის ტბაზე სიარული. Ბავშვებთან ერთად შინაური ცხოველების გარეშე. Დეტალებისთვის დარეკეთ მითითებულ ნომერზე.",Nov-27-2022_18-50,Available,,,,,,https://list.am/en/item/18467922
Stone,No,Not available,2.0,55 sq.m.,2.0,1.0,from 2.8 m,1.0,Closed balcony,Cosmetic Renovation,8+,Yes,Yes,Not included,2 months,"Nairyan Street, Sevan town","80,000 ֏ monthly",AMD,There is also a garageTranslated from Armenian,Nov-27-2022_18-50,Available,,OUtdoor parking,"TElevision, internet, parking space","FRidge, stove, washing machine, water heater, hair dryer","YArd view, street view, city view, park view",https://list.am/en/item/18608012
Panels,No,Not available,3.0,64 sq.m.,2.0,2.0,from 2.5 m,3.0,Closed balcony,Partial Renovation,,,,,,"Եղիշե Չարենցի փողոց 54, Վարդենիս","60,000 ֏ monthly",AMD,"A 2-room apartment for rent in Vardenis, the price is unchanged, it is rented to a familyTranslated from Armenian",Nov-27-2022_18-50,,,,,,,https://list.am/en/item/18435867
Stone,No,Not available,3.0,55 sq.m.,2.0,1.0,from 2.8 m,3.0,Closed balcony,Old Renovation,4,Yes,Negotiable,By Agreement,By Agreement,Gegharkunik › Sevan,"80,000 ֏ monthly",AMD,For more information callTranslated from Armenian,Nov-27-2022_18-50,Available,PLayground,OUtdoor parking,PArking space,"FRidge, stove, microwave","YArd view, street view, city view, park view",https://list.am/en/item/18623186
Stone,Yes,Not available,2.0,100 sq.m.,3.0,1.0,from 2.7 m,2.0,Closed balcony,Cosmetic Renovation,5,Yes,No,Not included,By Agreement,Gegharkunik › Sevan,"100,000 ֏ monthly",AMD,"Հարմարավետ և արևկող 3 սենյականոց բնակարան է 5-րդ միկրո թաղամասում։ Բնակարանում առկա են բոլոր կոմունալ հարմարությունները (կահույք, սառնարան, լվացքի մեքենա, ինչպես նաև առկա է տաք և սառը ջուր) ։ Բնակարանը տրվում է և ամսավարձով և օրավարձով։A cosy and confortable appartment near the centre of the city. It has 3 rooms and has all amenities eather for one day or for monthly rent. Everything is visible on the photos, please call if you have any questions.Уютная, солнечная 3-комнатная квартира в 5ом микрорайоне. В квартире есть все удобство (мебель, холодильник, стиральная машина, а также горячая и холодная вода) Квартира сдается как помесячно, так и посуточно. Вы можете звонить в случае возникновения вопросов.",Nov-27-2022_18-50,Available,,,,,,https://list.am/en/item/18575611
Wooden,Yes,Not available,1.0,54 sq.m.,3.0,1.0,from 2.7 m,1.0,Not available,Euro Renovation,4,Yes,Yes,Not included,1 month,Gegharkunik › Sevan,"130,000 ֏ monthly",AMD,Сдаётся коттедж на берегу sevana всеми коммунальными удобствами и у нас есть четыре таких номера,Nov-27-2022_18-50,Available,,,,,,https://list.am/en/item/18452290
Stone,No,Not available,5.0,72 sq.m.,3.0,1.0,from 2.8 m,3.0,Open balcony,Partial Renovation,,,,,,"Lernagorts Street 1, Vardenis","60,000 ֏ monthly",AMD,A partially refurbished buck system comes with the guts and hardwareTranslated from Armenian,Nov-27-2022_18-50,,,,,,,https://list.am/en/item/18402399
Stone,No,Not available,5.0,100 sq.m.,3.0,1.0,from 3 m,4.0,Open balcony,No Renovation,8+,Yes,No,Not included,1 month,"Nairyan Str., Sevan","40,000 ֏ monthly",AMD,The apartment is sunny. Is given long-termTranslated from Armenian,Nov-27-2022_18-50,Not available,,,,,,https://list.am/en/item/18557041
Stone,No,Not available,5.0,60 sq.m.,3.0,1.0,from 2.75 m,2.0,Open balcony,Euro Renovation,5,Yes,No,Not included,By Agreement,"Nairyan Street, Sevan town","200,000 ֏ monthly",AMD,"Сдаётся квартира на 6 месяцев со всеми удобствами в городе Севан. Вся квартира отремонтирована. Есть всё необходимое, есть открытый балкон. Система отопления. В 3 метрах магазины, пекарни, аптеки, бистро, рыбный магазин, в 20 метрах банки, в 10 м операторы. Очень удобная часть города. Из Севана в Ереван едут машины прим. 40 мин. Цена 200.000 др. Риелтором не звонить.!",Nov-27-2022_18-50,Available,,,,STove,,https://list.am/en/item/18554625
Panels,No,Not available,5.0,100 sq.m.,5.0,2.0,from 3 m,5.0,Open balcony,Cosmetic Renovation,5,Yes,No,Not included,By Agreement,Gegharkunik › Vardenis,"55,000 ֏ monthly",AMD,Apartment for rent with utilities. It is also possible by contractTranslated from Armenian,Nov-27-2022_18-50,Available,,,,,,https://list.am/en/item/18558272
Panels,No,Not available,4.0,65 sq.m.,3.0,1.0,from 3 m,2.0,Closed balcony,Euro Renovation,4,Yes,No,Not included,By Agreement,"Նաիրյան փողոցի 1-ին նրբանցք 13, Սևան",$500 monthly,USD,"Երկարաժամկետ վարձակալության է հանձնվում Սևան քաղաքի 5-րդ միկրոթաղամաս հասցեում գնտվող 3 սենյականոց եվրովերանորոգված բնակարան։ Բնակարանն ապահովված է բոլոր կոմունալ հարմարություններով (գազ, բաքսի համակարգ, տաք/սառը ջուր, էլ․ էներգիա) ։ Բնակարանը վարձակալության է հանձնվում իր գույքով և տեխնիկայով (սառնարան, լվացքի մեքենա, երկու հեռուստացույց, գազօճախ, արդուկ․․․) ։ Բնակարանը տրամադրվում է մաքուր և ապրելու համար պատրաստի վիճակում։ Տրամադրվում է զույգերի կամ ընտանիքի ապրելու համար։Մոտակայքում կան դպրոցներ, մանկապարտեզներ, խանութներ։Մանրամասների համար զանգահարեք նշված հեռախոսահամարով։Сдается на длительный срок 3-комнатная квартира с евро ремонтом в 5-м микрорайоне Севана. Квартира оборудована всеми коммуникациями (газ, бойлер, горячая/холодная вода, электричество) Квартира сдается со своим имуществом и техникой (холодильник, стиральная машина, два телевизора, газовая плита, утюг...) Квартира сдается в чистом и готовом к проживанию состоянии. Предоставляется для пар или семейного проживания.Рядом есть школы, детские сады, магазины.Подробности звоните по указанному номеру телефона.",Nov-27-2022_18-50,,,,,,,https://list.am/en/item/18474997
Panels,No,Available,9.0,80 sq.m.,3.0,1.0,from 2.8 m,6.0,Closed balcony,Partial Renovation,6,Yes,Negotiable,Not included,1 month,"Nairyan Street, Sevan town","150,000 ֏ monthly",AMD,Квартира в центре города Севан со всеми необходимыми вещами и техникой.,Nov-27-2022_18-50,Available,PLayground,OUtdoor parking,"TElevision, internet, parking space","FRidge, stove, microwave, coffee maker, washing machine, water heater, iron, hair dryer","YArd view, city view",https://list.am/en/item/18594187
Cassette,No,Not available,1.0,50 sq.m.,3.0,1.0,from 3 m,1.0,Not available,Euro Renovation,4,Yes,Yes,Not included,1 month,Gegharkunik › Chkalovka,"200,000 ֏ monthly",AMD,"2-3 room cabins for rent, 60 kilometers from Yerevan, 5 kilometers from Sevan city, has all utilities, Wi-Fi, constant hot and cold water, 2 hectares of land. I'm coming backTranslated from Armenian",Nov-27-2022_18-50,,,,,,,https://list.am/en/item/18451482
Panels,No,Not available,4.0,100 sq.m.,4.0,1.0,from 2.75 m,4.0,Open balcony,Partial Renovation,6,Yes,No,Not included,By Agreement,"Եղիշե Չարենցի փողոց 2, Մարտունի","40,000 ֏ monthly",AMD,Apartment for rent in In Martuni. On E. Charents StreetTranslated from Armenian,Nov-27-2022_18-50,Available,,,TElevision,"FRidge, coffee maker, washing machine",STreet view,https://list.am/en/item/18587567
Panels,No,Available,9.0,84 sq.m.,3.0,1.0,from 2.75 m,4.0,Not available,Cosmetic Renovation,5,Yes,Yes,Not included,2 months,"Գրիբոեդով փողոց 5, Սևան","200,000 ֏ monthly",AMD,Сдаётся 3-х комнатная квартира в городе Севан,Nov-27-2022_18-50,Available,,,,,,https://list.am/en/item/18517017
Panels,No,Not available,5.0,45 sq.m.,1.0,1.0,from 2.8 m,5.0,Closed balcony,Partial Renovation,4,Yes,No,Not included,1 month,"Ա․ Սեսմանուկյան փողոց 1-ին նրբանցք 14, Վարդենիս","50,000 ֏ monthly",AMD,"A 1-room apartment with a closed balcony is for rent on Sesmanukyan Street in Vardenis. It is furnished, there is hot and cold water, household appliances. Call for more information.Translated from Armenian",Nov-27-2022_18-50,,,,,,,https://list.am/en/item/18565484
Panels,No,Available,9.0,62 sq.m.,2.0,1.0,from 2.7 m,8.0,Closed balcony,Old Renovation,3,Yes,No,Not included,By Agreement,"Улица Саркиса Севанеци 19, Севан","100,000 ֏ monthly",AMD,"Квартира находится в 15мин от озера. Солнечная сторона, есть эл. Колонка, постоянная вода, посуда, постель.",Nov-27-2022_18-50,,,,,,,https://list.am/en/item/18565457
,,,,,,,,,,,,,,,,"Lernagorts Street, Vardenis","80,000 ֏ monthly",AMD,3-room apartment for rent in Vardenis cityTranslated from Armenian,Nov-27-2022_18-50,,,,,,,https://list.am/en/item/18353313
Panels,Yes,Available,9.0,50 sq.m.,2.0,1.0,from 3 m,2.0,Closed balcony,Old Renovation,5,Yes,No,Included,By Agreement,"Nairyan Street, Sevan town","70,000 ֏ monthly",AMD,"It is for rent.3 converted into a 2-room apartment. The windows have been replaced throughout the apartment. There is a heating system. Completely new and new sink. The apartment is comfortable on the sunny side, the yard is completely paved. It has a comfortable and large basement inside the apartment. The bathroom and toilet are in good condition.We can also provide necessary items8000 per day is also availableTranslated from Armenian",Nov-27-2022_18-50,Not available,PLayground,OUtdoor parking,"TElevision, parking space","FRidge, coffee maker, washing machine","YArd view, street view, city view",https://list.am/en/item/18533941
Stone,Yes,Not available,5.0,72 sq.m.,3.0,2.0,from 2.5 m,5.0,Closed balcony,Cosmetic Renovation,8+,Yes,No,Not included,1 month,"Խ․ Ստեփանյան փողոց 19, Վարդենիս","50,000 ֏ monthly",AMD,"For partial property, call for detailsTranslated from Armenian",Nov-27-2022_18-50,,,,,,,https://list.am/en/item/18551635
Stone,No,Not available,5.0,80 sq.m.,3.0,1.0,from 2.7 m,2.0,Not available,Euro Renovation,6,Yes,Yes,Not included,1 month,Gegharkunik › Sevan,"350,000 ֏ monthly",AMD,"A fully furnished apartment with all utilities (automatic washing machine, gas stove, refrigerator, TVs and WIFI) is for rent.The yard is completely paved.Ready for occupancy.Translated from Armenian",Nov-27-2022_18-50,,,,,,,https://list.am/en/item/18442982
Stone,No,Not available,5.0,50 sq.m.,1.0,1.0,from 2.6 m,3.0,Closed balcony,Major Renovation,3,Yes,No,By Agreement,By Agreement,"Nalbandyan street, Sevan town","120,000 ֏ monthly",AMD,.После кап ремонта. WhatsApp. Viber.,Nov-27-2022_18-50,,,,,,,https://list.am/en/item/18548347
Stone,No,Not available,5.0,70 sq.m.,2.0,1.0,from 2.75 m,2.0,Open balcony,Cosmetic Renovation,8+,Yes,Yes,By Agreement,By Agreement,"Սարգիս Սևանեցու փողոց 21, Սևան","120,000 ֏ monthly",AMD,"The apartment has all utilities, 2 floors, 2 roomsTranslated from Armenian",Nov-27-2022_18-50,,,,,,,https://list.am/en/item/18451412
Stone,No,Not available,5.0,50 sq.m.,2.0,1.0,from 2.7 m,1.0,Not available,Cosmetic Renovation,,,,,,"Էներգետիկների փողոց 2, Սևան","60,000 ֏ monthly",AMD,"The apartment is in normal condition, with necessary property.With hot and cold water, the bathroom is renovatedTranslated from Armenian",Nov-27-2022_18-50,,,,,,,https://list.am/en/item/18105776
Panels,No,Available,9.0,36 sq.m.,2.0,1.0,from 3.2 m,1.0,Not available,Partial Renovation,,,,,,Gegharkunik › Sevan,"10,000 ֏ daily",AMD,"I am renting an apartment in the city of Sevan. The apartment is located on the first floor of a 9-story building, the entrance is separate from the outside. It has all the amenities, ready for occupancy. For details, you can call Sh.Translated from Armenian",Nov-27-2022_18-50,,,,,,,https://list.am/en/item/18416137
Stone,No,Not available,5.0,80 sq.m.,3.0,1.0,from 2.8 m,3.0,Not available,Cosmetic Renovation,,,,,,Gegharkunik › Sevan,"8,000 ֏ daily",AMD,"Квартира находится в городе Севан, рядом с церковью. Коммунальная со всеми удобствами. Звоните, чтобы задать вопросы.",Nov-27-2022_18-50,,,,,,,https://list.am/en/item/18411167
Stone,No,Not available,5.0,34 sq.m.,1.0,1.0,from 2.8 m,5.0,Closed balcony,Partial Renovation,,,,,,"Միքայել Նալբանդյանի փողոց 61, Սևան","70,000 ֏ monthly",AMD,Normal utilityTranslated from Armenian,Nov-27-2022_18-50,,,,,,,https://list.am/en/item/18404026
Stone,No,Not available,5.0,70 sq.m.,2.0,1.0,from 3 m,5.0,Multiple balconies,Old Renovation,,,,,,Gegharkunik › Sevan,"50,000 ֏ monthly",AMD,"WiFi, гоячая холодная вода, электричество есть. В сумму не входит коммунальные расходы. Только нету природного газа. Большая просорная квартира. Большой коридор, кухня кладовка. На балконе всегда солнце, тоже можно использовать как спальня.",Nov-27-2022_18-50,,,,,,,https://list.am/en/item/18379036
Stone,Yes,Not available,2.0,94 sq.m.,3.0,1.0,from 3 m,1.0,Open balcony,Euro Renovation,,,,,,"Նաիրյան փողոց 179, Սևան","120,000 ֏ monthly",AMD,"Տրվում է վարձով երկարաժամկետСдается квартира!Имеет всe условия, газ свет вода, вайфай, короче смотрите на фотках все понятно) если что набирайте по телОтвечу на любые вопросы!Насчет цены договоримся зависит от срока арендыОтправлю фотки дворика по вацапу!",Nov-27-2022_18-50,,,,,,,https://list.am/en/item/18377135
Stone,No,Not available,2,87 sq.m.,3,1,from 2.8 m,2,Open balcony,Old Renovation,,,,,,"Sayat Nova street, Martuni","$43,000",USD,"A 3-room apartment for sale in Martuni city /back building of IDEAL/, in front of the apartment there is a private space for a garage, the apartment is not renovated, it has constant gas, electricity, water, the rooms are sunny, there are shops near the area, 2nd floor of a 5-story stone building, details call forTranslated from Armenian",Dec-12-2022_19-56,Not available,,,,,,https://list.am/en/item/17450834
Stone,Yes,Not available,4,87 sq.m.,4,1,from 3 m,3,Multiple balconies,Cosmetic Renovation,,,,,,"Եղիշե Չարենցի փողոց 2, Մարտունի","$42,000",USD,"Call for details, it is also available for rent.Translated from Armenian",Dec-12-2022_19-56,,,,,,,https://list.am/en/item/18240435
Panels,No,Available,9,92 sq.m.,4,1,from 2.7 m,4,Closed balcony,Old Renovation,,,,,,"Khaghagutyan street, Sevan town","$38,000",USD,"A 4-room apartment is for sale in the city of Sevan.The apartment is located close to the lake. It only takes 10-15 minutes to walk to the lakeside. The apartment is sunny and needs renovation. Grocery and other stores are nearby. For real buyer, price is negotiable.Translated from Armenian",Dec-12-2022_19-56,Available,,,,,,https://list.am/en/item/18227753
Stone,No,Not available,3,75 sq.m.,3,1,from 2.7 m,2,Open balcony,No Renovation,,,,,,"Улица Егише Чаренца, Варденис","$12,000",USD,Need repairs to call for questionsTranslated from Armenian,Dec-12-2022_19-56,Available,,,,,,https://list.am/en/item/17471190
Stone,No,Not available,5,57 sq.m.,2,1,from 2.8 m,1,Not available,Euro Renovation,,,,,,"Nalbandyan street, Sevan town","$32,000",USD,"Capital renovatedIt is furnished.It has a heating systemIt is located on the 1st floor, it has a basement.With kitchen furnitureEuropean hotelsThe door is ironTranslated from Armenian",Dec-12-2022_19-56,Available,,,,,,https://list.am/en/item/18375348
Panels,No,Available,9,36 sq.m.,2,1,from 2.7 m,9,Not available,Partial Renovation,,,,,,"Nalbandyan street, Sevan town","$15,000",USD,"A two room apartment is for sale in Shan city, at 42 Nalbandyan street, the apartment is gasified, has permanent water, the windows are European, the inside door is changed, the outside door is iron, the geyser is renovated, there is a 300 liter water bug, the house has a big kettle.For details, call the mentioned phone number.Translated from Armenian",Dec-12-2022_19-56,,,,,,,https://list.am/en/item/17345257
Stone,No,Not available,5,90 sq.m.,3,1,from 2.7 m,3,Multiple balconies,Cosmetic Renovation,,,,,,Gegharkunik › Vardenis,"$13,000",USD,ID3415A spacious 3-room apartment is for sale in the city of Vardenis.It is equipped with all utilities.There are 2 open balconies.Translated from Armenian,Dec-12-2022_19-56,Not available,,,,,,https://list.am/en/item/16978822
Stone,No,Not available,4,75 sq.m.,4,1,from 2.8 m,4,Multiple balconies,Cosmetic Renovation,,,,,,Gegharkunik › Sevan,"$45,000",USD,"Two apartments (1 room, 34 sq. M. And 2 rooms, 41 sq. M.) Are connected to each other, it has two certificates.Translated from Armenian",Dec-12-2022_19-56,,,,,,,https://list.am/en/item/16953523
Stone,Yes,Not available,4,137 sq.m.,6,2,from 2.8 m,4,Multiple balconies,Cosmetic Renovation,,,,,,"Խաչատուր Աբովյանի փողոց 3, Սևան","$65,000",USD,"Apartment for sale in In Syan, on Abovyan Street, in a Finnish building, next to the court, near the 3rd school, there is a kindergarten.The apartment is two-storey and is located on the 4th / 5th floors. It is on the side, has two open balconies, two bathrooms, 4 bedrooms, a spacious living room, a kitchen-corridor, two closets, the possibility of adding one more room, the door is iron. The apartment is for sale with partial property.Q. San, Abovyan 1/15.Translated from Armenian",Dec-12-2022_19-56,By agreement,,,,,,https://list.am/en/item/17798926
Panels,No,Available,9,70 sq.m.,2,1,from 2.75 m,5,Open balcony,Old Renovation,,,,,,Gegharkunik › Sevan,"$25,000",USD,"The apartment is in normal condition, it has all utilities, it is sunny, the price is negotiable, if you have any questions, callTranslated from Armenian",Dec-12-2022_19-56,Not available,,Outdoor parking,,,Street view,https://list.am/en/item/18692323
Panels,No,Not available,9,140 sq.m.,5,2,from 2.8 m,1,Closed balcony,Old Renovation,,,,,,"Ազատության փողոց, Գավառ","10,000,000 ֏",AMD,2 apartments connected to each other are for sale. The total area is 140 square meters. The apartment is in good condition.Translated from Armenian,Dec-12-2022_19-56,Not available,Playground,Outdoor parking,,Stove,"Yard view, street view, park view",https://list.am/en/item/18694424
Stone,No,Not available,1,163 sq.m.,5,1,from 2.8 m,1,Not available,Cosmetic Renovation,,,,,,Gegharkunik › Lchashen,"12,300,000 ֏",AMD,"In Lchashen, in the central pokhota. Near the village administration. 180 meters near the park. Adjacent Garage. Cattle orchard. I am exchanging with a private house in YerevanTranslated from Armenian",Dec-12-2022_19-56,,,,,,,https://list.am/en/item/17528151
Stone,No,Not available,5,48 sq.m.,1,1,from 2.7 m,5,Multiple balconies,Cosmetic Renovation,,,,,,"Սարգիս Սևանեցու փողոց 19, Սևան","$25,000",USD,"One room with niche, ready for occupancy. It is located in the 4th micro. It is very sunny and bright. It is also available for rent at 70,000, also with a daily rent of 7,000.Translated from Armenian",Dec-12-2022_19-56,Available,,,,,,https://list.am/en/item/18487611
Panels,No,Available,9,65 sq.m.,2,1,from 2.5 m,7,Closed balcony,Partial Renovation,,,,,,"Khachatur Abovyan Street, Sevan","$24,000",USD,The apartment has been renovated into 2 and 3 rooms. I exchange with my own house. There is also a garage directly in front of the building.Translated from Armenian,Dec-12-2022_19-56,Available,,,,,,https://list.am/en/item/18011799
Stone,No,Not available,5,72 sq.m.,3,1,from 2.7 m,5,Open balcony,No Renovation,,,,,,"Լեռնագործների փողոց, Վարդենիս","$6,500",USD,"A 3-room apartment is for sale in the village of Vardenis (Pasyolka) It has not been inhabited for a long time, that's why it needs to be thoroughly renovated. Slightly negotiable to real buyer.Translated from Armenian",Dec-12-2022_19-56,Available,,,,,,https://list.am/en/item/18275346
Stone,No,Not available,5,81 sq.m.,3,1,from 2.75 m,5,Open balcony,Old Renovation,,,,,,"Nalbandyan street 31, Sevan town","$24,000",USD,"An apartment is for sale on Nalbandyan st. , Sevan city. Whose 3 rooms, 81 square meters, 5/5 floor. Call for questions. The price is completely reasonable...Translated from Armenian",Dec-12-2022_19-56,Available,,,,,,https://list.am/en/item/17575505
Panels,No,Available,9,69 sq.m.,2,1,from 2.7 m,8,Closed balcony,Old Renovation,,,,,,"Griboyedov street, Sevan town","$25,000",USD,"Բնակարանը գտնվում է 5-րդ միկրոթաղամասում, արևկող է և լճին շատ մոտ։",Dec-12-2022_19-56,Not available,,,,,,https://list.am/en/item/14840217
Panels,Yes,Not available,4,65 sq.m.,2,1,from 2.8 m,2,Closed balcony,Euro Renovation,,,,,,Gegharkunik › Gavar,"$16,000",USD,"Apartment for sale with existing property in Gavar city (white 4-storey building), 2-room with balcony (balcony closed with euro windows), which can be used as a room, euro-renovated, uninhabited, provided with water, gas, electricity, has heating ""Mercury"" individual system, in perfect condition. It also has a basement (in the basement part of the building) The floor is laminate, the kitchen and bathroom are tiled. Price without property is different. WILL BUY FOR REAL buyer.Translated from Armenian",Dec-12-2022_19-56,Available,,,,Stove,"Yard view, street view, city view",https://list.am/en/item/16287824
Stone,No,Not available,5,62 sq.m.,3,1,from 2.75 m,2,Open balcony,Old Renovation,,,,,,Gegharkunik › Vardenis,"$10,500",USD,"The apartment (2 rooms with niche) is sunny, has 2 balconies (open and closed), water, gas and electricity. Not for rent. Price negotiableTranslated from Armenian",Dec-12-2022_19-56,Not available,,,,,,https://list.am/en/item/18041453
Stone,No,Not available,5,87 sq.m.,4,1,from 2.6 m,4,Closed balcony,Euro Renovation,,,,,,"Erevanyan street, Vardenis","$18,000",USD,"It is for sale without property. I am selling very urgently, only real people can call. Negotiable:Translated from Armenian",Dec-12-2022_19-56,Not available,,,,,,https://list.am/en/item/14437879
Panels,Yes,Not available,4,65 sq.m.,2,1,from 3 m,1,Open balcony,Euro Renovation,,,,,,"Main Square, Gavar boundary","8,000,000 ֏",AMD,"A 2-room apartment for sale in Gavar, renovated, equipped with gas, water, individual heating, sunny, has an open balcony, basement. The floor is laminate, the kitchen, the bathroom are tiled. Along with the furniture. It is also available for rent.Translated from Armenian",Dec-12-2022_19-56,,,,,,,https://list.am/en/item/15850506
Panels,No,Available,9,80 sq.m.,3,1,from 2.75 m,9,Closed balcony,Euro Renovation,,,,,,Gegharkunik › Sevan,"$35,000",USD,"The front door is iron, the windows are euro, it has a heating system, the outer walls are fixed, it is on the side.Translated from Armenian",Dec-12-2022_19-56,,,,,,,https://list.am/en/item/17276528
Stone,No,Not available,5,77 sq.m.,3,1,from 2.8 m,4,Multiple balconies,Old Renovation,,,,,,"Улица Микаэла Налбандяна 45, Севан","$31,500",USD,"Продам 3 комнатную квартиру 5 этажного дома в 4 этаже г. Севан ул. Налбандяна 45.Окна пвх, дверь металлическая, солнечная сторона, недалеко от дома школа, рынок, озера. Вайбер кам ватсап + 375291926690",Dec-12-2022_19-56,Not available,,,,,,https://list.am/en/item/18646725
Stone,No,Not available,5,42 sq.m.,1,1,from 2.8 m,4,Open balcony,Old Renovation,,,,,,"Երիտասարդության փողոց 11, Վարդենիս","2,700,000 ֏",AMD,"A one-room apartment is for sale in Vardenis, near the municipality. On the 4th floor of a 5-story stone building, it has an open balcony. Water supply and electricity are available.Translated from Armenian",Dec-12-2022_19-56,,,,,,,https://list.am/en/item/18062654
Stone,No,Not available,5,58 sq.m.,2,1,from 2.75 m,1,Multiple balconies,Old Renovation,,,,,,"Կենտրոնական հրապարակ, Գավառ","$12,000",USD,"2 rooms for sale. Apartment 58 sq. M. M.K. Gavar Kabelvostner str. 60:First floor, has a closed balcony, basement.Translated from Armenian",Dec-12-2022_19-56,Available,,,,,,https://list.am/en/item/18571220
Stone,Yes,Not available,3,1500 sq.m.,7,2,from 3 m,3,Open balcony,No Renovation,,,,,,"Sayadyan street, Gavar boundary","$25,000",USD,"Semi-constructed, negotiable, exchangeTranslated from Armenian",Dec-12-2022_19-56,Not available,,,,,,https://list.am/en/item/16344489
Panels,No,Available,9,65 sq.m.,2,1,from 2.7 m,1,Closed balcony,Major Renovation,,,,,,Gegharkunik › Sevan,"$30,000",USD,"2-room, renovated apartment in the city of Sevan, 1st floor, has a basement, the entrance of which is from the balcony of the houseAt the beginning of the city, the building is on the streetthe price is 28,000 dollarsIt is also available on a daily basisTranslated from Armenian",Dec-12-2022_19-56,By agreement,,,,,,https://list.am/en/item/13650222
Stone,No,Not available,5,57 sq.m.,2,1,from 2.8 m,5,Open balcony,Major Renovation,,,,,,"Nalbandyan street, Sevan town","$28,000",USD,"A 2-room apartment is for sale, on the 5th floor of a 5-story building, it is renovated. For other information, call the indicated phone number.Translated from Armenian",Dec-12-2022_19-56,,,,,,,https://list.am/en/item/18119904
Stone,No,Not available,5,80 sq.m.,3,1,from 2.8 m,4,Multiple balconies,Euro Renovation,,,,,,Gegharkunik › Martuni,"$47,000",USD,"Продается три комнаты квартира город мартуни улица ереванян, находится гостиница Aлашкерт",Dec-12-2022_19-56,Available,,,,,,https://list.am/en/item/17182021
Stone,Yes,Not available,1,100 sq.m.,3,1,from 3 m,1,Open balcony,Major Renovation,,,,,,Gegharkunik › Chambarak,"13,500,000 ֏",AMD,"The apartment is for sale with gas, along with the house, it is sunny, if you have any questions, callTranslated from Armenian",Dec-12-2022_19-56,Available,,,,,,https://list.am/en/item/17242884
Stone,No,Not available,2,60 sq.m.,4,1,from 2.8 m,2,Not available,Cosmetic Renovation,,,,,,Gegharkunik › Martuni,"$26,000",USD,"There are all conditions for accommodation, the rest is available by callingTranslated from Armenian",Dec-12-2022_19-56,Available,,,,"Air conditioner, fridge, stove, washing machine",Yard view,https://list.am/en/item/18705060
Stone,No,Not available,1,180 sq.m.,5,1,from 2.8 m,1,Multiple balconies,Partial Renovation,,,,,,Gegharkunik › Shatvan,"$11,000",USD,"Private house for sale in the center of the village. It has a cellar. 2 garages, a barn and another house as a warehouse. It also has half-fruited trees.Translated from Armenian",Dec-12-2022_19-56,,,,,,,https://list.am/en/item/17461478
Panels,No,Available,9,35 sq.m.,2,1,from 2.8 m,7,Closed balcony,Old Renovation,,,,,,Gegharkunik › Sevan,"$6,000",USD,It is a sunny apartment. Old repair. Without property. Former dormitory buildings. It makes no sense not to call brokersTranslated from Armenian,Dec-12-2022_19-56,Not available,,,,,,https://list.am/en/item/17814190
Stone,No,Not available,2,365 sq.m.,8+,3+,from 3.5 m,2,Not available,Partial Renovation,,,,,,Gegharkunik › Gegharkunik,$500,USD,"Продаётся участок в районе Варденик. Крыша отремонтирована, окна в европеийском стиле, не имеет внутреннего ремонта. Имеет большой подвал. Вам нужно будет отремонтировать внутри участня: Даже есть возможность создать жительское здание. В случая покупки можете деньги отдавать по частям. По другим вопросам свяжитесь с номер.Просим звонить только реальным покупателям",Dec-12-2022_19-56,Not available,,,,,,https://list.am/en/item/17538221
Panels,Yes,Available,9,67 sq.m.,2,1,from 2.8 m,3,Closed balcony,Major Renovation,,,,,,"Sayat Nova street, Sevan town","$45,000",USD,"Քաղաք Սևանում վաճառվում է բնակարան երկու սենյակը դարձրած երեք Սայաթ Նովա փողոցում (ստադիոնի դիմաց) Վերանորոգված տաք ու լուսավոր տուն է։Շքամուտքում կա երկու խորդանոց։Продается квартира г. Севане улица Саят-Нова (напротив стадиона) Квартира 9этажный на 3 этажа 2-х комнтная 67 кв. М. Солнечная и светлая квартира. Продажа всей мебели, а также техники. На крыльце две кладовые. Звоните ватцапу.Translated from Armenian",Dec-12-2022_19-56,,,,,,,https://list.am/en/item/17479017
Stone,No,Not available,3,31 sq.m.,1,1,from 3 m,3,Open balcony,Cosmetic Renovation,,,,,,Gegharkunik › Sevan,"$27,000",USD,"Продается 1 комнатная квартира в городе Севан в трех этажном доме на третьем этаже. Квартира находится в центральном переулке рядом с рынком, окна солнечные",Dec-12-2022_19-56,By agreement,,,,,,https://list.am/en/item/17300149
Stone,Yes,Not available,5,48 sq.m.,1,1,from 3 m,5,Closed balcony,Partial Renovation,,,,,,"Nairyan Street, Sevan town","$25,000",USD,"1-room apartment for sale (with niche) in the city of Sevan, the apartment is in very good condition, the roof is repaired, it has all the amenities, the price is finalTranslated from Armenian",Dec-12-2022_19-56,Not available,,,,,Street view,https://list.am/en/item/18589489
Stone,Yes,Not available,4,50 sq.m.,3,1,from 2.75 m,4,Multiple balconies,Partial Renovation,,,,,,"Nalbandyan street, Sevan town","$15,000",USD,"3-room apartment for sale in Sevan city (former dormitory), the apartment is sunny, has gas, electricity, water, windows, European-made interior door, wooden exterior door, iron door. For all questions, call the indicated phone number.Translated from Armenian",Dec-12-2022_19-56,Not available,,,,,Yard view,https://list.am/en/item/18589403
Panels,No,Not available,4,74 sq.m.,2,1,from 2.8 m,2,Closed balcony,Old Renovation,,,,,,Gegharkunik › Chambarak,"5,000,000 ֏",AMD,"2-room apartment for sale in Chambarak city, 34 Tigran Mets building, 8th apartment. The apartment is very bright and sunny. It has a closed balcony that can be used as a living room, it has a basement, a plot of land in front of the building is about 400 m, it has a storage room (chulan) both inside the house and in the corridor, the floor is parquet, the apartment is gasified.2-room apartment for sale in Chambarak street. Тиграна Меца дом 34 квартира 8.Translated from Armenian",Dec-12-2022_19-56,Available,,,,,,https://list.am/en/item/18249483
Stone,No,Not available,5,82 sq.m.,4,1,from 2.75 m,1,Open balcony,Major Renovation,,,,,,"Խ․ Ստեփանյան փողոց, Վարդենիս","$14,500",USD,A part of the apartment can be used for a small business if you wish.The apartment is located at 29/17 Khachik Stepanyan street in Banavan (pasyolok)NEGOTIABLE.Translated from Armenian,Dec-12-2022_19-57,By agreement,,,,,,https://list.am/en/item/16701442
Stone,No,Not available,1,"10,000 sq.m.",8+,1,from 3 m,1,Open balcony,Major Renovation,,,,,,"Viktor Hambartsumyan street, Vardenis","$35,000",USD,"The apartment is located in the city of Vardenis. It has all utilities. It has a boiler room, storage room, pantry, warehouse, 2 garages. A large plot of land with fruit trees. Permanent drinking and irrigation water. Separate road. The apartment is renovated. It is possible to exchange with an apartment in Yerevan.Translated from Armenian",Dec-12-2022_19-57,Available,,,,,,https://list.am/en/item/18059313
Stone,No,Not available,5,47 sq.m.,1,1,from 2.8 m,1,Closed balcony,Euro Renovation,,,,,,"Նալբանդյան փողոց, Սևան","$25,000",USD,An apartment is for sale on the 1st floor of a micro 5-storey building in Sevan 1. It has a heating system and is sunny. It is sold together with furniture and appliances.Translated from Armenian,Dec-12-2022_19-57,Available,Playground,Outdoor parking,,,,https://list.am/en/item/18490648
Stone,No,Not available,4,75 sq.m.,4,1,from 3 m,4,Open balcony,Cosmetic Renovation,,,,,,Gegharkunik › Sevan,"$45,000",USD,"Q. Սևան, փ. Nairyan 153 building 4 floors, 2 open balconies, heating system also exchange with car with G classTranslated from Armenian",Dec-12-2022_19-57,,,,,,,https://list.am/en/item/16953198
Stone,Yes,Not available,5,120 sq.m.,4,1,from 2.8 m,1,Not available,No Renovation,,,,,,"Սարգիս Սևանեցու փողոց, Սևան","$48,000",USD,"With all communications, BAXI system, Euro windows,School, kindergarten, I will also listen to your options.Translated from Armenian",Dec-12-2022_19-57,Available,,,,,,https://list.am/en/item/17218616
Panels,No,Available,9,80 sq.m.,3,2,from 2.75 m,8,Closed balcony,Partial Renovation,,,,,,Gegharkunik › Sevan,"17,700,000 ֏",AMD,"Վաճառվում է բնակարան 3ս. , պատրաստ է բնակեցման, ունի անհատական ջեռուցման համակարգ, պատուհաննեն եվրոպական արտադրության, արևկողմ, լուսավոր ու տաք բնակարան է, վաճառվում է կահույքով (խոհանոց ամբողջ. , ննջասենյակներ ամբողջ. , հյուրասենյակ մասնակի) բնակարանի հետ վաճառվում է նաև խորդանոց վերելակի կողքին։ Պատուհանից բացվում է գեղեցիկ տեսարան դեպի Սևանա լիճը. Մոտակայքում է կա 2 դպրոց և մանկապարտեզ։ Գինը սակարկելի։Продаётся трёх комнатная квартира, готова к проживанию полностью установленное утопление, высокого качества установлены евро окна-стеклопакеты, квартира очень солнечная, светлая и тёплая. Квартира продаётся с мебелью так же с квартирой продаётся отдельная кладовка находящаяся на этаже у лифта. Вид из окна превосходный на озеро Севан, дом находится на расстоянии 1км до берега озёра Севана.",Dec-12-2022_19-57,,,,,,,https://list.am/en/item/17375722
Panels,No,Available,9,82 sq.m.,5,1,from 3 m,4,Open balcony,Partial Renovation,,,,,,Gegharkunik › Sevan,"$15,000",USD,"The apartment is located on Nalbandyan street, has all the communal facilities, needs renovation. Do not call for an exchange.Translated from Armenian",Dec-12-2022_19-57,,,,,,,https://list.am/en/item/17406370
Stone,Yes,Not available,5,109 sq.m.,4,2,from 2.75 m,1,Open balcony,Major Renovation,,,,,,"Երիտասարդության փողոց, Վարդենիս","$40,000",USD,"A 4-room apartment for sale, on the 1st and 2nd floor of a 5-story stone building/duplex/. The apartmentit is gasified, an individual heating system has been installed for the entire 109.9 square meter two-story area, all the hot and cold water lines have been changed, the bathroom is separated from the bathroom of the residential building. The bathrooms are tiled with Spanish tiles, the interior doors are wooden, the exterior is iron-clad, the windows are Euro, the floor is laminated and tiled. The apartment has 3 bedrooms, 1 dining room connected to the kitchen, 2 bathrooms, 1 of which has a bathtub. The stairs from inside to the 2nd floor are handmade, made of beech and walnut wood. The area of the 1st floor is 36.6 square meters, the 2nd floor is 72 square meters. Entrance door from the 1st floor. For sale without property and equipment. A warehouse-shop area is also for sale, which is a separate value, suitable for setting up a pantry, warehouse, any shop, hair salon or other service, 43 square meters. The price is negotiable.Translated from Armenian",Dec-12-2022_19-57,Not available,,,,,,https://list.am/en/item/16907726
Stone,No,Not available,3,40 sq.m.,2,1,from 2.8 m,2,Closed balcony,Partial Renovation,,,,,,"Sayat Nova street, Sevan town","$30,000",USD,"Продаётся квартира в центре г. Севан, дом 3-х этажный каменный, кв. На 2 этаже, 2 комнатная, недавно сделан качественный и красивый ремонт, электрика и все трубы менялись на новые, имеется стиральная машина, газ, холодильник, и вся необходимая мебель для проживания, один взрослый собственник, по всем вопросам звоните, можно оформить ипотекуՎաճառվում է 2 սենյականոց բնակարան, հնարավոր է նաև ձևակերպել հիփոթեքով, արևվկողմ, տաք և հարմարավետ բնակարան, վաճառվում է գույքով, խոհանոցի կահույքն ամբողջովին նոր, գազօջախն և սառնարանն նոր գնված, մուտքի դուռն նոր, պատշգամբն մեծացրած, հավելյալ հարցերի դեպքում կարող եք զանգել նշված համարներով",Dec-12-2022_19-57,,,,,,,https://list.am/en/item/18334182
Stone,No,Not available,5,450 sq.m.,8+,3+,from 3.5 m,1,Multiple balconies,No Renovation,,,,,,"Ազատության փողոցի 4-րդ փակուղի, Գավառ","$130,000",USD,"The total area is about 450 square meters...The internal height is about 4 m...50-60 cm above the ground...In case of cash, the price is negotiable...It is also possible to exchange it with a car (in the amount corresponding to the price of your car)According to the cadastral certificates, it is divided into 4 80 sq. M. Apartments, the rest is a public shop.! GREAT PLEASE!Cars worth 60,000-70,000 $ 130,000 Do not call and do not be interested!He will be rented...Translated from Armenian",Dec-12-2022_19-57,Available,,,,,,https://list.am/en/item/17924380
Stone,No,Not available,4,40 sq.m.,1,1,from 3 m,4,Closed balcony,Old Renovation,,,,,,"Nalbandyan street, Sevan town","10,000,000 ֏",AMD,An apartment is for sale in the city of SevanTranslated from Armenian,Dec-12-2022_19-57,Available,,,,,,https://list.am/en/item/18656361
Stone,No,Not available,4,105 sq.m.,5,1,from 2.75 m,4,Multiple balconies,Old Renovation,,,,,,"Կարմիր Բանակի փողոց, Սևան","$29,500",USD,"The apartment is dry and sunny, it has open and closed balconies on both sides of the building. The kitchen is spacious and sunny.Translated from Armenian",Dec-12-2022_19-57,Available,,,,,,https://list.am/en/item/16732504
Stone,No,Not available,5,66 sq.m.,3,1,from 3 m,5,Open balcony,Cosmetic Renovation,,,,,,"Երևանյան փողոց, Մարտունի, 25","$33,000",USD,"A three-room, cosmetically renovated apartment is for sale. In Martuni. The apartment is bright, facing the sun, the outer door is iron.Price negotiable.Translated from Armenian",Dec-12-2022_19-57,By agreement,,Outdoor parking,,,"Yard view, street view",https://list.am/en/item/18667034
Stone,No,Not available,5,59 sq.m.,2,1,from 2.75 m,5,Closed balcony,Cosmetic Renovation,,,,,,"Էներգետիկների փողոց 3, Սևան","$29,000",USD,"A 2-room apartment converted into 3 is for saleIt has all utilities, the apartment faces the sun and is ready to move in.For details, call the indicated phone numberTranslated from Armenian",Dec-12-2022_19-57,Partial Furniture,Playground,Outdoor parking,,,Yard view,https://list.am/en/item/18700146
Panels,No,Available,9,37 sq.m.,2,1,from 2.7 m,5,Not available,Partial Renovation,,,,,,Gegharkunik › Sevan,"$9,500",USD,"It needs repair, in case of questions, call the indicated number. NEGOTIABLETranslated from Armenian",Dec-12-2022_19-57,,,,,,,https://list.am/en/item/18228521
Stone,No,Not available,4,59 sq.m.,2,1,from 2.8 m,2,Closed balcony,Partial Renovation,,,,,,Gegharkunik › Vardenis,"7,500,000 ֏",AMD,"2 + 1 Room.The apartment is located in the center of Vardenis. A school, a kindergarten, a garden and shops are nearby.The apartment is provided with all the communal amenities. It has a closed balcony that can be used as a room. The bathroom and toilet are fully renovatedTranslated from Armenian",Dec-12-2022_19-57,,,,,,,https://list.am/en/item/16927480
Stone,No,Not available,5,63 sq.m.,3,1,from 3 m,1,Open balcony,Partial Renovation,,,,,,"Main Square, Gavar boundary","$14,000",USD,Վաճառվում է բնակարան կաբելագործների փող. 3-սեն. Գազ. Ջուր. Նորմալ վիճակ ու մեծ նկուղ. Շտապ.,Dec-12-2022_19-57,Not available,,,,,,https://list.am/en/item/14276585
Stone,No,Not available,2,53 sq.m.,2,1,from 3 m,2,Not available,Cosmetic Renovation,,,,,,"Nairyan Street, Sevan town","$25,000",USD,"Apartment for sale in the city of Sevan, the apartment is located on the main road. Call for details, negotiable.Translated from Armenian",Dec-12-2022_19-57,Available,,,,,,https://list.am/en/item/17829953
Stone,No,Not available,3,75 sq.m.,3,1,from 2.7 m,2,Open balcony,No Renovation,,,,,,"Եղիշե Չարենցի փողոց 54, Վարդենիս","$12,000",USD,URGENT. An apartment is for sale. It is in state condition. Call the numbers listed for detailsTranslated from Armenian,Dec-12-2022_19-57,By agreement,,,,,,https://list.am/en/item/14075743
Stone,No,Not available,1,260 sq.m.,6,1,from 2.75 m,1,Closed balcony,Major Renovation,,,,,,Gegharkunik › Sevan,"$56,000",USD,"Very good condition, all utilities are available, located within walking distanceTranslated from Armenian",Dec-12-2022_19-57,Available,,,,,,https://list.am/en/item/18070659
Stone,No,Not available,4,86 sq.m.,3,1,from 2.7 m,4,Closed balcony,Cosmetic Renovation,,,,,,Gegharkunik › Sevan,"$38,000",USD,"A modified 3-room apartment on the 4th floor of a four-story stone building is for sale. Replaced by (n005) plate, e. Wires and water pipes changed, clean condition, very bright apartment.The price is $38,000Translated from Armenian",Dec-12-2022_19-57,Available,,,,,,https://list.am/en/item/17984091
Stone,No,Not available,2,63 sq.m.,3,1,from 2.7 m,1,Not available,No Renovation,,,,,,"Sevan street 2/1, Yerevan","$5,000",USD,"K. Sevan. C. Hair. The house is on the first floor of a two-story building, in front of the house there is a plot of about 300 square meters, it has the possibility of a barn, it needs repair next to the garden.Also exchange with a car for an additional fee from you and usTranslated from Armenian",Dec-12-2022_19-57,Not available,,,,,,https://list.am/en/item/15714524
Stone,Yes,Not available,5,47 sq.m.,1,1,from 2.8 m,1,Closed balcony,Partial Renovation,,,,,,Gegharkunik › Sevan,"$24,000",USD,"1-room apartment for sale, converted into 3-room, Czech project.Renovated, high 1st floor. Located on the 2nd micro, has a large basement, box, 10 minutes away from the lake.Real buyers will call.Translated from Armenian",Dec-12-2022_19-57,,,,,,,https://list.am/en/item/17871827
Stone,No,Not available,5,100 sq.m.,4,1,from 3 m,4,Open balcony,Major Renovation,,,,,,Gegharkunik › Sevan,"$56,000",USD,"The apartment is located in the central part of Sean city, in front of the market, it is a 5-storey stone building with high ceilings. Address Nairyan 139. The apartment is fully repaired, heating system is installed, all the windows are of European production, Jacuzzi is installed, all the interior doors are made of pure wood. There is a large storage room. Separate water tanks are installed. In a word, all the amenities are available. It is sunny and very bright. The price includes the property partially. URGENTTranslated from Armenian",Dec-12-2022_19-57,By agreement,,,,,,https://list.am/en/item/17218302
Stone,No,Not available,2,130 sq.m.,5,1,from 2.8 m,2,Closed balcony,No Renovation,,,,,,"Nairyan Street, Sevan town","$90,000",USD,"5-room apartment for sale, 151 Nairyan street, Sevan citystone building, roof repaired130 square meters There is water and electricity, a world of clothes in front of the storeNegotiable priceTranslated from Armenian",Dec-12-2022_19-57,Not available,,,,,,https://list.am/en/item/17678456
Panels,No,Available,9,81 sq.m.,3,1,from 2.8 m,8,Multiple balconies,Cosmetic Renovation,,,,,,"Nairyan Street, Sevan town","$35,000",USD,"3-room apartment is for sale at 141 Nairyan street, in front of the market. The apartment is on the other side, it is ready for living, European windows, heating baxi.In the center of Sean, a beautiful view of the lake and cityTranslated from Armenian",Dec-12-2022_19-57,,,,,,,https://list.am/en/item/16216533
Stone,No,Not available,1,1000 sq.m.,3,1,from 3 m,1,Not available,No Renovation,,,,,,Gegharkunik › Sevan,"$12,000",USD,Վաճառվում է 3 սեն. Սեփական տուն ՝ավտոտնակի հետ միասին Ծովագյուղում։Ունի Հողատարածք և անասնագոմ: Գինը սակարկելի։ Զանգահարել նշված հեռախոսահամարով։,Dec-12-2022_19-57,Available,,,,,,https://list.am/en/item/13160440
Stone,No,Not available,5,42 sq.m.,3,1,from 3 m,1,Not available,Old Renovation,,,,,,Gegharkunik › Martuni,"$40,000",USD,Bargain urgently in the city of Martuni. Privatized. Գ. Ziroyan 29 building 44 apartment. Has the opportunity to move forward.Translated from Armenian,Dec-12-2022_19-57,,,,,,,https://list.am/en/item/16691996
Stone,No,Not available,3,70 sq.m.,3,1,from 2.7 m,3,Closed balcony,Old Renovation,,,,,,Gegharkunik › Chambarak,"$15,000",USD,"Tigran Metsi street, old renovation, the bathroom and the bathroom are tiled, parquet, sunny, gasified, for sale together with the propertyPrice: $15,000Translated from Armenian",Dec-12-2022_19-57,Available,,,,,,https://list.am/en/item/15681622
Stone,No,Not available,3,74 sq.m.,3,1,from 2.7 m,2,Closed balcony,Partial Renovation,,,,,,"Sayat Nova street, Sevan town","$34,000",USD,"3-room apartment for sale in In the center of Sevan, next to the Vahagn store. European windows are installed, the bathroom is tiled. The apartment has a large closed balcony.For details, call the indicated phone number.Translated from Armenian",Dec-12-2022_19-57,Not available,,,,,,https://list.am/en/item/18476614
Stone,No,Not available,5,47 sq.m.,1,1,from 3 m,5,Not available,Old Renovation,,,,,,"Միքայել Նալբանդյանի փողոց, Սևան","$20,950",USD,"It is in residential condition, old repair, there is gas, light and water. The outer door is iron. Living room. Clean and tidy condition. Urgent.Translated from Armenian",Dec-12-2022_19-57,Available,,,,,,https://list.am/en/item/18102564
Stone,Yes,Not available,3,34 sq.m.,1,1,from 3 m,3,Not available,Cosmetic Renovation,,,,,,"Zoravar Andranik street, Yerevan","$25,000",USD,"Продается светлая 1 - комнатная Город Мартуни Находится на 3-м этаже 3-м этажной. Общая площадь этой удобной и просторной квартиры составляет 34 кв. М. Сделан Косметический ремонт Продается вместе с мебелью и техникой+ Земля́ 2,5 Сотк+ Подвал 18 Кв, мԿոդ 0099",Dec-12-2022_19-57,Available,,,,,,https://list.am/en/item/18330718
Panels,No,Not available,5,48 sq.m.,1,1,from 2.7 m,2,Closed balcony,Partial Renovation,,,,,,Gegharkunik › Sevan,"7,500,000 ֏",AMD,"1 room is marked with a sign. Call at Shahumyan 6 for questions, I will call for details, negotiableTranslated from Armenian",Dec-12-2022_19-57,,,,,,,https://list.am/en/item/17379413
Stone,No,Not available,2,24 sq.m.,1,1,from 3 m,1,Open balcony,Cosmetic Renovation,,,,,,"Սայաթ-Նովա փողոց, Սևան","4,000,000 ֏",AMD,"Owned has cold and hot water, exchange with car at your extra cost, preferably Ford Transit, call for details.Translated from Armenian",Dec-12-2022_19-57,By agreement,,,,,,https://list.am/en/item/17419542
Stone,No,Not available,4,78 sq.m.,4,1,from 2.6 m,2,Open balcony,Major Renovation,,,,,,"Erevanyan street, Martuni","18,000,000 ֏",AMD,"The house is in perfect condition, the property and the basement specially made for that house also remain with the house. Address: Yerevanyan Proshyan 4/3 near Armenian Business Bank.Translated from Armenian",Dec-12-2022_19-57,,,,,,,https://list.am/en/item/17121750
Stone,No,Not available,5,48 sq.m.,2,1,from 2.8 m,3,Closed balcony,Cosmetic Renovation,,,,,,"Նաիրյան փողոց 175, Սևան","$25,000",USD,Apartment in Sevan.Translated from Armenian,Dec-12-2022_19-57,Available,,,,,,https://list.am/en/item/18480980
Panels,No,Not available,5,100 sq.m.,3,1,from 2.8 m,5,Closed balcony,Old Renovation,,,,,,Gegharkunik › Sevan,"$35,000",USD,"The apartment is in normal condition, there are all utilities, there is gas, electricity, water, heating system, call for details.Translated from Armenian",Dec-12-2022_19-57,Available,,,,,,https://list.am/en/item/18249599
Stone,No,Not available,1,200 sq.m.,4,1,from 2.8 m,1,Not available,Cosmetic Renovation,,,,,,Gegharkunik › Tsovak,"$27,000",USD,Own house in Tsovak for sale or rentAlong with the propertyIt has a large yardGarageA gardenThe windows are newTranslated from Armenian,Dec-12-2022_19-57,,,,,,,https://list.am/en/item/17954842
Stone,No,Not available,5,41 sq.m.,1,1,from 3 m,3,Closed balcony,Cosmetic Renovation,,,,,,"Nalbandyan street, Sevan town","$20,000",USD,"Nalbandyan 12 apartments, 34 boxes, stoneTranslated from Armenian",Dec-12-2022_19-57,Available,,,,,,https://list.am/en/item/16454093
Panels,No,Not available,9,80 sq.m.,3,1,from 2.8 m,8,Closed balcony,Old Renovation,,,,,,Gegharkunik › Sevan,"$36,000",USD,"Բնակարանը գտնվում է բարվոք վիճակում, մանրահատակը խալի պարկետ, սանհանգույցը ունի վերանորոգման կարիք, ունի ավտոտնակ՝ կիսակառույց_ (4×13) չափերով։Գինը սակարկելիԶանգահարել)",Dec-12-2022_19-57,Not available,,,,,,https://list.am/en/item/13357332
Stone,No,Not available,5,100 sq.m.,3,1,from 2.7 m,5,Open balcony,Partial Renovation,,,,,,"Նալբանդյան փողոց, Սևան","$27,000",USD,"3-room apartment converted into 4 for sale. The apartment is partially renovated. European windows have been installed, the bathroom and kitchen are tiled, the exterior door has been changed, and we have repaired the roof ourselves. The apartment has closed and open balconies, it faces the sun.Translated from Armenian",Dec-12-2022_19-57,Available,,,,,,https://list.am/en/item/18042211
Stone,No,Not available,5,124 sq.m.,6,2,from 2.8 m,4,Multiple balconies,No Renovation,,,,,,"Խաչատուր Աբովյանի փողոց 3, Սևան","$52,000",USD,"Apartment for sale c. In Sevan, on Abovyan street, in the Finnish building, next to the court, close to the 3rd and high schools, there is a kindergarten next to it. The apartment is two-story and is located on the 4th and 5th floors of the building, it is also possible to use the roof (build another floor) It is on the sunny side. It has 2 open balconies, 2 bathrooms, 5 bedrooms, a spacious living room, kitchen, 2 corridors and 2 storage rooms are also available next to the apartment, one of which is located between the 3rd and 4th floors and can be used as a room.The price is negotiable.Translated from Armenian",Dec-12-2022_19-57,,,,,,,https://list.am/en/item/18298905
Stone,No,Not available,4,74 sq.m.,3,1,from 2.6 m,1,Not available,Major Renovation,,,,,,Gegharkunik › Martuni,"$56,000",USD,"The apartment is completely renovated, the entrance door is made of iron, the windows are of European manufacture, the floor is covered with laminate, the kitchen and bathrooms are tiled.It is equipped with all utilities.It is sold together with furniture and appliances.The apartment has another room (not in the pictures), a large hallway and a basement.Translated from Armenian",Dec-12-2022_19-57,Available,,,,,,https://list.am/en/item/18206462
Stone,No,Not available,5,98 sq.m.,4,2,from 3 m,4,Multiple balconies,Old Renovation,,,,,,Gegharkunik › Gavar,"$22,000",USD,It is in a very good condition. Basement is possible with partial paymentTranslated from Armenian,Dec-12-2022_19-57,By agreement,,,,,,https://list.am/en/item/18529796
Stone,No,Not available,5,48 sq.m.,3,1,from 2.75 m,1,Closed balcony,Cosmetic Renovation,,,,,,"Սարգիս Սևանեցու փողոց 7, Սևան","$25,000",USD,Продам 1 комнатную квартиру переделанную на 3 х комнатную. Трубы и канализация заменены. Железная дверь. Метлах в коридоре и в маленькой комнате.Translated from Armenian,Dec-12-2022_19-57,Available,,,,,,https://list.am/en/item/16898388
Bricks,No,Not available,1,3006 sq.m.,1,1,from 3.2 m,1,Not available,No Renovation,,,,,,Gegharkunik › Tsapatagh,"$18,000",USD,It is located in Tsapatagh village on the bank of Shan. Exchange with a car.Translated from Armenian,Dec-12-2022_19-57,,,,,,,https://list.am/en/item/17967397
Stone,No,Not available,5,60 sq.m.,2,1,from 2.8 m,4,Not available,Partial Renovation,,,,,,Gegharkunik › Gavar,"12,000,000 ֏",AMD,A residential building facing the sun is for sale. It is located near the market. The price is negotiable.Translated from Armenian,Dec-12-2022_19-57,,,,,,,https://list.am/en/item/18305606
Stone,No,Not available,5,84 sq.m.,3,1,from 2.7 m,3,Open balcony,Old Renovation,,,,,,"Ազատության փողոց 46, Գավառ","$20,000",USD,"A 3-room apartment is for sale in the city of Gavar.Price negotiable, including furniture and garage $20,000Translated from Armenian",Dec-12-2022_19-57,Available,,,,,,https://list.am/en/item/12852913
Stone,No,Not available,5,67 sq.m.,2,1,from 2.7 m,3,Closed balcony,No Renovation,,,,,,"Ազատության փողոց, Գավառ","7,000,000 ֏",AMD,"2-room apartment for sale,Sunny, warm, gasified, in need of renovationHas a garage spaceTranslated from Armenian",Dec-12-2022_19-57,Not available,,,,,,https://list.am/en/item/18040734
Stone,No,Not available,5,60 sq.m.,2,1,from 2.7 m,2,Multiple balconies,Partial Renovation,,,,,,"Nalbandyan street, Sevan town","10,000,000 ֏",AMD,"It is a very warm apartment, the kitchen and living room windows face south. There is 1 covered balcony that can be used as a 2nd bedroom, also has an open balcony. The No. 1 school, kindergarten, Sevan medical center are located quite close, and it is also very close to the Sevan-Yerevan car park (it is a 5-minute walk) It is a quiet neighborhood, the neighbors are very friendly.Translated from Armenian",Dec-12-2022_19-57,,,,,,,https://list.am/en/item/18516903
Stone,No,Not available,5,60 sq.m.,2,1,from 2.7 m,2,Multiple balconies,Partial Renovation,,,,,,"Nalbandyan street, Sevan town","10,000,000 ֏",AMD,"It is a very warm apartment, the kitchen and living room windows face south. There is 1 covered balcony that can be used as a 2nd bedroom, also has an open balcony. The No. 1 school, kindergarten, Sevan medical center are located quite close, and it is also very close to the Sevan-Yerevan car park (it is a 5-minute walk) It is a quiet neighborhood, the neighbors are very friendly.Translated from Armenian",Dec-12-2022_19-57,,,,,,,https://list.am/en/item/18516909
Stone,No,Not available,4,50 sq.m.,2,1,from 2.75 m,3,Open balcony,Old Renovation,,,,,,Gegharkunik › Martuni,"$24,900",USD,"The apartment is located on Myasnikyan street, next to the municipality. For sale together with the furniture. The apartment is in good condition.Translated from Armenian",Dec-12-2022_19-57,Available,,,,,,https://list.am/en/item/16902442
Stone,No,Not available,3,100 sq.m.,4,1,from 2.8 m,3,Multiple balconies,Cosmetic Renovation,,,,,,"Ազատության փողոցի 4-րդ փակուղի 1, Գավառ","8,500,000 ֏",AMD,Iron entrance door. Renovated uninhabited. There is a basement. A partial payment option is possible in two parts.Translated from Armenian,Dec-12-2022_19-57,Not available,,,,,,https://list.am/en/item/14726415
Stone,No,Not available,3,63 sq.m.,3,1,from 2.75 m,2,Multiple balconies,Major Renovation,,,,,,"Sayat Nova street, Sevan town","$32,000",USD,"It is completely renovated, there is an open and closed balcony, baxi heating system, it is sold with furniture, there is a basement, in case of additional rooms, call!Translated from Armenian",Dec-12-2022_19-57,,,,,,,https://list.am/en/item/18408602
Panels,No,Available,9,80 sq.m.,3,1,from 2.8 m,1,Closed balcony,Cosmetic Renovation,,,,,,"Գրիբոեդով փողոց 8, Սևան","$35,000",USD,Севанум васнарвум н 3 сениак бнакаран.,Dec-12-2022_19-57,Available,,,,,,https://list.am/en/item/13988455
Stone,No,Not available,5,80 sq.m.,3,1,from 3 m,1,Not available,No Renovation,,,,,,"Nalbandyan street, Sevan town","$18,000",USD,Հարմար է առևտրի կետ կամ արտադրամաս կազմակերպելու համար,Dec-12-2022_19-57,Not available,,,,,,https://list.am/en/item/8588240
Stone,No,Not available,1,84 sq.m.,3,1,from 3.2 m,1,Closed balcony,Cosmetic Renovation,,,,,,Gegharkunik › Sevan,"$20,000",USD,"Apartment for sale c. In Sevan, capital renovation is needed to live, on Shinararneri street (no dormitory), 1st floor, separate entrance, 84m. Q is currently leased (on contract) as an office. Call for questions.Translated from Armenian",Dec-12-2022_19-57,Not available,,,,,,https://list.am/en/item/18653278
Stone,No,Not available,5,50 sq.m.,1,1,from 2.8 m,4,Closed balcony,Old Renovation,,,,,,"Շահումյան փողոց, Սևան","$18,500",USD,"A 1-room apartment for sale or rent in the city of Sevan, directly by the owner, with all utilities. You can call for detailed information.Rental price: AMD 40,000Translated from Armenian",Dec-12-2022_19-57,Available,,,,,,https://list.am/en/item/17325673
Stone,No,Not available,5,64 sq.m.,3,1,from 2.7 m,4,Open balcony,Cosmetic Renovation,,,,,,"Եղիշե Չարենցի փողոց 46, Վարդենիս","5,000,000 ֏",AMD,"2 rooms with a closed niche, bright, sunnyTranslated from Armenian",Dec-12-2022_19-57,By agreement,,,,,,https://list.am/en/item/18662667
Stone,No,Not available,5,59 sq.m.,2,1,from 3 m,5,Open balcony,Old Renovation,,,,,,"Բոշնաղյան փողոց 17, Գավառ","$20,000",USD,"The apartment is located in front of the market. Doors and windows of European production, has hot and cold water for details callTranslated from Armenian",Dec-12-2022_19-57,Not available,,,,,,https://list.am/en/item/16990792
Stone,No,Not available,5,100 sq.m.,4,2,from 3 m,5,Open balcony,Euro Renovation,,,,,,Gegharkunik › Gavar,"$75,000",USD,An apartment is for sale in the 3rd part together with the property. It has been renovated and is in perfect condition. It is sunny. There is a taxi system. It is sold without property and with property and equipment. It also has a garage. Price: Negotiable.Translated from Armenian,Dec-12-2022_19-57,Available,,,,,,https://list.am/en/item/18238134
Stone,No,Not available,5,76 sq.m.,3,1,from 3 m,5,Open balcony,Cosmetic Renovation,,,,,,"Lernagorts Street, Vardenis","4,500,000 ֏",AMD,"Vardenis ДОМ КВАРТИРА Վաճառվում է բնակարան շատ չոր ու հարմար քաղաք Վարդենիսում պատուհանները եվրո, բաղնիք-զուգարան կապիտալ վերանորոգած, մաքուր ապրելու տունա։ Գտնվումա 5-րդ հարկում արևկող, չի կաթում կրիշը նոր ենք սարգել։ ՌԵԱԼ ԳՆՈՐԴԻՆ ՍԱԿԱՐԿԵԼՒ tnerПродается квартира в очень сухом и благоустроенном городе Варденис, окна евро, ванная-туалет капитально отремонтирована, чистый жилой дом. Находится на 5 этаже крыша отремонтирована. РЕАЛЬНОМУ ПОКУПАТЕЛЮՀնարավոր է նաև վարձով ամսեկան 60000 դրամ",Dec-12-2022_19-57,Not available,,,,,,https://list.am/en/item/17155412
Stone,No,Not available,5,71 sq.m.,3,1,from 2.8 m,4,Multiple balconies,Euro Renovation,,,,,,"Lernagorts Street, Vardenis","$16,000",USD,"A renovated apartment in the city of Vardenis is for sale or exchange. There is a heating system, a garage...Translated from Armenian",Dec-12-2022_19-57,Available,,,,,,https://list.am/en/item/18396108
Stone,No,Not available,5,93 sq.m.,4,1,from 2.7 m,1,Open balcony,Partial Renovation,,,,,,"Ազատության փողոց 30, Գավառ","8,500,000 ֏",AMD,"Töpli pole, changed the sewage system, changed the electric wires, changed the water supply, the windows are euro, premium quality.Translated from Armenian",Dec-12-2022_19-57,Not available,,,,,,https://list.am/en/item/18402026
Stone,No,Not available,5,54 sq.m.,2,1,from 2.8 m,5,Open balcony,No Renovation,,,,,,"Գարեգին Նժդեհի փողոց 9, Մարտունի","€23,000",EUR,The apartment is located on the BoulevardTranslated from Armenian,Dec-12-2022_19-57,Not available,,,,,,https://list.am/en/item/18676076
Stone,No,Not available,5,67 sq.m.,3,1,from 3.5 m,4,Open balcony,Euro Renovation,,,,,,Gegharkunik › Gavar,"$25,000",USD,"A 3-room apartment is for sale in the city of Gavar. It is renovated in Euro, equipped with all utilities. Possible sale together with the property. Details will be discussed during the phone call.Translated from Armenian",Dec-12-2022_19-57,Not available,,,,,,https://list.am/en/item/18145481
Stone,No,Not available,3,40 sq.m.,2,1,from 2.7 m,3,Open balcony,Partial Renovation,,,,,,"Ազատության փողոց 16, Գավառ","$15,800",USD,"Urgent very urgent Apartment for sale, on the 3rd floor of a 3-storey building, the apartment has all utilitiesFacilities, constant hot and cold water, gas, the bathroom is tiled, located at 15 Azatutyun street, Araj lineTranslated from Armenian",Dec-12-2022_19-57,Available,,,,,,https://list.am/en/item/10094755
Stone,No,Not available,5,40 sq.m.,2,1,from 2.75 m,1,Closed balcony,Old Renovation,,,,,,"Ազատության փողոց, Գավառ","$16,000",USD,"A 1-room apartment is for sale in the city of Gavar - on Azatutyun Street1st floor of stone building.The apartment is partially renovated.The pipes and wires have been changed, the floor has been leveled (syaschka)Windows partially replaced.For more information call:Translated from Armenian",Dec-12-2022_19-57,Not available,,,,,,https://list.am/en/item/18671120
Stone,No,Not available,5,80 sq.m.,3,2,from 2.8 m,2,Not available,Major Renovation,,,,,,"Khaghagutyan street, Sevan town","100,000 ֏",AMD,"For rent, price, call for contract detailsTranslated from Armenian",Dec-12-2022_19-57,Available,,,,"Air conditioner, fridge, stove, washing machine","Street view, city view, park view",https://list.am/en/item/18606751
Stone,No,Not available,5,41 sq.m.,1,1,from 2.7 m,4,Closed balcony,Old Renovation,,,,,,Gegharkunik › Vardenis,"3,200,000 ֏",AMD,"A one-room apartment with a niche, converted into 2 rooms, is for sale, located in the busiest part of the park.Translated from Armenian",Dec-12-2022_19-57,Not available,,,,,,https://list.am/en/item/18646324
Stone,Yes,Not available,5,72 sq.m.,3,1,from 3 m,3,Open balcony,Old Renovation,,,,,,"Erevanyan street, Vardenis","5,000,000 ֏",AMD,Վաճառվում է 3 սենյականոց բնակարան Վարդենիս քաղաքում՝ հինգ հարկանի քարե շենք երրորդ հարկում։ Ունի նաև ավտոտնակ և բակում հողատարածք։,Dec-12-2022_19-57,Available,,,,,Street view,https://list.am/en/item/18369312
Stone,No,Not available,5,99 sq.m.,4,1,from 2.7 m,1,Closed balcony,Major Renovation,,,,,,"Ազատության փողոցի 4-րդ փակուղի 1, Գավառ","$34,000",USD,"Quotes.A four-room apartment is for sale in Gavar, near the school. It is in a capitally renovated state, has all the amenities, permanent water, gas, heating as well as a floor-standing oven, a garage and a chat room.Translated from Armenian",Dec-12-2022_19-57,Available,,,,,,https://list.am/en/item/16677844
Stone,No,Not available,3,36 sq.m.,2,1,from 2.8 m,3,Not available,Euro Renovation,,,,,,"Mamikonyan street 4, Martuni","$20,000",USD,"Վերանորոգված, չբնակեցված",Dec-12-2022_19-57,Not available,,,,,,https://list.am/en/item/12361407
Stone,No,Not available,4,50 sq.m.,2,1,from 2.7 m,3,Closed balcony,Old Renovation,,,,,,Gegharkunik › Sevan,"$25,000",USD,Дом не ремантирован,Dec-12-2022_19-57,Not available,,,,,,https://list.am/en/item/18662031
Stone,Yes,Available,9,88 sq.m.,2,1,from 2.5 m,1,Open balcony,Major Renovation,,,,,,"Nairyan Street 13, Sevan town","$30,000",USD,"3 Room Flat near stadium, in Sevan for sale. 1of 9 floorsMajor renovation done. Stone building",Dec-12-2022_19-57,Available,,,,,,https://list.am/en/item/18362565
Panels,No,Available,9,90 sq.m.,4,1,from 2.75 m,6,Closed balcony,Old Renovation,,,,,,Gegharkunik › Sevan,"$45,000",USD,"A 4-room apartment is urgently for sale in the city of Sevan. The price is negotiable. For details, call or on the spot.It has all utilities, it is sunny, there are schools and a kindergarten nearby. Center...Translated from Armenian",Dec-12-2022_19-57,Available,,,,,City view,https://list.am/en/item/18565603
Panels,No,Available,9,67 sq.m.,3,1,from 2.75 m,1,Closed balcony,No Renovation,,,,,,"Khaghagutyan street, Sevan town","$25,000",USD,"10 minutes walk from the apartment to Lake Sanaa, and only 3 minutes by car.We bought it in the 2000s for a vacation. We have not used it at all for about 10 years. The apartment needs renovation. Suitable for serving as a hostel, shop, office or other commercial space.Translated from Armenian",Dec-12-2022_19-57,Available,,,,,,https://list.am/en/item/16786247
Stone,No,Not available,2,60 sq.m.,2,1,from 2.8 m,1,Open balcony,Euro Renovation,,,,,,Gegharkunik › Sevan,"$20,000",USD,"2-room apartment is for sale in Chkalovka village, Sean city, 1 street, 5 building, 3b. It has all the communal facilities, Euro windows, it is on the side, it has a bathroom, a shower room. The apartment is for sale at a distance of about 200 meters from the lake. It is a comfortable warm apartment ready for accommodation.Translated from Armenian",Dec-12-2022_19-57,,,,,,,https://list.am/en/item/17665167
Stone,No,Not available,4,46 sq.m.,2,1,from 2.6 m,2,Closed balcony,Cosmetic Renovation,,,,,,Gegharkunik › Chambarak,"$11,500",USD,"The apartment has permanent water and gas, it faces the sun, it has its own basement. It is 15 km away from Lake Sevan, and there are shops, a school, and a hospital next to the apartment. For sale with partial ownership. In case of questions, call the indicated phone number.Translated from Armenian",Dec-12-2022_19-57,Available,,,,,,https://list.am/en/item/18015742
Stone,No,Not available,5,78 sq.m.,3,1,from 2.75 m,5,Closed balcony,Major Renovation,,,,,,"Nalbandyan street, Sevan town","15,300,000 ֏",AMD,"The apartment is completely renovated. It has a permanent heating system, a storage room (chulan) built at the expense of the porch. It is ready for occupancy. In case of other questions, you can call the same number at 094.Translated from Armenian",Dec-12-2022_19-57,,,,,,,https://list.am/en/item/18138897
Stone,No,Not available,5,72 sq.m.,3,1,from 2.8 m,5,Multiple balconies,Old Renovation,,,,,,Gegharkunik › Vardenis,"$13,000",USD,Call for detailsTranslated from Armenian,Dec-12-2022_19-57,Available,,,,,,https://list.am/en/item/18170432
Monolith,No,Not available,5,90 sq.m.,4,1,from 2.8 m,1,Open balcony,Cosmetic Renovation,,,,,,"Nalbandyan street 41, Yerevan","$25,000",USD,"The apartment is located in Shan city, Nalbandyan str. , Has a shop on both sides with its basement, is in a normal living condition Exchange it with an equivalent car;Translated from Armenian",Dec-12-2022_19-57,Not available,,,,,,https://list.am/en/item/14665168
Stone,No,Not available,3,38 sq.m.,1,1,from 2.7 m,2,Open balcony,Major Renovation,,,,,,Gegharkunik › Sevan,"$23,000",USD,"It is a sunny, warm apartment, with all utilities (hot water) Renovated, ready to move in. It is sold with the whole property. It is also given with a daily rent of 10,000 AMD, and a monthly rent of 100,000 AMD. The price is not negotiable.Translated from Armenian",Dec-12-2022_19-57,Available,,,,,,https://list.am/en/item/18354204
Panels,No,Not available,5,45 sq.m.,1,1,from 2.8 m,4,Closed balcony,No Renovation,,,,,,"Ազատության փողոց 21, Գավառ","$7,000",USD,"Apartment in Gavar, 2 Azatutyun street, 2nd passage, it is a 1-room apartment, but you can make it into 2 rooms, it is with a niche.Translated from Armenian",Dec-12-2022_19-57,Not available,,,,,,https://list.am/en/item/18564667
Stone,No,Not available,4,32 sq.m.,2,1,from 3.2 m,3,Multiple balconies,Euro Renovation,,,,,,"Կարմիր Բանակի փողոց, Սևան","$35,000",USD,"2-room renovated apartment in the center of Shan.The price includes all the furniture (completely new), basement, and garage. There is a bad վրա viber on the number, just call or write thereTranslated from Armenian",Dec-12-2022_19-57,Available,,,,,,https://list.am/en/item/17858280
Stone,No,Not available,1,2000 sq.m.,4,1,from 2.5 m,1,Not available,Partial Renovation,,,,,,Gegharkunik › Vardenis,"6,000,000 ֏",AMD,"The house is located in Pambak village of Vardenis region. 4 rooms and 1 balcony. There is land next to the house, 2 barns, productive trees in the garden, fertile soil, the bathroom and the bathroom together have been completely renovated with euro door and window, the exterior and interior doors of the house are euro doors, the windows in both rooms are euro, permanent water, there is also a solar water heater. It opens from the garden. Beautiful view of Lake Sevan, you can walk to the shore in 10 minutes. The price is negotiable.Translated from Armenian",Dec-12-2022_19-57,By agreement,,Outdoor parking,,,"Yard view, park view",https://list.am/en/item/18640541
Stone,No,Not available,5,93 sq.m.,4,1,from 2.8 m,5,Closed balcony,Major Renovation,,,,,,"Улица Саркиса Севанеци 7, Севан","$65,000",USD,"Selling a 4-room apartment in the city of Sevan, in 3 micro-neighborhoods. It was completely renovated 10 years ago with a comfortable modification and interesting solutions. It has not been inhabited in the last 6 years, it is in perfect condition. It is a bright, sunny apartment. It has a separate storage room on the roof. Lake Sevan can be seen from the balcony, 5-10 minutes walk to the city beach. The apartment is sold with furniture for $65,000, without furniture for $60,000. For additional questions, call the Russian number (Viber, Whatsapp) or write a message. Do not call the Armenian number, it is not the owner of the house.The price is negotiable.Translated from Armenian",Dec-12-2022_19-57,Available,,,,,,https://list.am/en/item/16938251
Stone,No,Available,5,63 sq.m.,2,1,from 2.8 m,5,Closed balcony,Cosmetic Renovation,,,,,,"Պռոշյան փողոց, Մարտունի","$22,000",USD,"A good apartment is for sale urgently. If you have any questions, write to me. The number is not workingTranslated from Armenian",Dec-12-2022_19-57,,,,,,,https://list.am/en/item/18339877
Stone,No,Not available,5,91 sq.m.,4,1,from 2.8 m,4,Multiple balconies,Partial Renovation,,,,,,"Улица Егише Чаренца 48, Варденис","$13,500",USD,"The apartment is located on the 4th floor of a 5-storey building in Vardenis. It is partially renovated, 91 sq. M. There is hot-cold water (with separate water line), gas water heater, kitchen and bathroom tiled, rooms are parquet, 2 balconies, the price includes a mobile garage. For more information callTranslated from Armenian",Dec-12-2022_19-57,Not available,,,,,,https://list.am/en/item/16797082
Stone,No,Not available,4,70 sq.m.,3,1,from 2.8 m,1,Closed balcony,No Renovation,,,,,,Gegharkunik › Sevan,"14,200,000 ֏",AMD,"Квартира без ремонта, прсредников не беспокоить. Торг.",Dec-12-2022_19-57,,,,,,,https://list.am/en/item/18411920
Stone,No,Not available,3,39 sq.m.,2,1,from 2.75 m,1,Not available,No Renovation,,,,,,Gegharkunik › Sevan,"$20,000",USD,A 2-room apartment is for sale in Kayaran district of Sevan city. Not repaired.Translated from Armenian,Dec-12-2022_19-57,Not available,,,,,,https://list.am/en/item/18558929
Stone,No,Not available,5,72 sq.m.,3,1,from 2.7 m,4,Closed balcony,Partial Renovation,,,,,,"Улица Азатутян 46, Гавар","$15,000",USD,"Вачарвуме 3 сеняканоц бнакаран Гавар кахаки Азатуцян похоц 50 шенк 4 арг. Бнакаране аревкохме, така, аранц ремонти. Гуйки ет миасин. Бнакаранум март чи бнаквум. Уни нкух ев кисакаруц автотнак. Гине кам 15000 доллар, кам 850000 рубли.",Dec-12-2022_19-57,Available,,,,,,https://list.am/en/item/15848553
Stone,No,Not available,5,76 sq.m.,3,1,from 2.7 m,4,Not available,Euro Renovation,,,,,,"Երիտասարդության փողոց, Վարդենիս","4,556,250 ֏",AMD,"The property is in the RACP auction.Gegharkunik marz, c. Vardenis, Yeritatunyan street, building 11, apartment number 25: 76.5 square meters. 4th floor of a 5-storey building. The walls of the building are made of stone, the floor between the floors is made of reinforced concrete, the entrance door is made of metal, the interior doors are made of wood, the windows are made of plastic, it has water, electricity. Electricity, gas, sewage.You can also purchase the presented property through lending by the Bank, with the current lending terms and rates.! Attention!The property is encumbered by actual users, whose eviction and all necessary costs and actions arising from the contract will be carried out by the successful bidder.Translated from Armenian",Dec-12-2022_19-57,Not available,,,,,Street view,https://list.am/en/item/18628547
Stone,No,Not available,3,46 sq.m.,2,1,from 2.6 m,3,Not available,Partial Renovation,,,,,,Gegharkunik › Sevan,"$26,000",USD,The apartment faces the sun and is ready for occupancy. Also available for rent.Translated from Armenian,Dec-12-2022_19-57,Not available,,Outdoor parking,,,,https://list.am/en/item/18628375
Stone,No,Not available,4,86 sq.m.,4,1,from 2.8 m,3,Multiple balconies,Partial Renovation,,,,,,Gegharkunik › Martuni,"$55,000",USD,"A 4-room apartment is for sale, it has constant hot and cold water, gas, a gas boiler, the windows have been changed to Euro, it is very sunny. You can call for details.Translated from Armenian",Dec-12-2022_19-57,By agreement,,,,,,https://list.am/en/item/18248173
Stone,No,Not available,5,72 sq.m.,3,1,from 2.8 m,3,Open balcony,Partial Renovation,,,,,,"Lernagorts Street, Vardenis","$12,000",USD,"Partial repair of the taxi system, call for details.Translated from Armenian",Dec-12-2022_19-57,,,,,,,https://list.am/en/item/18415801
Stone,No,Not available,4,42 sq.m.,2,1,from 3 m,2,Not available,No Renovation,,,,,,"Nalbandyan street, Yerevan","$10,000",USD,"2 rooms, clean condition, in the central part of Sevvan city, very close to school, kindergarten, big supermarket, near the bus stop. Write to WhatsApp of the specified numberTranslated from Armenian",Dec-12-2022_19-57,Not available,,,,,,https://list.am/en/item/18159489
Stone,No,Not available,5,48 sq.m.,3,1,from 2.8 m,1,Closed balcony,Cosmetic Renovation,,,,,,Gegharkunik › Sevan,"$25,000",USD,"Продам 1 комнатную квартиру сделанную на 3-х комнатную со всеми удобствами. 48 кв. М. 1 этаж, косметический ремонт. Железная дверь",Dec-12-2022_19-57,,,,,,,https://list.am/en/item/18473213
Panels,No,Available,9,84 sq.m.,4,1,from 2.8 m,1,Closed balcony,Old Renovation,,,,,,Gegharkunik › Sevan,"$35,000",USD,The apartment is in state condition-gas-waterThere is a basement of 50 square meters-Plot 300-400 sq. M.NEGOTIABLEIt is possible to exchange an apartment with me in Yerevan for an additional feeTranslated from Armenian,Dec-12-2022_19-57,,,,,,,https://list.am/en/item/16967571
Panels,No,Available,9,81 sq.m.,3,1,from 2.7 m,7,Closed balcony,Old Renovation,,,,,,"Griboyedov street, Sevan town","$31,000",USD,"City in Sevan, EDSK, old renovation, carpet flooring, euro windows, built-in wardrobes, heating system, permanent water, the apartment is empty, Beautiful view of Sevan, entrance, storage room, cost $ 31,000Translated from Armenian",Dec-12-2022_19-57,,,,,,,https://list.am/en/item/17713768
Stone,No,Not available,5,75 sq.m.,3,1,from 2.8 m,2,Open balcony,Partial Renovation,,,,,,Gegharkunik › Martuni,"$45,000",USD,"An apartment is for sale in the city of Martuni, constant hot and cold water, heating system, euro windows, it is sold together with furniture and appliances.Translated from Armenian",Dec-12-2022_19-57,,,,,,,https://list.am/en/item/18010339
Stone,No,Not available,5,65 sq.m.,2,1,from 3 m,5,Open balcony,Partial Renovation,,,,,,Gegharkunik › Chambarak,"$15,000",USD,2 rooms in Zavaskoy with 2 niches open and closed balcony. The closed balcony is also converted into a room. Garage and small barn for sale. Also separate. Call for questions.Translated from Armenian,Dec-12-2022_19-57,,,,,,,https://list.am/en/item/18526054
Panels,No,Available,9,83 sq.m.,3,1,from 2.75 m,8,Closed balcony,Old Renovation,,,,,,Gegharkunik › Sevan,"$35,000",USD,View from the window to the lake. 15 minute leisurely walk to the coast. Price: Negotiable. Call the second number.Translated from Armenian,Dec-12-2022_19-57,,,,,,,https://list.am/en/item/18034499
Stone,No,Not available,3,42 sq.m.,2,1,from 2.6 m,1,Not available,Partial Renovation,,,,,,Gegharkunik › Sevan,"$19,000",USD,Apartment for sale in Shan city. Call the price for negotiable detailsTranslated from Armenian,Dec-12-2022_19-57,,,,,,,https://list.am/en/item/17895255
Stone,No,Not available,2,90 sq.m.,4,1,from 2.6 m,2,Not available,Cosmetic Renovation,,,,,,Gegharkunik › Vardenis,"$16,000",USD,"The house is located in Shatjrek village. Has all the utilities. For 4 room + kitchen questions, call the mentioned numberTranslated from Armenian",Dec-12-2022_19-57,,,,,,,https://list.am/en/item/17949287
Stone,Yes,Not available,3,52 sq.m.,2,1,from 2.7 m,3,Open balcony,Old Renovation,,,,,,"Lernagorts Street 1, Vardenis","4,200,000 ֏",AMD,"Վաճառվում է 2 սենյականոց բնակարան, քաղաք Վարդենիսում, Լեռնագործների փողոց քարե շենքի 3/3 հարկում, ունի բաց պատշգամբ, մոտակայքում կան խանութներ, մոտ է նաև դպրոցին։ Տանիքը վերանորոգված է։ Կա նաև նկուղ։ Վաճառվում է գույքով և տեխնիկայով։",Dec-12-2022_19-57,,,,,,,https://list.am/en/item/13823934
Panels,Yes,Available,9,78 sq.m.,3,1,from 2.75 m,9,Closed balcony,Cosmetic Renovation,,,,,,"Sayat Nova street, Sevan town","$40,000",USD,"A 3-room apartment in the city of Sevan is for immediate sale.With utilities (gas, electricity, hot-cold water), euro windows, iron door, Squirrel heating system.The walls are thickenedReady for occupancy.SUN SIDEI will rent it for no less than 150,000 per month and most importantly with a single contractTranslated from Armenian",Dec-12-2022_19-57,,,,,,,https://list.am/en/item/10041738
Stone,No,Not available,5,56 sq.m.,2,1,from 3.2 m,1,Multiple balconies,Old Renovation,,,,,,Gegharkunik › Martuni,"$35,000",USD,The apartment has cosmetic works and also has a basement and room to add one room. The apartment can also be used as a hair salon. There is no exchange. Call for questions.Translated from Armenian,Dec-12-2022_19-57,,,,,,,https://list.am/en/item/18340293
Stone,No,Not available,5,75 sq.m.,3,1,from 2.8 m,3,Open balcony,Old Renovation,,,,,,Gegharkunik › Gavar,"$19,000",USD,"The apartment is located in Azatutyun 49 (electronics) building, it has a 12-meter garage, it can be sold together with the property, negotiable. For questions, call WhatsApp or ViberTranslated from Armenian",Dec-12-2022_19-57,,,,,,,https://list.am/en/item/18233040
Stone,Yes,Not available,3,220 sq.m.,4,1,from 3.2 m,3,Open balcony,Major Renovation,,,,,,Gegharkunik › Gavar,"$35,000",USD,"Private house for sale in Gavar city.• Address: Movsisyan 23, next to Unibank.Translated from Armenian",Dec-12-2022_19-57,,,,,,,https://list.am/en/item/18379960
Stone,No,Not available,4,25 sq.m.,2,1,from 2.8 m,4,Not available,Old Renovation,,,,,,Gegharkunik › Sevan,"$4,000",USD,The apartment is located in the dormitory building.There is no bathroom in the apartment.Translated from Armenian,Dec-12-2022_19-57,,,,,,,https://list.am/en/item/17836197
Stone,Yes,Not available,5,66 sq.m.,2,2,from 3 m,4,Closed balcony,Old Renovation,,,,,,"Erevanyan street, Martuni","$30,000",USD,"It is gasified, has an open and closed balcony.Translated from Armenian",Dec-12-2022_19-57,,,,,,,https://list.am/en/item/17753413
Stone,No,Not available,5,76 sq.m.,3,1,from 2.8 m,1,Closed balcony,No Renovation,,,,,,Gegharkunik › Martuni,"$45,000",USD,"Продаю квартиру, ул. Зирояна 25. 1 этаж, наличие подвала - вход из квартиры. Своя отдельная канализация и вода! Есть возможность оформить как некоммерческую недвижимость, открыв вход с торца здания.",Dec-12-2022_19-57,,,,,,,https://list.am/en/item/18487427
Stone,No,Not available,5,53 sq.m.,2,1,from 2.75 m,1,Closed balcony,Designer Renovation,,,,,,Gegharkunik › Sevan,"$26,500",USD,"1-room apartment with Nisha, converted into 3 rooms. The entrance door is iron, there is a basement from the middle of the house, the windows are euro, the house faces the sun. The building is located 1.5 km from Lake Sevan. For sale very urgently, without an intermediary... Address Griboedov 9 building Sevan... Only real buyers should call.Translated from Armenian",Dec-12-2022_19-57,By agreement,,,,,,https://list.am/en/item/17255178
Stone,No,Not available,4,58 sq.m.,3,1,from 2.8 m,4,Open balcony,Old Renovation,,,,,,"Hambardzumyan Str, Vardenis","$15,000",USD,"The apartment is bright, on both sides. It is provided with constant hot and cold water. It is in a state condition. (near the college)Translated from Armenian",Dec-12-2022_19-57,,,,,,,https://list.am/en/item/17627480
Stone,No,Not available,1,100 sq.m.,3,3+,from 2.7 m,1,Open balcony,Euro Renovation,,,,,,"Zor. Andranik Str, Gavar","$20,000",USD,Кабелагорцнер 3 сеняаканоц бнакаран 100 каракуси уни100 каракуси патвал тан пес вешера меча ремонта нор,Dec-12-2022_19-57,,,,,,,https://list.am/en/item/15707544
Stone,No,Not available,5,63 sq.m.,2,1,from 3 m,2,Closed balcony,Cosmetic Renovation,,,,,,Gegharkunik › Chambarak,"$10,000",USD,"The apartment is in good condition, on the 2nd floor, it also has an open balcony, it is equipped with all utilities, it is sold with the existing property.Translated from Armenian",Dec-12-2022_19-57,,,,,,,https://list.am/en/item/17547910
Panels,No,Not available,3,42 sq.m.,3,1,from 2.7 m,3,Closed balcony,Designer Renovation,,,,,,"Միքայել Նալբանդյանի փողոց 35, Սևան","$30,000",USD,"The apartment has been renovated, 2 rooms have been changed, 3 rooms have been left, the roof has also been repaired, if you have any questions, please callTranslated from Armenian",Dec-12-2022_19-57,,,,,,,https://list.am/en/item/18238192
Panels,No,Available,9,36 sq.m.,1,1,from 2.75 m,9,Not available,Major Renovation,,,,,,Gegharkunik › Sevan,"$13,000",USD,Exchange with a car is possible.Translated from Armenian,Dec-12-2022_19-57,,,,,,,https://list.am/en/item/17928344
Stone,No,Not available,5,50 sq.m.,1,1,from 2.7 m,5,Multiple balconies,Cosmetic Renovation,,,,,,"Սարգիս Սևանեցու փողոց, Սևան","$25,000",USD,One room with nicheTranslated from Armenian,Dec-12-2022_19-57,,,,,,,https://list.am/en/item/18339404
Stone,No,Not available,5,76 sq.m.,3,1,from 2.8 m,5,Open balcony,Old Renovation,,,,,,"Ազատության փողոցի 4-րդ փակուղի 1, Գավառ","$15,000",USD,"The roof is repaired, tiled. The apartment needs renovation. Azatutyan street 54 building 24 aptTranslated from Armenian",Dec-12-2022_19-57,,,,,,,https://list.am/en/item/17758770
