Type,Floor Area,Furniture,Elevator,Location from the Street,Entrance,Lease Type,Minimum Rental Period,Prepayment,Utility Payments,Address,Price,Currency,Description,Datetime,Parking,Links,Construction Type
Retail Space,55 sq.m.,Not available,Not available,First Line,Common from the Street,Direct Lease,1 year,By Agreement,Not included,"Erevanyan street, Ijevan","180,000 ֏",AMD,"Office and commercial space for rent on Yerevanyan street, Ijevan, (M-4 road) in front of the market, on the 2nd floor of a 2-story building. It is located next to Baze supermarket. For more information call.Translated from Armenian",Nov-24-2022_22-31,,https://list.am/en/item/16056491,
Industrial and Manufacturing,2700 sq.m.,,,,,,,,,"Yerevanyan street, Noyemberyan","150,000 ֏",AMD,"Предлагаю производственное помещение (мебельное производство из древесины) со всеми необходимыми станками, полностью готовой к работе. Помещение состоит из производственного цеха 480 м2, подсобное помещение, 2 гаража, складское помещение и открытая площадка для складирования груза.Территория полностью загорожена с каменным забором из туфа, проведено электричество на 380v.Очень удобный трафик, находится рядом с государственной магистрали Армения - Грузия, всего 10 км от границы с Грузией. Можно переквалифицировать на любое другое производство (блоки, черепица, тротуарный камень...), или использовать для складирования транзитных грузов.Бизнес готовый и не требует больших вложении!По всем вопросам просим связаться по телефонам:",Nov-24-2022_22-31,,https://list.am/en/item/18034856,
Everything Else,400 sq.m.,Available,Available,First Line,Separate from the Courtyard,Direct Lease,1 month,By Agreement,Included,Tavush › Dilijan,"30,000 ֏",AMD,"Code 0111Daily rental booths on Clear Lake Road.In the garden, private area, water, electricity, bathroom, barbecuePrice by quantityBig booth for 40 people, 40,000 dramsSmall booth for 25 people, AMD 30,000Provisions+ Entry 13.00 Exit 12.00+ If you stay until evening, the price of 1 more day will be charged+ PREPAYMENT is REQUIRED to reserve the house.+ If you cancel the reservation, the advance payment is NOT refundable+ Other cases related to advance payment are subject to negotiation (eg canceling one house booking another house through us)+ After presenting the advance payment voucher (Viber, WhatsApp or other option) BOOKING IS CONFIRMED.Dear customer, click on the NAME to get acquainted with all our announcements.We also offer you gift cards worth 10,000-15,000-25,000-35,000-50,000 AMD.Code 0111-Translated from Armenian",Nov-24-2022_22-31,,https://list.am/en/item/17687501,
Warehouse,100 sq.m.,,,,,,,,,Tavush › Ayrum,"60,000 ֏",AMD,"First lane, drinking water, three-phase electricity on the side of Ayrum Haghtanak road for rentSuitable for the refrigeratorTranslated from Armenian",Nov-24-2022_22-31,,https://list.am/en/item/17595624,
Hotel,60 sq.m.,,,,,,,,,Tavush › Dilijan,"250,000 ֏",AMD,"A guest house for 6-8 people is for long-term rent. Furnished as needed, completely renovated, keeping the old style, there is wi fi connection, baxi heating system, beautiful yard for a complete relaxation.Translated from Armenian",Nov-24-2022_22-31,,https://list.am/en/item/17999868,
Multifunctional Space,240 sq.m.,,,,,,,,,Tavush › Ijevan,"150,000 ֏",AMD,"Торговый центр в с. Хаштарак - магазин, кафе, хлебопекарня.",Nov-24-2022_22-31,,https://list.am/en/item/17395111,
Multifunctional Space,240 sq.m.,,,,,,,,,Tavush › Ijevan,"150,000 ֏",AMD,"Торговый центр в с. Хаштарак - магазин, кафе, хлебопекарня.",Nov-24-2022_22-31,,https://list.am/en/item/17395107,
Multifunctional Space,240 sq.m.,,,,,,,,,Tavush › Ijevan,"150,000 ֏",AMD,"Торговый центр в с. Хаштарак - магазин, кафе, хлебопекарня.",Nov-24-2022_22-31,,https://list.am/en/item/17395109,
Retail Space,72 sq.m.,Available,Not available,First Line,Common from the Street,Direct Lease,1 month,Without prepayment,Included,"Ankakhutyan Street, Ijevan","$100,000",USD,Two well-profitable shops for sale in the center of Ijani (Meat Passage and Yammy fast food outlet) will not be lacking in customers. For sale together with the whole property.Translated from Armenian,Nov-24-2022_22-31,,https://list.am/en/item/16014227,
Retail Space,20 sq.m.,,,,,,,,,Tavush › Dilijan,"120,000 ֏",AMD,"An operating meat and food store, everything can be said to be new.For rentTranslated from Armenian",Nov-24-2022_22-31,,https://list.am/en/item/18324254,
Everything Else,50 sq.m.,Available,Not available,First Line,Common from the Street,Direct Lease,2 years,By Agreement,Included,Tavush › Koghb,"40,000 ֏",AMD,A building with a spare part of 50 square meters is for rent in Koghb villageTranslated from Armenian,Nov-24-2022_22-31,,https://list.am/en/item/17634506,
Industrial and Manufacturing,2000 sq.m.,Not available,Not available,Other,Common from the Street,Direct Lease,6 months,1 month,Not included,"Անկախության փողոց 18, Իջևան",100 ֏,AMD,"A public area with a total area of 2000 square meters is for rent, of which 796 square meters is a building. The area is located in the city of Ijevan. There is three-phase current in the building.It can also be rented in parts, in this case the price is negotiable.Sale is also possible.It can serve as a production area, warehouse, drying room, refrigerator, slaughterhouse.It is also possible to sell partially: AMD 1000 per square meter.A SPECIAL TERM IS AVAILABLE: AMD 1 per square meter for large electricity consumers.#refrigerator#refrigerator:#warehouse#space for rentTranslated from Armenian",Nov-24-2022_22-31,,https://list.am/en/item/16078444,
Functioning Business,600 sq.m.,Available,Not available,First Line,Separate from the Street,Direct Lease,1 year,By Agreement,Not included,"Շահումյան փողոց 26, Դիլիջան",100 ֏,AMD,"Сдается в аренду готовый, прибыльный, действующий бизнес (на данный момент АВТОСЕРВИС + КАФЕ), коммерчиские помещения и площадь в г. Дилижане. Предоставляется права на изменения типа бизнеса, заниматься любой другой деятельностью! Имеется возможность для разширения (общ. Площадь 600кв/м)! Подходят для реализации услуг в разных сферах: Кафе-бар-ресторан, отель, посуточая сдача комнат, котеджей (1 уже имеется), салон красоты, магазины, офисные помещения, склады, …Цена договорная! Цена договорная! Свяжитесь по телефону! На письма не отвечаем!Ready-made, profitable, operating business for rent (at the moment CAR SERVICE + CAFE), commercial premises and an area in Dilijan. The right to change the type of business is granted, to engage in any other activity! There is an opportunity for expansion (total area 600 sq / m)! Suitable for the implementation of services in various areas: Cafe-bar-restaurant, hotel, daily rent of rooms, cottages (1 already available), beauty salon, shops, office space, warehouses... The price is negotiable! Contact by phone! We do not reply to messages.Տրվում են վարձով կոմերցիոն տարածքներ Դիլիջանում: Հարմար են ծավալելու ցանկացած գործունեություն՝ օրավարձով և երկարաժամկետ սենյակներ, խանութներ, գեղեցկության սրահ, օֆիսներ, գրասենյակներ, պահեստներ, ավտոտեխսպասարկում, սպասարկում ցանկացած ոլորտում. Գործել են որպես ավտոլվացման և ավտոտեխսպասարկման կետեր, սրճարան-բար-ռեստորան: Առկա է նաև նորակառույց քոթեջ:Մանրամասների համար զանգահարեք: Հաղորդագրություններին չենք պատասխանում:",Nov-24-2022_22-31,,https://list.am/en/item/16806331,
Multifunctional Space,315 sq.m.,By agreement,Available,First Line,Common from the Street,Direct Lease,1 year,By Agreement,Not included,"Улица Ереванян 7/7, Иджеван","450,000 ֏",AMD,"Տրվում է վարձով կոմերցիոն եռահարկ շինություն բոլոր տեսակի հասարակական գործունեության համար, առկա է ավտոկայանատեղի ։Сдается трехэтажное коммерческое здание для всех видов общественной деятельности, есть автостоянка.",Nov-24-2022_22-31,,https://list.am/en/item/15663933,
Office Space,500 sq.m.,,,,,,,,,Tavush › Ijevan,"$1,000",USD,A pass for the IT sector in the center of the inn is providedTranslated from Armenian,Nov-24-2022_22-31,,https://list.am/en/item/18034886,
Office Space,20 sq.m.,,,,,,,,,Tavush › Ijevan,"110,000 ֏",AMD,"In the center of Ijevan, suitable for various activities…Translated from Armenian",Nov-24-2022_22-31,,https://list.am/en/item/17901076,
Office Space,37 sq.m.,,,,,,,,,"Մելիքբեկյան փողոց 4, Իջևան","60,000 ֏",AMD,"The area is located next to the House of Culture of Ijevan, it has 2 entrances, from the side of the House of Culture and from the side of the former turnpike.Translated from Armenian",Nov-24-2022_22-31,,https://list.am/en/item/18205841,
Everything Else,500 sq.m.,,,,,,,,,Tavush › Dilijan,"25,000 ֏",AMD,"The pavilion is rented on a daily basis, it is located next to the Haghartsin church.Translated from Armenian",Nov-24-2022_22-31,,https://list.am/en/item/18058221,
Everything Else,300 sq.m.,,,,,,,,,Tavush › Dilijan,"20,000 ֏",AMD,"The pavilion is located on the way to Haghartsin church, on the river bank.Translated from Armenian",Nov-24-2022_22-31,,https://list.am/en/item/17599836,
Multifunctional Space,200 sq.m.,Available,Available,First Line,Common from the Street,Direct Lease,2 years,1 month,Included,"Улица Калинина 220, Дилижан","1,000 ֏",AMD,"A new building of 200 square meters with 3 floors is for rent, it has all the facilities, it is located in the city of Dilijan on the road to Vanadzor.The price is contractualTranslated from Armenian",Nov-24-2022_22-31,,https://list.am/en/item/18225113,
Multifunctional Space,75 sq.m.,Available,Not available,First Line,Common from the Street,Direct Lease,1 year,1 month,Not included,"Erevanyan street, Ijevan","130,000 ֏",AMD,The first floor of the building is for rent. The first entrance is 40 m. The second entrance to the warehouse is 35 m. Safe water toilet with three-phase current.Translated from Armenian,Nov-24-2022_22-31,,https://list.am/en/item/17428419,
Office Space,85 sq.m.,,,,,,,,,"Erevanyan street, Ijevan","250,000 ֏",AMD,"The 2nd floor of a two-story building, next to the M-4 highway, is for rent.Near YSU Ijevan Branch. The 1st floor is a functioning business, working as a Food-Court. The second floor is not renovated, it can be renovated in the way you like. Address c. Ijevan, Yerevanyan st. , 65: For more information call:Translated from Armenian",Nov-24-2022_22-31,,https://list.am/en/item/18339872,
Office Space,48 sq.m.,Available,Not available,First Line,Common from the Street,Direct Lease,1 year,By Agreement,By Agreement,Tavush › Noyemberyan,"100,000 ֏",AMD,"Million accessories store is for rent, suitable as a commercial or office space, next to a supermarket.Translated from Armenian",Nov-24-2022_22-31,,https://list.am/en/item/17048068,
Everything Else,100 sq.m.,Not available,Not available,First Line,Separate from the Street,Direct Lease,1 year,By Agreement,By Agreement,"Շահումյան փողոց 26, Դիլիջան","190,000 ֏",AMD,"Newly renovated area for rent on Dilijan Shahumyan street (Yeghniner street), on the most densely populated street of Dilijan, 1 line directly on the street, on the 1st floor of a 4-storey stone building, only for long-term, suitable for any activityTranslated from Armenian",Nov-24-2022_22-31,,https://list.am/en/item/12596173,
Retail Space,30 sq.m.,Not available,Not available,Second Line,Separate from the Courtyard,Direct Lease,6 months,2 months,By Agreement,"Kamo Street, Dilijan","90,000 ֏",AMD,"It is located on the 1st line in Dilijan, just below the speedometer coming from Yerevan. "" The area is suitable for a shop or office. It has a large area. Call for details. Negotiable:Translated from Armenian",Nov-24-2022_22-31,,https://list.am/en/item/16764783,
Retail Space,98 sq.m.,,,,,,,,,"Մայիսի 28 փողոց 2, Իջևան","90,000 ֏",AMD,"2 rooms, total 100 square meters, are for rent. May 28 street, Ijevan. There is water and electricity in the area. It is under repair. It is suitable as a workshop, car service,to use a spare parts store.Translated from Armenian",Nov-24-2022_22-31,,https://list.am/en/item/18022713,
Retail Space,100 sq.m.,Not available,Not available,First Line,Common from the Street,Direct Lease,1 year,By Agreement,By Agreement,"Շահումյան փողոց 26, Դիլիջան","190,000 ֏",AMD,"Newly renovated, utilitywith amenities, security and video surveillance computer, in the central street of Dilijan, Shahumyan street, directly on the street, suitable for any activity, 100 sq. M., only long-termTranslated from Armenian",Nov-24-2022_22-31,OUtdoor parking,https://list.am/en/item/12597719,
Retail Space,36 sq.m.,,,,,,,,,"Erevanyan street, Ijevan","100,000 ֏",AMD,"In front of the market, two-storeyTranslated from Armenian",Nov-24-2022_22-31,,https://list.am/en/item/17988790,
Retail Space,500 sq.m.,,,,,,,,,"Անկախության փողոց 23, Իջևան","950,000 ֏",AMD,"Existing shop, opened in 2014, is an operating business, if desired, can be used for other services, restaurant, clinic, supermarket, bank, etc. , has the possibility of expansion, has parking and all utilities, up to 500 m, has a basement floor,as a warehouse, close to the center, call for details ""Translated from Armenian",Nov-24-2022_22-31,,https://list.am/en/item/17385667,
Hotel,280 sq.m.,,,,,,,,,Tavush › Dilijan,"50,000 ֏",AMD,"The guest house is designed for up to 12 people. Euro-renovated 5 rooms, living room and kitchen with all utilities, hot and cold water, gas. Pavilion on the river, spacious yard, swimming pool, free Wi-Fi.Translated from Armenian",Nov-24-2022_22-31,,https://list.am/en/item/16055902,
Hotel,500 sq.m.,,,,,,,,,Tavush › Dilijan,"15,000 ֏",AMD,"Euro renovated, two-storey, with communal facilities, hot-cold water, two-room double bed, folding sofa, TV, bathroom. One room, two-bed, open sofa, TV, bathroom. Free Wi-FiTranslated from Armenian",Nov-24-2022_22-31,,https://list.am/en/item/16055096,
Retail Space,20 sq.m.,,,,,,,,,"Getapnya street, Dilijan station","40,000 ֏",AMD,"A commercial area is for rent near the 1st kindergarten. Suitable for clothing store, training groups, beauty salon. Only for long-term rent (minimum 6-12 months)Translated from Armenian",Nov-24-2022_22-31,,https://list.am/en/item/17959275,
Retail Space,20 sq.m.,,,,,,,,,"Getapnya Street, Dilijan","40,000 ֏",AMD,"Commercial area is for rent. Suitable for shop, beauty salon, training center. Lease for long term only (not less than 6 months)Translated from Armenian",Nov-24-2022_22-31,,https://list.am/en/item/17959280,
Multifunctional Space,500 sq.m.,,,,,,,,,Tavush › Ijevan,"500,000 ֏",AMD,"Ночной клуб Ijevan Purple Club. Зал 165кв. Метров. 3 занузла. 1 душевая кабина, кухня, барная стойка, комната для отдыха, комната для посудомойки, складская комната, навес для 2 машин, автостоянка для 10 машин.Есть подземный этаж (на фото) 500 кв. М. , высота подземного этажа 8 метров.",Nov-24-2022_22-31,,https://list.am/en/item/18270831,
Industrial and Manufacturing,600 sq.m.,,,,,,,,,Tavush › Ijevan,"500,000 ֏",AMD,"Electricity, water.Translated from Armenian",Nov-24-2022_22-31,,https://list.am/en/item/18268450,
Office Space,120 sq.m.,,,,,,,,,"Abovyan street, Ijevan","160,000 ֏",AMD,"The area is located on Abovyan street of Ijevan city, on the 2nd floor of a private 3-story building, it has a separate entrance. 2nd floor: 4 rooms + kitchen + bathroom, total: 90 square meters. Meter, 3rd floor: 3 rooms total: 30 sq. M. Meter It is not renovated, the moments are plastered, the floor is parquet, the bathroom is tiled. Price: Negotiable. Also available for sale.Translated from Armenian",Nov-24-2022_22-31,,https://list.am/en/item/18160913,
Office Space,42 sq.m.,,,,,,,,,"Ankakhutyan Street, Ijevan","95,000 ֏",AMD,"Q ․ In the heart of Ijjan, in the yard of the 3 Independence building / IN THE CORNER OF THE PHARMACY, Yenok street /, a two-storey multifunctional area is for rent, which can serve as a kindergarten, a place for lessons, an office, a house, a warehouse, etc. The area has light and water. Inside, there is a washbasin and a toilet. NO bath. The area is adjacent to Ijani High School and Music Schools; it can serve as a shelter for children from the village. In case of necessities it can be applied as a 2-room home. Can I borrow a sofa, bed, etc. P.If you have any questions, call.Translated from Armenian",Nov-24-2022_22-31,,https://list.am/en/item/14753011,
Office Space,152 sq.m.,,,,,,,,,"Մելիքբեկյան փողոց 4, Իջևան","220,000 ֏",AMD,"Located in the city center, the entire second floor is for rent, the total area is 152 square meters, the working area is 133 square meters, it is divided into 7 rooms. There is one bathroom, it needs renovation.Translated from Armenian",Nov-24-2022_22-31,,https://list.am/en/item/18124660,
Hotel,40 sq.m.,Available,Not available,First Line,Common from the Courtyard,Direct Lease,1 month,By Agreement,By Agreement,Tavush › Dilijan,"195,000 ֏",AMD,"The two-room part of a three-story guest house on the 1st street of Haghartsin village, Dilijan, is for rent. It has utilities and all living facilities, it is renovated and furnished. There is also a fast food outlet on the first floor. The price includes breakfast, the opportunity to use the kitchen in the guest house, the opportunity to use the spacious and bright banquet room and enjoy the beautiful view from there. For more detailed information, call the above phone number.Translated from Armenian",Nov-27-2022_19-01,,https://list.am/en/item/18418761,
Multifunctional Space,32 sq.m.,Not available,Not available,First Line,Separate from the Street,Direct Lease,1 year,3 months,Not included,"Улица Калинина, Дилижан","150,000 ֏",AMD,Помещение сдаётся на длительный срок.,Nov-27-2022_19-01,,https://list.am/en/item/18579022,
Retail Space,70 sq.m.,Available,Not available,First Line,Common from the Street,Direct Lease,1 year,By Agreement,Not included,"Թբիլիսյան խճուղի, Դիլիջան","80,000 ֏",AMD,"For rent or for sale.The price is negotiable.In case of questions, call the indicated phone number.Translated from Armenian",Nov-27-2022_19-01,,https://list.am/en/item/18628844,
Hotel,1000 sq.m.,,,,,,,,,"Kamo Street, Dilijan station","$2,000",USD,"A hotel-restaurant is for rent in Dilijan, in the part of Galavino village, right next to the Yerevan-Dilijan highway, on the bank of the river.The hotel has 7 rooms with separate bathrooms. Four of the rooms are economy, three are semi-luxury and deluxe.They are partially furnished.In the courtyard there is a beautiful spacious outdoor pavilion with individual tables.There is a multifunctional bakery. The hotel has a separate kitchen, as well as laundry facilities.There are also two spacious unrenovated rooms.Translated from Armenian",Nov-27-2022_19-01,,https://list.am/en/item/18435501,
Retail Space,45 sq.m.,,,,,,,,,"Բլբուլյան փողոց 93, Իջևան","60,000 ֏",AMD,Commercial space is for rent together with the property in Ijan city.Translated from Armenian,Nov-27-2022_19-01,,https://list.am/en/item/17981997,
Everything Else,2000 sq.m.,Available,Not available,First Line,Common from the Street,,,,,Tavush › Bagratashen,"$150,000",USD,Owner:500 m from the Bagratashen customs point.Translated from Armenian,Dec-12-2022_20-38,,https://list.am/en/item/18397631,Stone
Functioning Business,2000 sq.m.,,,,,,,,,Tavush › Dilijan,"$45,000",USD,"For sale, call for urgent detailsTranslated from Armenian",Dec-12-2022_20-38,,https://list.am/en/item/18200115,Stone
Retail Space,30 sq.m.,Available,Not available,First Line,Common from the Street,,,,,Tavush › Ijevan,"700,000 ₽",RUB,"My commercial space used to work as a grocery store. It has a storage room (small) and a sink (in the yard with the water drawn off) also an exchange with the car is also possible, I will listen to your suggestionsin case of exchange, the price depends on the product you offer and the price, it is also possible to exchange with real estate or livestock in the republic of Adygea or Severskaya rayon, as well as exchange with an apartment or own house in Ijevan, negotiableTranslated from Armenian",Dec-12-2022_20-38,,https://list.am/en/item/17915610,Stone
Everything Else,2000 sq.m.,Not available,Not available,First Line,Common from the Street,,,,,Tavush › Ijevan,"15,000,000 ֏",AMD,"Land for sale in Yenokavan village, very suitable for any business activity.It is a very beautiful place in the forestCall for detailsTranslated from Armenian",Dec-12-2022_20-38,,https://list.am/en/item/18160479,Wooden
Everything Else,13 sq.m.,,,,,,,,,"4/32 РА Тавуш марз, Бердаван","450,000 ֏",AMD,"Գտնվում է Իջևանի Աչաջուր գյուղի տարածքում։Երկարությունը 6մ։Ներսից ունի վերանորոգման կարիգ, ընդանուր վերանորոգման դեպկում գինը 600000 դրամ,Ռեալ գնորդի համար գինը սակարկելի։",Dec-12-2022_20-38,,https://list.am/en/item/15679848,Bricks
Functioning Business,300 sq.m.,,,,,,,,,Tavush › Dilijan,"$260,000",USD,"Վաճառվում է գործող հյուրատուն-սրճարան ։ Ապահովում է ստաբիլ և կայուն եկանուտ ։ Ժամանակի ընդացքում հավագել է հաճախորդների մեծ բազա և համբավ ։Շինության ընդհանուր մակերեսը կազմում է 300 քմ. + կից տարածք 100քմ. ։Կապիտալ վերանորոգված է, ունի բոլոր հարմարությունները, տաք և սառը ջուր, ջեռուցում, օդորակիչ... TV, Wi_Fi. Ամբողջությամբ կահավորված է որակյալ կահույքով և կենցաղային սեխնիկայով ։Ունի երեք հարկ, 1 ին և 3րդ հարկերը ծառայում են որպես հյուրատներ, իսկ 2րդ հարկը ծառայում է որպես կոմերցիոն սրահ, որը այս պահին տրված է վարձով ։ Վաճառվում է անձնական պատճառով ։ Շատ շտապ! Հավելյառ նկաեների կամ ինֆորմացիայի համար ցանգահարեք ։",Dec-12-2022_20-38,,https://list.am/en/item/12708233,Stone
Retail Space,33 sq.m.,Not available,Not available,First Line,Separate from the Street,,,,,"Նոյեմբերի 29-ի փողոց 1, Նոյեմբերյան","$40,000",USD,"Commercial area, 2 floors, completely renovated, has all utilities, three-phase current, will also be given for rent.Translated from Armenian",Dec-12-2022_20-38,,https://list.am/en/item/18457135,Panels
Industrial and Manufacturing,2000 sq.m.,Available,Not available,First Line,Common from the Street,,,,,Tavush › Paravakar,"$82,000",USD,"A production area is for sale at the beginning of Paravakar village, Tavush region, with a total area of 2000 square meters (the building is 200 square meters)Completely Euro renovated (door, window, Baxi system)There is a working room, a rest room, a storage room, a bathroom, a production area, a roof (can be used as a storage room), a workshop.Outside there is a pavilion for 5-6 people, a toilet, an underground cistern with a capacity of 2 tons (with its equipment)Due to its location in the border zone, it is exempt from tax obligations as a business.Everything is shown in the photos.It is possible to exchange with an equivalent apartment in Yerevan.Translated from Armenian",Dec-12-2022_20-38,Outdoor parking,https://list.am/en/item/18674051,Panels
Hotel,1000 sq.m.,Partial Furniture,Not available,First Line,Separate from the Street,,,,,"Abovyan, Dilijan","$150,000",USD,For details call there are communications in the forestTranslated from Armenian,Dec-12-2022_20-38,,https://list.am/en/item/18678355,Stone
Hotel,400 sq.m.,Available,Not available,First Line,Common from the Street,,,,,"Erevanyan street, Ijevan","$270,000",USD,"Վաճառվում է հյուրանոցային համալիր Իջևան քաղաքում, Երևան-Իջևան M4 մայրուղու 132-րդ կիլոմոտրի ձախակողմյան հատվածում, Երևանյան 45:Հյուրանոցը գտնվում է Իջևան քաղաքում, դենդրոպարկի դիմաց, անմիջապես M4 մայրուղու վրա: Շինության ընդհանուր մակերեսը 400ք. /մ. Է, ունի ավտոկայանատեղի, այգի՝ ընդհանուր 500ք. /մ. Մակերեսով:Հյուրանոցը երկրորդ հարկում ունի թվով 6 սենյակներ, լոջա (հյուրերի հանգստի համար), լվացքատուն: Բոլոր սենյակներն ունեն իրենց սան հանգույցները, կահավորված են, բոլորում տեղադրված են հեռուստացույցներ, օդափոխման համակարգեր, սառնարաններ:Առաջին հարկում գտնվում է ռեստորանը, որը նախատեսված է 70 հյուրերի համար: Ռեստորանը նույնպես հագեցված է անհրաժեշտ գույքով և սպասքով: Առաջին հարկում առկա է նաև պահեստային մաս, խոհանոց, սառնարանային մաս և այլն: Շինության կից առկա են նաև երկու առանձին տաղավարներ:",Dec-12-2022_20-38,,https://list.am/en/item/14767502,Monolith
Agricultural Space,30 sq.m.,,,,,,,,,Tavush › Chinchin,"$550,000",USD,"Livestock farm of 30 ha is for sale in Chinchin village of Tavush region. In total area. 10 ha. Production 20 ha. Arable land. It has a commercial area, 9 cattle yards each 1000 m. Square, warehouse, rabbit cages, 50,000 place incubator. The area is fenced, payment is possible in installments.Translated from Armenian",Dec-12-2022_20-38,,https://list.am/en/item/18524966,Stone
Functioning Business,20 sq.m.,,,,,,,,,"Shamakhyan Street, Dilijan station","$12,000",USD,"The land is located next to AYB school, in front of the Garden.Translated from Armenian",Dec-12-2022_20-38,,https://list.am/en/item/17324853,Wooden
Functioning Business,500 sq.m.,Available,Not available,First Line,Common from the Street,,,,,Tavush › Dilijan,"$140,000",USD,An operating business is for saleIn HaghartsinOn the M 3 interstate roadFirst lineCode 2049Translated from Armenian,Dec-12-2022_20-38,,https://list.am/en/item/17961656,Stone
Retail Space,40 sq.m.,Not available,Not available,First Line,Common from the Street,,,,,"Արցախյան փողոց 1, Իջևան","9,800,000 ֏",AMD,"The shop is located in the city of Ijevan, 1 km from the center, it is in normal condition, there are no problems with the documents, the 2nd floor is partially built, it has electricity, call for detailsTranslated from Armenian",Dec-12-2022_20-38,,https://list.am/en/item/18704136,Stone
Retail Space,100 sq.m.,Not available,Not available,First Line,Common from the Street,,,,,Tavush › Ijevan,"$55,000",USD,It is in normal conditionTranslated from Armenian,Dec-12-2022_20-38,Outdoor parking,https://list.am/en/item/18651888,Stone
Retail Space,90 sq.m.,Available,Not available,Second Line,Common from the Street,,,,,Tavush › Ijevan,"30,000,000 ֏",AMD,CHAPTER 2 Operating in the center of the business city.Translated from Armenian,Dec-12-2022_20-38,,https://list.am/en/item/17031934,Stone
Multifunctional Space,300 sq.m.,Not available,Not available,First Line,Separate from the Courtyard,,,,,"Արցախյան փողոց 114, Իջևան","60,000,000 ֏",AMD,"A two-storey multifunctional area is for sale on Artsakhyan street, Ijan city, which is suitable for almost all business activities. It is capitally renovated, fenced. Price is negotiable. The property is located directly on the street. It can serve as a hotel, restaurant, shop, big department store / mall /, paid kindergarten and school. Price is negotiable.Translated from Armenian",Dec-12-2022_20-38,,https://list.am/en/item/17300694,Stone
Functioning Business,300 sq.m.,Available,Not available,First Line,Common from the Street,,,,,Tavush › Dilijan,"$120,000",USD,Продается срочно или обмен перед оплатой квартиры в Ереване!,Dec-12-2022_20-38,,https://list.am/en/item/18420129,Stone
Hotel,150 sq.m.,Available,Not available,First Line,Common from the Street,,,,,Tavush › Dilijan,"$105,000",USD,"Շտապ վաճառվում է Դիլիջանի Հաղարծին գյուղում գտնող հյուրատունը ։ Շինությունն ընդհանուր բաղկացած է 3 հարկից։ Առաջին հարկում արագ սննդի վաճառակետ է (բիստրո) մոտ 15քմ մակերեսով, երկրորդ հարկում կա 3 բանկետային սենյակ՝ իր բոլոր հարմարություններով։ Երրորդ հարկում կա 2 փոքր հյուրատուն և 1 ընդարձակ բանկետային սենյակ։ Շինության ետնամասում կա նաև մոտ 150քմ հողատարածք, որը ևս կարելի է օգտագործել որպես կոմերցիոն տարածք, տեղադրել տաղավարներ կամ այլ նպատակի ծառայեցնել։ Շինությունը գտնվում է Դիլիջանի Հաղարծին գյուղում՝ մայրուղու հարևանությամբ (առաջին գիծ) : Ավելի մանրամասն տեղեկություն ստանալու համար զանգահարել վերը նշված հեռախոսահամարով կամ գրել Viber ու Whatsapp։",Dec-12-2022_20-38,,https://list.am/en/item/18411888,Stone
Hotel,325 sq.m.,Available,Not available,Other,Common from the Street,,,,,Tavush › Dilijan,"$370,000",USD,"Realty Consult ID` K 561Վաճառվում է գործող հյուրանոցային համալիր ք․ ԴիլիջանումՀողամաս՝ 433.8 քմՇենք-շինություն՝ 324.61 քմ Համալիրը համալրված է անհրաժեշտ կոմունիկացիաներով, համակարգերով և ինժեներական ցանցերովՇինությունը կառուցված է ժամանակակից ստանդարտներին համապատսխան, համալրված արդի ինժեներական ցանցերով, համակարգերով և կոմունիկացիաներովՇինության ներքին հարդարանանքը գտնվում է շատ լավ վիճակում, իրականացված է ժամանակակից նորմերին համապատասխանԳԻՆԸ՝ 370 000 $, որը ներառում է ողջ կահույքի և տեխնիկայի արժեքըՀամալիրը տրված է երկարաժամկետ վարձակալությանRealty Consult ID` K 561Продается действующий гостиничный комплекс в ДилижанеЗемельный участок 433.8 кв. МЖилая площадь 324.61 кв. МКомплекс оснащен необходимыми коммуникациями, системами и инженерными сетямиКомплекс построен в соответствии с современными стандартами, обеспечен всеми необходимыми инженерными сетями, системами и коммуникациямиВнутренняя отделка очень хорошая, выполнена в соответствии с современными требованиями ЦЕНА: 370 000$, включая стоимость всей мебели и техникиКомплекс сдается в долгосрочную аренду Realty Consult ID` K 561 Sale a hotel complex, which operates nowArea lot 433․8 sq. MResidential building 324․61 sq. M The hotel complex is replenished with necessary communications and engineering networks The building is built in modern standarts and with engineering networksThe interior of the house is in a perfect condition, it is made with modern standartsPrice 370 000 $, which including the all furniture and applianceThe complex is for long-term lease",Dec-12-2022_20-38,,https://list.am/en/item/18584012,Stone
Functioning Business,60 sq.m.,Available,Not available,First Line,Separate from the Courtyard,,,,,"Կամոյի փողոց 120, Դիլիջան","$32,000",USD,For sale!Exchanged!On the Yerevan-Dilijan highwayThe 1st floor is a shop2nd floor guest house (Newly renovated)Translated from Armenian,Dec-12-2022_20-38,Outdoor parking,https://list.am/en/item/11474249,Stone
Building,110 sq.m.,Not available,Not available,Other,Common from the Street,,,,,"Shamakhyan Street, Dilijan station","$17,000",USD,"A stone building is for sale or rent, it worked as a shop, 72 square meters, there is a spare part of about 50 square meters, it is not in the plan, but ours. It needs renovation. I have just changed the roof profile ($ 2000) to make it possible as a house. There is three-phase electricity, it can become a workshop. I may exchange with the car for an additional fee by you, or equivalent, it can be a truck, or whatever you offer, you can write and I will answer.Translated from Armenian",Dec-12-2022_20-38,,https://list.am/en/item/15639660,Stone
Industrial and Manufacturing,190 sq.m.,Not available,Not available,First Line,Common from the Street,,,,,Tavush › Ijevan,"$38,000",USD,"It is located on the first line. The front part is 4 meters. Address: Q. Ijan, Yeryanyan street. It is located in Ijan on the M4 highway. Can be used as a business area. Significance of production: (Land in Ijan) It is privatized. LandTranslated from Armenian",Dec-12-2022_20-38,,https://list.am/en/item/16979753,Stone
Functioning Business,45 sq.m.,Available,Not available,First Line,Separate from the Street,,,,,Tavush › Dilijan,"$65,000",USD,"An object of public importance is for sale. In DilijanThe house is renovated, equipped with all modern conditions, it is furnished.At the moment, the object is a working guest house / the rating on the Booking website is 9.6/The object can serve as an office space, it is also suitable for other purposes (dental clinic, pharmacy, beauty salon)Translated from Armenian",Dec-12-2022_20-38,,https://list.am/en/item/18434143,Stone
Everything Else,150 sq.m.,Available,Not available,First Line,Common from the Street,,,,,Tavush › Dilijan,"$27,000",USD,"The wooden fast food outlet (Bistro) located in Haghartsin village of Dilijan is for sale. It has an area of 150 square meters, which includes outdoor pavilions, a kitchen with all its facilities (shawarma maker, draft beer maker, refrigerators and other accessories) It also has the possibility to expand by adding booths in the free space. To get more detailed information, call the above phone number or write Viber and Whatsapp.Translated from Armenian",Dec-12-2022_20-38,,https://list.am/en/item/18464690,Wooden
Multifunctional Space,30 sq.m.,Available,Not available,Other,Separate from the Courtyard,,,,,Tavush › Noyemberyan,"$1,850",USD,I am selling a 10-meter round cottage.Translated from Armenian,Dec-12-2022_20-38,,https://list.am/en/item/16149348,Cassette
Industrial and Manufacturing,27 sq.m.,Not available,Not available,Other,Separate from the Courtyard,,,,,"Ankakhutyan Street, Ijevan","$12,500",USD,It is located in front of the Russian school. Private property for sale. A three-phase high-power transformer is available. The price is final. Also exchange with a car.Translated from Armenian,Dec-12-2022_20-38,,https://list.am/en/item/17311958,Stone
Retail Space,28 sq.m.,,,,,,,,,Tavush › Dilijan,"$40,000",USD,Продам магазин в центре города Дилижан ул. Мясникяна,Dec-12-2022_20-38,,https://list.am/en/item/17909789,Wooden
Agricultural Space,865 sq.m.,Partial Furniture,Not available,Other,Common from the Street,,,,,"Շամախյան փողոց, Դիլիջան","$240,000",USD,"An existing animal farm in Dilijan for pig breeding is for sale.The livestock farm consists of 4 buildings, the area is fenced.The total area of the building is 865 square meters, with the right of ownership. The area of the adjoining land is 6000 square meters with a 25-year lease.There is a refrigerator, butchery. A video surveillance system is in place.Price: 240,000 USDTranslated from Armenian",Dec-12-2022_20-38,Outdoor parking,https://list.am/en/item/18678208,Stone
Retail Space,200 sq.m.,Not available,Not available,First Line,Common from the Street,,,,,Tavush › Ijevan,"$93,000",USD,Located in Ijevan. In front of the university.200 square meters.On the main Ijevan-Yerevan road.It also has a car wash.The price is negotiable.Those who want real should call.Urgent. Negotiable.Translated from Armenian,Dec-12-2022_20-38,,https://list.am/en/item/17637185,Stone
Retail Space,180 sq.m.,Available,Not available,Second Line,Separate from the Street,,,,,"Արցախյան փողոց, Իջևան","45,000,000 ֏",AMD,"A three-story trade hall (shop) is for sale. The building is located in Ijevan city, near the market, exchange is possible with DAF, MAN, IVECO, JCB, CAT, KAMAZ6520-65115 types of equipment in Armenia and Russia. Call whatsapp-viberTranslated from Armenian",Dec-12-2022_20-38,,https://list.am/en/item/17969184,Stone
Functioning Business,4000 sq.m.,,,,,,,,,Tavush › Ijevan,"$110,000",USD,"Auto gas station on the Ijevan - Berd road ""urgent""Translated from Armenian",Dec-12-2022_20-38,,https://list.am/en/item/17979486,Stone
Retail Space,240 sq.m.,,,,,,,,,Tavush › Ijevan,"$95,000",USD,Магазин + пекарня 2 этажа. Мансардный этаж 6 комнат под гостиницу.,Dec-12-2022_20-38,,https://list.am/en/item/17382632,Stone
Retail Space,340 sq.m.,,,,,,,,,"Улица Шаумяна, Дилижан","$140,000",USD,Есть газ вода свет два фаза и три ваза есть подробно звонитеШаумяна 12в Аренду тоже,Dec-12-2022_20-38,,https://list.am/en/item/16443846,Panels
Retail Space,20 sq.m.,Not available,Not available,First Line,Common from the Street,,,,,"Մայիսի 28 փողոց 2, Իջևան","500,000 ֏",AMD,"Mobile iron-concrete structure 4 m. -5 m. On it, with a tin roof. Renovated inside and out. The building is for sale without land.Translated from Armenian",Dec-12-2022_20-38,,https://list.am/en/item/16239581,Monolith
Industrial and Manufacturing,2815 sq.m.,,,,,,,,,"Արցախյան փողոց, Իջևան","$40,000",USD,"It is located near Ijjan military unit, it is suitable for workshops, warehouses and to carry out other similar functions, the price is negotiable, it is possible - part in cash, part closed or part in cash, in exchange with the apartment, to arrange, for more details, call the mentioned numbers. With other convenient offers.Translated from Armenian",Dec-12-2022_20-38,,https://list.am/en/item/16070813,Stone
Hotel,1000 sq.m.,Not available,Not available,First Line,Common from the Street,,,,,Tavush › Dilijan,"$340,000",USD,"Newly built guest house, 11 rooms, 8 bathrooms, has three-phase electricity, gas, water, sewage, earthquake resistant, surface area 400 sq/m.Translated from Armenian",Dec-12-2022_20-38,Outdoor parking,https://list.am/en/item/18655741,Monolith
Everything Else,2600 sq.m.,Not available,Not available,Other,Common from the Street,,,,,"Erevanyan street, Ijevan","1,000 ֏",AMD,"26000 m2, located in front of Azatamut Price per square meter 1000 AMD, urgentTranslated from Armenian",Dec-12-2022_20-38,,https://list.am/en/item/12125256,Stone
Retail Space,15 sq.m.,Not available,Not available,First Line,Common from the Street,,,,,Tavush › Ijevan,"7,155,000 ֏",AMD,"The property is a Bank Collateral that is in BANKRUPTCY auction.Tavush marz, c. A real estate (house) is located at 20/2, Independence Street, Ijevan, 15.34 square meters, the walls of the building are stone, the number of floors in the building is 5 floors, the floor of the premises is the first floor, the entrance door is made of metal plastic, it has no windows. The interior decoration of the area is in average good condition.You can also purchase the presented property through lending by the Bank, with the current lending terms and rates.! Attention!The property is encumbered by actual users, whose eviction and all necessary costs and actions arising from the contract will be carried out by the successful bidder.Translated from Armenian",Dec-12-2022_20-38,Outdoor parking,https://list.am/en/item/18689611,Stone
Retail Space,12 sq.m.,Not available,Not available,First Line,Common from the Street,,,,,Tavush › Ijevan,"4,950,000 ֏",AMD,"The property is a Bank Collateral that is in BANKRUPTCY auction.Tavush marz, c. A store is located at 40/5 Ganini Street, Ijevan: 11.64 square meters, plot: 14 square meters. The walls of the building are made of stone, the entrance door is made of plastic, it has no refrigerator. The interior decoration of the area is in average to poor condition.You can also purchase the presented property through lending by the Bank, with the current lending terms and rates.! Attention!The property is encumbered by actual users, whose eviction and all necessary costs and actions arising from the contract will be carried out by the successful bidder.Translated from Armenian",Dec-12-2022_20-38,,https://list.am/en/item/18689594,Stone
Restaurant,262 sq.m.,Not available,Not available,First Line,Common from the Street,,,,,"Erevanyan street 10, Ijevan","$220,000",USD,A restaurant is for sale in the center of Ijevan. The area of the restaurant is 262 m2. The size of the land is 522 m2.Translated from Armenian,Dec-12-2022_20-38,,https://list.am/en/item/16435992,Stone
Multifunctional Space,150 sq.m.,Available,Not available,First Line,Separate from the Courtyard,,,,,"Kalinini street, Dilijan station","21,000,000 ֏",AMD,"Commercial (near) house on Kalinin street, communal facilities, water, electricity, internet, bathroom are for sale. At the moment it serves as a warehouse.Call for details.Translated from Armenian",Dec-12-2022_20-38,,https://list.am/en/item/17766457,Stone
Functioning Business,500 sq.m.,Available,Not available,First Line,Common from the Street,,,,,Tavush › Ijevan,"55,000,000 ֏",AMD,"Готовая многофункциональная здания. Зал 165кв. Метров. 3 занузла. 1 душевая кабина, кухня, барная стойка, комната для отдыха, комната для посудомойки, складская комната, навес для 2 машин, автостоянка для 10 машин. Электричество и постоянная вода.Есть закрытый подземный этаж 500 кв. М. , высота подземного этажа 10 метров. Адрес объекта город Иджеван, улица Василян 4\20 (Напротив ГАИ) Собственник один.",Dec-12-2022_20-38,,https://list.am/en/item/17373185,Monolith
Hotel,500 sq.m.,Not available,Not available,Second Line,Separate from the Street,,,,,"Kamo Street, Dilijan station","$350,000",USD,"Երկհարկանի նորակառույց քարե շենք նախատեսված հյուրատան համար, ունի 7 հատ 1 և 8 հատ 2 սենյականոց տարածքներ, լվացքատուն, եռաֆազ հոսանք, խոհանոց, 2 հատ 1 սենյականոց VIP սրահներԿոդ 44391",Dec-12-2022_20-38,,https://list.am/en/item/14869440,Stone
Multifunctional Space,428 sq.m.,,,,,,,,,"Улица Мясникяна, Дилижан","$420,000",USD,"2-storey detached building for sale in the center of Dilijan, on Myasnikyan street, has an entrance directly from the street, is architecturally separated from the adjacent buildings, is suitable for a hotel, guest house, restaurant complex,food facility and for other business purposes.It is possible to exchange an apartment with equivalent real estate in Yerevan or Russia.Translated from Armenian",Dec-12-2022_20-38,,https://list.am/en/item/8385792,Stone
Multifunctional Space,2000 sq.m.,Not available,Not available,Other,Separate from the Street,,,,,Tavush › Dilijan,"$140,000",USD,Code T339:Commercial area for sale in Dilijan. The total area is 2000 square meters. There is a 2-storey building in the area. There is a living room and a kitchen on the 1st floor. There are 3 bedrooms on the 2nd floor with their bathrooms. There are also 2 wooden huts. The total area of the document is 900 square meters.Code T-339Translated from Armenian,Dec-12-2022_20-38,,https://list.am/en/item/17388759,Stone
Hotel,1700 sq.m.,Not available,Not available,Other,Separate from the Street,,,,,Tavush › Dilijan,"$800,000",USD,"Code T362:Commercial area for sale in Dilijan. The total area is 1700 square meters, and the land is 1950 square meters. The area needs renovation. Stained glass windows are installed, wall partitions are made. Communications are available. Suitable for hotel.Code T-362Translated from Armenian",Dec-12-2022_20-38,,https://list.am/en/item/17613548,Stone
Hotel,930 sq.m.,Available,Not available,Other,Separate from the Street,,,,,"Կամոյի փողոց, Դիլիջան","$700,000",USD,"Code T335A 4-storey hotel is for sale in Dilijan. The total area is 520 square meters, and the land area is 930 square meters. The area has been completely renovated. The 1st floor, which is the basement, has a hall, a sauna, a swimming pool, a bathroom. On the 2nd floor there are 3 bedrooms with their own bathrooms, 2 of which have a jacuzzi. The entrance to the hotel starts from the 3rd floor, where there is a lobby, kitchen, restaurant, barbecue, 2 bathrooms, an open balcony. On the 4th floor there are 3 bedrooms, 1 of which has been converted into 2 rooms.Translated from Armenian",Dec-12-2022_20-38,,https://list.am/en/item/17377350,Stone
Hotel,3946 sq.m.,Not available,Not available,Other,Separate from the Courtyard,,,,,Tavush › Dilijan,"$1,240,000",USD,"A holiday zone for sale in one of the most beautiful places in Dilijan.The recreation zone-park is built on a total land area of 7200 square meters.The complex includes 5 small and 4 large cottages.Two of the cottages are completely renovated, and seven are in zero condition.The hotel building is half-built. Only 2 floors are built.The building has 13 rooms, a swimming pool, recreation and entertainment halls.The sale price of the complex is 1,240,000 AMD equivalent to USD.In order to buy and see the complex, a Service Agreement is signed. Please have an identity document with you.Code: 0313-61238Translated from Armenian",Dec-12-2022_20-38,,https://list.am/en/item/18072971,Monolith
Retail Space,14 sq.m.,,,,,,,,,"Erevanyan street, Ijevan","$20,500",USD,"Urgently for sale! The area is located in the center of the city.If you have any questions, call the mentioned phone number.Exchange with a car! Equivalent or at your surcharge!Translated from Armenian",Dec-12-2022_20-38,,https://list.am/en/item/17504444,Wooden
Retail Space,30 sq.m.,Not available,Not available,First Line,Common from the Street,,,,,Tavush › Ijevan,"$29,000",USD,It is located in front of the market. For more information callTranslated from Armenian,Dec-12-2022_20-38,,https://list.am/en/item/18430535,Cassette
Industrial and Manufacturing,260 sq.m.,Not available,Not available,Other,Separate from the Courtyard,,,,,Tavush › Ijevan,"$15,000",USD,"Շտապ վաճառվում կամ տրվում է վարձակալության ընդհանուրը 260 քմ շինություն, որից 70 քմ պանելային և ծածկով, մնացածը առանց ծածկ, ունի 1200 քմ, հողատարածք, բնության գրկում, ցանկապատված, կա ջուր, լույս, ճանապարհը լավ: Կարող է ծառայել թէ անասնաֆերմա, թէ արտադրության համար, որպես սահմանամերձ ազատված եկամտահարկերից: /15.000 դոլլար, վարձակալություն կպայմանավորվենք:Срочно продается или сдается в аренду здание общей площадью 260 кв. М, из них 70 кв. М с панельной крышей, остальные без крыши, имеет 1200 кв. М, земельный участок, в окружении природы, огорожен забором, есть вода, светлая, дорога хорошая. Может использоваться как для животноводства, так и для производствакак освобождение от подоходного налога на границ.15000$, договоримся об аренде.Urgently for sale or rent a total of 260 square meters of building, of which 70 square meters with panel և roof, the rest without roof, has 1200 square meters, land, surrounded by nature, fenced, there is water, light, the road is good. Can be used for both livestock and production. As exempt from income tax at the border. , $ 15,000, we will agree on a",Dec-12-2022_20-38,,https://list.am/en/item/17604095,Stone
Functioning Business,1650 sq.m.,,,,,,,,,Tavush › Bagratashen,"$109,999",USD,"It is complete with all communication adaptations, everything is automated, everything works, for the rest of the questions, I will negotiate over the phoneTranslated from Armenian",Dec-12-2022_20-38,,https://list.am/en/item/18088727,Stone
Multifunctional Space,104 sq.m.,Not available,Not available,First Line,Separate from the Street,,,,,Tavush › Gandzakar,"$22,000",USD,"The building is located near Gandzakar municipality, it is of public construction, it has water, electricity (three-phase), it has an area of 500 square meters.Translated from Armenian",Dec-12-2022_20-38,,https://list.am/en/item/16787787,Stone
Retail Space,35 sq.m.,Not available,Not available,First Line,Common from the Street,,,,,"Ankakhutyan Street, Ijevan","$70,000",USD,"It is located near the Glamor store, and is now rented outTranslated from Armenian",Dec-12-2022_20-38,,https://list.am/en/item/18184958,Panels
Hotel,1700 sq.m.,Available,Not available,First Line,Common from the Street,,,,,Tavush › Dilijan,"$750,000",USD,"A hotel is for sale in the city of Dilijan.The total area of the land is 1700 square meters.The land has public importance.Selling price: 750,000 USDCode: AH-K323Translated from Armenian",Dec-12-2022_20-38,,https://list.am/en/item/17619098,Stone
Everything Else,30 sq.m.,Not available,Not available,First Line,Common from the Street,,,,,"Արցախյան փողոց, Իջևան","$2,000,000",USD,"Ijevan Stadium. Hotel, sport, gym, swimming pool. Everything. 3 hectaresTranslated from Armenian",Dec-12-2022_20-38,,https://list.am/en/item/17505466,Stone
Building,500 sq.m.,Available,Not available,First Line,Separate from the Street,,,,,Tavush › Dilijan,"$150,000",USD,"Продается капитальное здание, 3 этажа, 500 м2, в Дилижане' Хачардзане. Територия- 1800 м2.Одна комната полностью отремонтирована, столовая частично отремонтирована.Ворота с дистанционным управлением, солнечная электростанция, трехфазное электричество, бесплатная вода 24/7, газ, безлимитный бесплатный интернет, система орошения, система видеонаблюдения, возможен выход к реке Хачардзан.Он расположен на треккинговом маршруте TCT, посреди Агавнаванка и Гошаванка.Цена договорная.",Dec-12-2022_20-38,,https://list.am/en/item/18265854,Stone
Industrial and Manufacturing,1591 sq.m.,Not available,Not available,Second Line,Common from the Street,,,,,Tavush › Berd,"7,059,664 ֏",AMD,"The property is the Bank's collateral, which is at the ARCS auction.Tavush region, Berd community, Paravakar village, 12 street, administrative building No. 3, 1590.97 sq. M., public construction land: 785 sq. M. The building has two floors, has a semi-basement, twenty-eight rooms, the walls are made of tuff stone, plastered from the outside, the mezzanine roof is made of solid concrete, the base is made of solid concrete, the windows are wooden, the entrance door is wooden, the inner doors are wooden, with glass. Electricity, water, parking in the yard.You can also purchase the presented property through crediting by the Bank with the current credit terms and tariffs.! Attention!The property is encumbered with actual users, whose eviction բոլոր all necessary costs arising from the contract and actions will be performed by the successful bidder.Translated from Armenian",Dec-12-2022_20-38,,https://list.am/en/item/13831162,Stone
Retail Space,85 sq.m.,,,,,,,,,Tavush › Haghartsin,"$32,000",USD,"A shop is for sale, which is located in the center of Haghartsin village, on the M4 highway, the shop is furnished, it has everything, it has a garage.The shop is for rentTranslated from Armenian",Dec-12-2022_20-38,,https://list.am/en/item/17385593,Stone
Functioning Business,28 sq.m.,,,,,,,,,"Ankakhutyan Street, Ijevan","$70,000",USD,"An existing shop in the center of Ijevan is for sale, along with the product range and property. The price is $70,000Translated from Armenian",Dec-12-2022_20-38,,https://list.am/en/item/18349150,Stone
Building,400 sq.m.,Available,Not available,First Line,Separate from the Street,,,,,Tavush › Ijevan,"80,000,000 ֏",AMD,"The building is located in the city center, 5 floors, with all utilities, 1,2. The floors were renovated, 3 partially, the area adjacent to the building is 100 sq. M. M, the building is suitable for any type of use, exchange options are possible, Negotiable, call, Urgent.Translated from Armenian",Dec-12-2022_20-38,,https://list.am/en/item/17137613,Stone
Multifunctional Space,1470 sq.m.,Not available,Not available,First Line,Common from the Street,,,,,Tavush › Dilijan,"$650,000",USD,"В одном из красивейших мест в Армении, г. Дилижане продается мнoгофункционнальное 5 этажное здание (новостройка) площадью 1470 кв, м под крышей. Идеально подходит под гостиницу, дом отдыха, дачу и, т, дс прилежащей к нему землей в 1га.Цена договорная.",Dec-12-2022_20-38,,https://list.am/en/item/16968988,Stone
Multifunctional Space,315 sq.m.,By agreement,Available,First Line,Common from the Street,,,,,"Улица Ереванян 7/7, Иджеван","99,000,000 ֏",AMD,Վաճառվում է կոմերցիոն եռահարկ շինություն բոլոր տեսակի հասարակական գործունեության համար:Продается трехэтажное коммерческое здание для всех видов общественной деятельности.,Dec-12-2022_20-38,,https://list.am/en/item/16044394,Stone
Agricultural Space,117 sq.m.,Not available,Not available,Other,Separate from the Courtyard,,,,,Tavush › Norashen,"285,404 ֏",AMD,"The property is the Bank's collateral, which is in the BANKRUPTCY auction.In Norashen village of Tavush region, a cattle barn is 117.0 square meters, the land area is 0.025 hectares.You can also purchase the presented property through crediting by the Bank with the current credit terms and tariffs.! Attention!The property is encumbered with actual users, whose eviction բոլոր all necessary costs arising from the contract and actions will be performed by the successful bidder.Translated from Armenian",Dec-12-2022_20-38,,https://list.am/en/item/17864781,Stone
Multifunctional Space,1000 sq.m.,,,,,,,,,Tavush › Ijevan,"$140,000",USD,The area is next to the main highway.Translated from Armenian,Dec-12-2022_20-38,,https://list.am/en/item/17645245,Stone
Hotel,2000 sq.m.,,,,,,,,,"13-րդ փողոց, Հաղարծին","$100,000",USD,Existing commercial premises for sale together with two stone guest houses. The area is located on the Dilijan Ijevan road. Provided with utilities. For more information call:Translated from Armenian,Dec-12-2022_20-38,,https://list.am/en/item/18277345,Stone
Office Space,188 sq.m.,,,,,,,,,Tavush › Dilijan,"43,000,000 ֏",AMD,"(Code 12/005) Office for sale in Dilijan city, the area is 188.5 sq/m, and the plot size is 400 sq/m. Purpose of land: Industrial, subsoil use and other production purpose, operational purpose or plot: Public development, type of right: Ownership. The plot is 400 sq/m in the certificate, but in fact it is 840 sq/m and at the time of sale, the given additional 440 sq/m will be legalized. The office has gas, electricity, and water and sewage are available, the price is AMD 43,000,000. Attention, call only honest, conscientious, civilized and adequate people who are ready to cooperate with the real estate agency. Don't write a letter, call for all discussions. Dear buyers, the nature of the work is such that the agency does not provide a specific address over the phone. We hope you will be understanding. Citizens who speak in munat or do not answer calls, do not call, we do not work with you. I repeat once again, no address is provided over the phone.Translated from Armenian",Dec-12-2022_20-38,,https://list.am/en/item/13674650,Stone
Agricultural Space,1800 sq.m.,,,,,,,,,Tavush › Gandzakar,"4,200,000 ₽",RUB,Подробности по телефону,Dec-12-2022_20-38,,https://list.am/en/item/18566321,Panels
Building,328 sq.m.,,,,,,,,,"Getapnya street, Dilijan station","$275,000",USD,"Unfinished 3-storey multifunctional building in Dilijan, on Getapnya street, in front of the city park and stadium.The size of the land is 110 square meters.Riverside 6aDilijan, Dilijan:Getapnya street, DilijanA half-built 3-storey mass-functional building is for rent in Dilijan.It is possible to rent both in this condition and in a renovated condition.Exchange is possibleTranslated from Armenian",Dec-12-2022_20-38,,https://list.am/en/item/9803144,Stone
Functioning Business,2400 sq.m.,,,,,,,,,Tavush › Dilijan,"$1,200,000",USD,"In one of the best tourism centers of Armenia, Dilijan, a newly built recreation area is for sale.In the recreation area there is:4 beautiful wooden houses (cottages), one with its own private pool and saunaa two-story structure intended for administrative workplaygroundparking for 14 carstechnical sectionguard post24 hour security systemThis cozy corner is the best way to relax.Sale price: 1,200,000 USDCode: AH-K05Translated from Armenian",Dec-12-2022_20-38,,https://list.am/en/item/17683398,Wooden
Functioning Business,2400 sq.m.,,,,,,,,,Tavush › Dilijan,"$1,200,000",USD,"In one of the best tourism centers of Armenia, Dilijan, a newly built recreation area is for sale.In the recreation area there is:4 beautiful wooden private houses (cottages), one of which has its own private pool and saunaa two-story building intended for administrative workplaygroundparking lot for 14 carstechnical sectionguard post24 hour security systemThis cozy corner is the best way to relax.Sale price: 1,200,000 USDCode: GS-K05Translated from Armenian",Dec-12-2022_20-38,,https://list.am/en/item/17681785,Wooden
Hotel,1700 sq.m.,,,,,,,,,Tavush › Dilijan,"$800,000",USD,"Unrenovated two-story hotel for sale in the city of Dilijan, in the forest.The total area of the land is 1700 square meters.The land has public importance.Selling price: 800,000 USDCode: GS-K323Translated from Armenian",Dec-12-2022_20-38,,https://list.am/en/item/17630457,Stone
Everything Else,600 sq.m.,,,,,,,,,Tavush › Dilijan,"$180,000",USD,Hotel or restaurant area for sale in Dilijan. Partial sale is possible. Price is negotiableTranslated from Armenian,Dec-12-2022_20-38,,https://list.am/en/item/15851124,Stone
Multifunctional Space,3478 sq.m.,,,,,,,,,Tavush › Ijevan,"108,000,000 ֏",AMD,"Собственность, 3478кв. Метров земли, 600 кв. М зал, бассейн на первом этаже и 3 комнаты на 2 этаже, разрешение на строительство, постоянная вода и канализация, 80 киловатт трехфазный ток, асфальтированная стоянка на много машин, одна граница территории: Стена военной полиции, другая 94 метров трассы м4 (улица Ереванян) В черте города Иджеван. Торг уместен.",Dec-12-2022_20-38,,https://list.am/en/item/18268549,Monolith
Functioning Business,6500 sq.m.,,,,,,,,,"Parz Lich street, Dilijan station","$670,000",USD,"Code T240:An operating business is for sale in Dilijan, on Parz Lake street. The total area is 6500 square meters, of which 3500 square meters are privatized. Suitable for any activity.Code T-240Translated from Armenian",Dec-12-2022_20-38,,https://list.am/en/item/13906732,Stone
Functioning Business,73 sq.m.,,,,,,,,,Tavush › Ijevan,"$40,000",USD,"(Code 05/11) An object for sale in the city of Ijevan, next to the river, has 2 buildings with the areas of 35.31 sq/m and 38.25 sq/m, and the plot size is 601.9 sq/m. The facility has electricity, 24-hour water, sewage, has pavilions, is suitable for use as a shopping hall, hotel or food court, the price is 40,000 USD. The object is also exchanged for an apartment in the cities of Ijevan, Dilijan, Yerevan, or in the regional centers of the RA marzes together with our or your additional payment, depending on the value of your apartment. The object is also exchanged for a car, we will listen to your offers. Attention, call only honest, conscientious, civilized and adequate people who are ready to cooperate with the real estate agency. Don't write a letter, call for all discussions. Dear buyers, the nature of the work is such that the agency does not provide a specific address over the phone. We hope you will be understanding. Citizens who speak in munat or do not answer calls, do not call, we do not work with you. I repeat once again, no address is provided over the phone.Translated from Armenian",Dec-12-2022_20-38,,https://list.am/en/item/17285012,Stone
Office Space,100 sq.m.,,,,,,,,,Tavush › Ijevan,"$60,000",USD,"Urgently for sale a two-storey commercial area of 100 square meters, in the city of Ijjan, on the first line of the main highway ․ The area is fully renovated and has all the communal conditions ․ Has inside and outside stairs ․ Only real buyers should call ․ Suitable for any type of activity ․Translated from Armenian",Dec-12-2022_20-38,,https://list.am/en/item/5984503,Stone
Industrial and Manufacturing,1029 sq.m.,,,,,,,,,Tavush › Ijevan,"$62,500",USD,"Հովք համայնքում վաճառվում է արտադրական տարածք՝ 519քմ անասնաշենք, 130քմ աշխատակիցների սենյակ, 380քմ հողատարածք.",Dec-12-2022_20-38,,https://list.am/en/item/16248793,Stone
Agricultural Space,220 sq.m.,,,,,,,,,Tavush › Lusahovit,"4,300,000 ֏",AMD,"Livestock farm in Ijevan, 3 km from the city.Translated from Armenian",Dec-12-2022_20-38,,https://list.am/en/item/18287061,Stone
Building,690 sq.m.,,,,,,,,,"Մյասնիկյան փողոց 62, Դիլիջան","$245,000",USD,"A three-storey, half-built building is for sale in the center of Dilijan, with a total area of 690 square meters. Completion rate of the building is 50%. The total land area is 273 square meters. The building is suitable for any commercial activity (hotel, hotel, apartment building, business center, etc.)Address: C. Dilijan, Myasnikyan 62/2Translated from Armenian",Dec-12-2022_20-38,,https://list.am/en/item/12365204,Panels
Retail Space,80 sq.m.,,,,,,,,,"Maksim Gorky Street, Dilijan station","350,000 ֏",AMD,"A space for rent in the city of Dilijan, near the bus station. The area is provided with gas, water, three-phase electricity, ventilation system and utilities. Can be used as a cafe, shop, food factory, etc. In case of questions, call the indicated phone number.Translated from Armenian",Dec-12-2022_20-38,,https://list.am/en/item/17374387,Stone
Hotel,270 sq.m.,,,,,,,,,Tavush › Bagratashen,"$80,000",USD,Commercial area in Bagratashen is for sale or rent. The area is located 800 m from the Armenia-Georgia customs point ․ away from the main road. It works as a hotel and food point. An exchange with an apartment in Yerevan is possible.Translated from Armenian,Dec-12-2022_20-38,,https://list.am/en/item/17617538,Stone
